flow_index,protocol,duration_us,packet_count
1,1,0,1
8,6,262218420,24
17,1,0,1
21,6,272221652,127
23,1,0,1
24,1,0,1
27,6,0,1
32,6,0,1
42,17,0,1
49,1,0,1
51,1,0,1
60,1,0,1
64,6,269016532,16
67,6,0,1
69,17,0,1
82,1,0,1
89,6,12349270,5
95,1,0,1
102,6,177507089,2
105,6,43673795,18
106,1,0,1
109,17,0,1
110,1,0,1
112,6,529600,4
113,1,0,1
114,6,72481427,2
126,17,0,1
129,6,137539267,5
134,17,0,1
135,6,37356033,5
144,6,3829925,25
152,1,195619821,4
153,6,197136980,8
158,6,46914195,9
162,6,13950259,4
169,6,12366472,5
171,6,3689793,14
174,1,216196675,4
175,6,24120253,5
181,1,0,1
185,6,42432305,15
187,6,85294807,5
192,1,0,1
193,6,0,1
210,1,0,1
212,17,0,1
213,1,0,1
214,17,0,1
218,6,50306478,5
225,6,142865634,12
231,6,0,1
234,6,1342,2
235,6,54266938,7
237,17,0,1
245,6,23531448,4
254,1,0,1
259,6,148471715,6
260,1,0,1
263,17,116118899,2
265,6,269109767,39
269,1,160503905,7
274,1,0,1
276,1,0,1
277,1,0,1
287,6,0,1
296,1,0,1
297,1,36560927,2
299,6,28589906,6
302,6,1557882,2
308,1,0,1
315,1,0,1
317,17,0,1
327,1,0,1
328,1,101653159,2
329,6,12289925,5
330,6,0,1
334,17,30518483,2
335,17,4305,15
337,6,205755855,15
341,1,0,1
348,1,0,1
358,17,0,1
364,1,0,1
366,1,0,1
370,6,5125081,3
371,6,10258767,4
372,1,0,1
373,1,204555071,2
383,6,0,1
387,1,186257895,2
391,6,465079,10
401,6,25907,2
405,1,0,1
409,6,387,2
413,17,0,1
427,6,52118711,7
431,1,0,1
449,6,11112700,2
458,6,126989785,2
459,17,0,1
464,1,0,1
472,1,0,1
473,17,0,1
474,1,24850708,2
486,17,0,1
495,1,0,1
505,6,91479144,5
506,6,51263316,4
511,1,0,1
513,6,0,1
528,6,3110993,14
530,1,0,1
538,6,5508518,2
544,6,0,1
545,17,0,1
555,6,2949408,14
561,17,0,1
562,17,0,1
566,6,21807998,2
568,6,63686381,2
570,6,39097184,2
577,6,258754295,69
585,6,0,1
589,6,0,1
590,6,0,1
603,6,0,1
605,17,0,1
619,6,0,1
620,6,71710056,6
624,1,0,1
629,6,20989593,4
633,6,12177797,5
635,1,0,1
636,6,39624844,13
649,6,118222045,2
651,6,276592016,40
653,1,0,1
655,1,0,1
656,6,66047271,2
657,17,0,1
664,17,0,1
669,6,55442149,3
672,6,5675729,6
678,1,0,1
681,1,0,1
691,1,196088440,3
694,6,2461037,29
701,6,0,1
709,6,276412565,99
713,1,0,1
722,6,0,1
725,1,0,1
729,17,0,1
733,1,0,1
741,6,0,1
745,1,0,1
747,1,200929753,2
759,6,3391828,3
765,1,0,1
773,1,0,1
779,17,0,1
785,6,0,1
800,6,42660283,11
803,6,0,1
806,6,39906997,7
807,1,0,1
815,1,202622414,3
817,1,0,1
823,6,44204593,2
825,1,0,1
826,1,0,1
829,1,0,1
831,17,11480445,2
839,6,0,1
840,6,22148775,11
849,1,203172503,3
864,17,0,1
866,17,0,1
867,1,0,1
869,1,0,1
873,1,0,1
889,17,272674414,35
902,1,112823050,7
906,1,0,1
908,6,0,1
909,17,0,1
921,6,12389640,5
922,6,21454600,4
926,6,0,1
929,6,278777371,102
931,6,18754515,4
945,1,0,1
961,6,203258279,5
976,17,0,1
985,17,0,1
988,6,31551688,3
993,6,0,1
1021,1,0,1
1022,6,0,1
1024,1,0,1
1028,17,0,1
1030,17,279586020,4
1031,1,0,1
1037,1,0,1
1038,1,0,1
1042,17,110791003,2
1044,17,0,1
1065,1,0,1
1067,6,3815894,4
1069,1,222832751,3
1073,17,0,1
1074,6,14832432,5
1075,17,81145646,2
1080,1,0,1
1082,6,0,1
1084,1,0,1
1087,6,21827955,4
1088,1,27933849,2
1089,6,106562547,14
1090,1,0,1
1103,6,0,1
1105,17,0,1
1110,1,0,1
1114,17,16613071,3
1120,6,3462817,7
1124,17,0,1
1127,6,228636958,4
1133,6,0,1
1135,1,0,1
1137,6,84968646,5
1138,6,5302894,3
1140,17,0,1
1148,17,0,1
1149,6,0,1
1150,1,200937561,2
1153,1,0,1
1155,17,0,1
1165,6,0,1
1169,6,0,1
1172,1,0,1
1176,6,0,1
1183,6,5579073,3
1184,6,0,1
1194,1,0,1
1199,1,0,1
1206,6,283819032,279
1217,1,0,1
1218,1,0,1
1222,1,0,1
1224,6,12233410,3
1235,6,224445017,3
1239,6,0,1
1244,1,100430684,2
1250,1,0,1
1254,1,199921720,3
1257,1,0,1
1258,6,841797,5
1259,1,0,1
1261,1,0,1
1262,6,0,1
1263,6,23181153,5
1274,17,66901339,3
1277,6,166067076,8
1280,17,0,1
1295,6,218301820,9
1297,17,0,1
1303,6,0,1
1308,17,0,1
1313,17,0,1
1315,6,1266,2
1320,1,0,1
1334,1,0,1
1342,6,41629775,6
1344,1,200883698,3
1349,1,0,1
1353,17,0,1
1356,6,17427568,2
1358,1,0,1
1367,1,0,1
1370,17,0,1
1372,6,2873681,5
1379,6,11061026,3
1387,1,0,1
1390,1,0,1
1391,17,0,1
1393,6,0,1
1394,17,0,1
1403,17,0,1
1405,6,2610017,3
1407,6,270665250,155
1417,17,0,1
1420,17,0,1
1430,17,0,1
1434,17,0,1
1437,6,0,1
1438,1,0,1
1443,6,0,1
1451,6,5588448,29
1458,17,0,1
1463,17,0,1
1466,1,140974283,3
1468,1,0,1
1473,1,0,1
1476,6,1093146,2
1480,6,0,1
1481,1,0,1
1482,1,0,1
1488,6,0,1
1490,6,133084390,36
1498,17,0,1
1502,6,20497344,2
1506,1,0,1
1522,6,30775706,9
1523,6,3081146,2
1525,6,21955321,4
1532,6,13502835,3
1541,6,7758695,9
1546,17,0,1
1547,1,222812365,2
1558,1,0,1
1572,1,0,1
1573,17,0,1
1576,1,40453549,2
1578,6,11679106,2
1582,1,0,1
1587,1,0,1
1593,6,27415761,3
1605,6,0,1
1608,6,0,1
1611,17,0,1
1614,6,11795,2
1616,6,3774715,21
1620,1,0,1
1621,17,0,1
1623,17,0,1
1629,17,0,1
1640,1,0,1
1644,1,0,1
1658,1,0,1
1664,1,0,1
1667,6,0,1
1681,1,199976600,3
1686,17,0,1
1689,17,129247786,9
1692,1,0,1
1695,6,34388526,4
1703,1,0,1
1709,6,0,1
1710,17,61852859,3
1712,1,0,1
1713,6,0,1
1715,1,0,1
1721,6,136566405,27
1723,6,0,1
1724,6,13997855,6
1727,1,10019554,2
1729,17,0,1
1737,6,12409356,5
1738,1,0,1
1741,6,18710760,4
1743,17,240226630,6
1745,6,38017222,2
1760,6,9544835,4
1766,1,0,1
1768,17,0,1
1780,1,0,1
1795,1,0,1
1807,1,0,1
1808,6,3373074,15
1814,1,0,1
1820,17,0,1
1833,6,76789382,6
1835,6,23937193,16
1837,6,0,1
1838,1,0,1
1839,6,23183874,5
1857,6,725228,5
1858,6,625741,2
1872,1,0,1
1873,6,0,1
1875,17,0,1
1877,1,0,1
1878,17,0,1
1881,17,0,1
1883,6,255667513,10
1898,6,97081,2
1904,17,0,1
1905,1,0,1
1907,6,3218396,2
1909,6,29705623,4
1914,6,0,1
1923,1,0,1
1925,1,0,1
1936,6,0,1
1937,17,0,1
1943,17,0,1
1947,6,16011875,2
1957,1,0,1
1967,1,200817568,3
1971,6,0,1
1979,6,279751643,22
1981,6,0,1
1996,6,81865481,5
1998,6,0,1
1999,17,0,1
2003,1,0,1
2009,6,12792743,5
2011,1,0,1
2017,17,0,1
2022,1,0,1
2024,6,50069779,7
2025,6,0,1
2027,6,3784887,2
2028,6,0,1
2036,6,0,1
2040,6,0,1
2041,1,0,1
2043,1,0,1
2048,1,0,1
2056,6,0,1
2058,17,0,1
2064,6,113099554,15
2066,17,0,1
2075,1,0,1
2079,6,0,1
2081,17,0,1
2088,1,0,1
2089,6,86204897,4
2091,6,3044967,14
2092,1,0,1
2097,6,0,1
2100,1,0,1
2112,17,0,1
2117,17,0,1
2118,6,0,1
2122,6,0,1
2129,6,0,1
2137,1,0,1
2149,17,0,1
2163,6,281717905,27
2170,1,43837064,2
2173,6,16482599,3
2185,1,160479753,2
2193,1,0,1
2195,1,200788651,2
2197,6,144337972,34
2199,1,0,1
2205,1,0,1
2208,6,3131160,6
2211,6,0,1
2225,6,67923836,3
2230,1,0,1
2231,6,9619115,2
2234,6,247352866,5
2242,6,0,1
2243,1,124485172,2
2250,6,17668099,7
2255,6,0,1
2263,1,0,1
2269,6,228588761,4
2271,6,178737058,9
2291,1,0,1
2300,6,8937472,6
2303,1,0,1
2320,17,0,1
2327,1,0,1
2332,1,0,1
2333,17,0,1
2337,17,155359444,4
2344,6,26691439,3
2356,6,205698014,8
2357,6,73289756,5
2363,6,0,1
2375,6,37758534,5
2379,6,25332401,4
2380,1,0,1
2398,1,0,1
2401,17,0,1
2407,1,0,1
2419,6,72170520,11
2427,6,0,1
2434,6,0,1
2435,6,29550648,2
2438,6,0,1
2444,6,0,1
2458,1,0,1
2462,1,0,1
2465,1,0,1
2471,6,282594041,198
2476,6,0,1
2478,1,0,1
2488,6,7316974,5
2492,1,200051125,3
2498,6,160871467,15
2511,1,126651439,2
2522,1,0,1
2524,1,0,1
2528,6,3130987,5
2533,1,0,1
2534,17,0,1
2536,17,0,1
2543,1,0,1
2545,6,9423515,2
2555,6,214509448,43
2562,6,210966803,10
2564,1,0,1
2575,6,25949568,5
2581,6,112356,3
2585,6,0,1
2588,6,0,1
2592,6,99125850,10
2599,6,50490381,4
2608,6,124814952,5
2610,17,0,1
2611,1,0,1
2614,1,0,1
2616,6,36795611,4
2625,6,155290646,2
2635,1,75075,2
2640,17,0,1
2641,6,19196431,4
2656,1,0,1
2670,6,24037512,5
2673,6,0,1
2684,6,10632067,6
2686,6,0,1
2689,6,0,1
2695,1,0,1
2699,6,52006898,24
2704,6,3721005,15
2714,6,5463036,2
2715,1,0,1
2729,1,29444851,2
2731,6,23945593,15
2732,6,0,1
2737,1,0,1
2754,6,0,1
2758,1,0,1
2763,6,0,1
2767,6,253812966,39
2773,1,0,1
2776,17,0,1
2777,17,0,1
2782,17,0,1
2784,17,0,1
2786,1,0,1
2788,1,0,1
2796,1,0,1
2798,6,0,1
2802,6,28616226,3
2814,17,0,1
2815,17,0,1
2816,6,151963297,3
2822,1,22152215,2
2842,6,28994240,5
2843,1,0,1
2866,1,0,1
2873,6,269900079,110
2876,6,9799416,8
2878,6,75405469,6
2881,17,0,1
2885,17,0,1
2892,17,65299483,2
2898,1,0,1
2899,6,49848266,8
2901,6,51057,3
2912,6,3051782,5
2915,1,0,1
2919,17,0,1
2928,17,277464874,135
2931,6,1192017,3
2934,6,16629649,4
2937,17,0,1
2950,17,0,1
2951,17,0,1
2961,6,0,1
2962,6,3256066,5
2964,6,60802114,5
2969,6,64953886,22
2972,17,0,1
2973,17,0,1
2980,1,0,1
2990,6,0,1
2992,1,0,1
2997,6,23632713,4
2999,6,0,1
3001,1,0,1
3002,1,0,1
3004,1,0,1
3005,6,76058554,4
3010,6,0,1
3011,1,0,1
3019,6,39366903,7
3020,1,0,1
3021,6,48371551,2
3025,6,247715688,59
3027,1,0,1
3028,17,0,1
3048,6,0,1
3055,6,25951409,5
3063,6,0,1
3066,6,387,2
3075,1,0,1
3087,1,0,1
3088,17,32581012,2
3099,6,4111444,13
3103,6,14175226,2
3105,1,0,1
3112,6,11170486,2
3113,6,21767450,21
3137,1,231669422,2
3138,17,0,1
3140,17,0,1
3143,6,9337024,5
3144,1,0,1
3153,1,0,1
3171,17,0,1
3174,1,0,1
3178,1,0,1
3181,1,0,1
3183,6,19899735,5
3185,17,0,1
3195,6,0,1
3198,1,0,1
3201,1,0,1
3202,6,0,1
3224,6,42939462,16
3227,1,241839860,7
3231,6,0,1
3233,1,0,1
3238,6,0,1
3241,17,0,1
3242,6,0,1
3245,1,0,1
3250,6,84389210,2
3255,17,214116938,2
3257,6,0,1
3265,6,19407799,4
3267,1,0,1
3273,17,0,1
3277,17,115411589,2
3280,6,0,1
3281,17,0,1
3284,6,20101339,3
3288,6,29207196,3
3296,6,3008301,7
3306,1,0,1
3307,6,63443937,4
3308,17,0,1
3316,1,0,1
3320,1,0,1
3321,6,0,1
3322,6,26545822,3
3328,6,0,1
3329,1,0,1
3330,1,0,1
3332,1,0,1
3341,1,0,1
3344,6,2915619,14
3360,6,0,1
3363,1,0,1
3366,6,0,1
3369,6,73441365,4
3371,6,109913501,21
3373,1,247387255,2
3374,6,0,1
3379,1,200795125,3
3380,17,0,1
3384,6,26645049,3
3395,1,0,1
3404,1,0,1
3406,17,0,1
3408,6,18527039,3
3410,1,0,1
3414,1,0,1
3415,6,9657368,5
3417,6,149370076,3
3419,6,193260282,4
3432,17,0,1
3437,17,20471128,2
3441,6,136066377,3
3445,6,139264823,5
3448,1,0,1
3449,1,0,1
3451,1,0,1
3453,1,0,1
3455,1,0,1
3471,6,18289369,5
3473,17,0,1
3475,6,37091693,7
3476,17,0,1
3482,1,0,1
3488,6,3082442,6
3495,6,9605878,5
3496,1,0,1
3500,17,182,2
3504,6,0,1
3509,1,0,1
3522,6,0,1
3523,1,0,1
3527,6,0,1
3542,17,285164047,143
3543,1,0,1
3550,1,0,1
3564,1,0,1
3570,17,225900231,11
3576,6,36401647,7
3577,6,31612825,4
3594,1,0,1
3600,1,0,1
3601,1,0,1
3606,6,203232525,6
3617,6,0,1
3621,6,275442230,732
3623,1,0,1
3627,6,2486305,3
3638,17,0,1
3641,6,41997490,4
3653,6,0,1
3661,1,0,1
3662,6,25973103,4
3663,6,18914421,5
3672,6,252035161,9
3673,6,0,1
3679,1,0,1
3680,6,3502264,7
3682,17,0,1
3684,6,64175446,3
3702,6,35749816,5
3709,6,0,1
3714,6,0,1
3717,17,0,1
3726,1,107068238,2
3729,1,0,1
3731,1,0,1
3733,6,0,1
3742,6,0,1
3752,17,0,1
3755,17,0,1
3758,6,0,1
3763,6,0,1
3765,6,20724560,4
3775,1,0,1
3783,6,24725240,3
3784,6,0,1
3788,17,0,1
3791,6,0,1
3793,6,0,1
3810,1,475872,2
3814,6,204976187,7
3815,6,112217395,41
3821,17,0,1
3835,6,0,1
3845,1,0,1
3846,6,204638248,6
3858,6,0,1
3859,6,48889762,8
3860,1,0,1
3862,1,0,1
3867,6,0,1
3869,6,0,1
3875,1,0,1
3876,6,83431002,3
3883,17,0,1
3898,6,0,1
3906,6,186840993,2
3907,17,0,1
3910,1,0,1
3914,6,0,1
3919,1,0,1
3925,1,200986070,3
3927,17,0,1
3930,6,27615824,5
3931,17,0,1
3933,6,0,1
3935,1,0,1
3937,1,80552445,2
3939,1,0,1
3940,1,0,1
3942,6,0,1
3946,6,87594993,2
3948,17,0,1
3961,6,39206007,4
3964,6,15120037,8
3968,1,0,1
3969,6,54967268,5
3984,6,2992716,15
3986,1,0,1
3988,6,0,1
4002,6,162427043,2
4010,1,0,1
4011,6,6379094,14
4012,1,0,1
4019,6,0,1
4021,1,0,1
4022,17,0,1
4026,6,38993008,2
4027,6,0,1
4028,17,0,1
4039,1,0,1
4052,17,0,1
4065,1,15229243,2
4077,6,0,1
4083,6,3203548,2
4084,1,0,1
4094,1,0,1
4095,17,100318924,2
4098,6,824842,3
4101,1,0,1
4104,6,119822262,8
4105,6,0,1
4107,6,0,1
4111,6,6697428,6
4112,17,47011456,6
4122,6,16361818,5
4124,17,0,1
4134,6,91642857,13
4140,6,0,1
4142,17,0,1
4145,6,32233013,2
4148,6,42681866,5
4158,17,0,1
4160,6,0,1
4175,6,71981221,5
4185,1,0,1
4186,17,0,1
4192,6,11987779,11
4196,6,98478674,6
4198,1,0,1
4199,6,0,1
4205,6,0,1
4207,1,147923864,2
4220,17,0,1
4226,1,1845911,3
4232,1,33332410,3
4236,1,0,1
4239,6,27873870,2
4249,1,0,1
4251,17,0,1
4253,17,0,1
4257,1,200660633,3
4263,6,230183217,8
4264,1,201023757,3
4269,6,0,1
4274,6,0,1
4276,1,200747068,3
4279,1,0,1
4284,1,79902391,2
4286,17,0,1
4290,6,0,1
4292,1,124196068,2
4293,1,0,1
4297,17,0,1
4300,17,0,1
4310,17,0,1
4331,6,0,1
4336,1,0,1
4337,1,0,1
4343,1,0,1
4344,1,0,1
4346,6,39957813,2
4347,6,40697692,5
4351,1,0,1
4352,6,0,1
4358,6,0,1
4359,6,10946391,2
4365,1,0,1
4366,1,0,1
4369,1,0,1
4374,6,0,1
4375,1,0,1
4376,6,0,1
4382,6,40537707,2
4387,1,0,1
4395,6,0,1
4403,6,269864081,13
4409,1,0,1
4417,17,0,1
4423,6,21178775,6
4424,1,0,1
4431,6,0,1
4432,1,0,1
4437,17,0,1
4442,6,200816438,44
4446,1,0,1
4449,1,0,1
4454,6,0,1
4455,17,0,1
4459,1,0,1
4467,1,0,1
4468,6,23361739,3
4477,1,0,1
4489,1,19024537,2
4495,6,0,1
4498,6,0,1
4501,6,14598886,5
4506,1,0,1
4507,6,0,1
4521,1,0,1
4523,6,3331809,14
4527,6,216409223,5
4531,1,0,1
4539,1,0,1
4540,1,0,1
4547,6,10787948,2
4550,17,278308063,77
4565,1,0,1
4566,1,0,1
4567,6,15533825,8
4573,1,0,1
4579,1,200926081,2
4580,1,0,1
4584,6,75415540,8
4587,1,0,1
4598,6,17352936,5
4599,1,0,1
4602,6,259589112,7
4603,6,0,1
4610,6,59764433,8
4616,17,0,1
4624,6,11199683,2
4630,6,71975076,2
4636,1,200927984,2
4643,6,0,1
4661,1,0,1
4666,6,22770258,6
4675,6,163952341,6
4676,6,0,1
4680,17,0,1
4683,6,0,1
4699,1,0,1
4713,6,0,1
4719,6,12439117,4
4721,1,0,1
4723,6,0,1
4728,17,0,1
4731,6,0,1
4733,1,0,1
4741,1,0,1
4743,1,0,1
4744,17,0,1
4745,17,0,1
4749,6,0,1
4751,17,0,1
4758,17,283513948,279
4759,1,0,1
4770,1,0,1
4773,6,0,1
4774,17,233326590,23
4781,1,0,1
4791,17,0,1
4797,1,200160262,2
4804,6,13191105,5
4812,6,0,1
4815,17,0,1
4816,1,0,1
4821,6,0,1
4826,1,0,1
4837,6,0,1
4843,17,0,1
4844,1,0,1
4850,1,0,1
4853,6,0,1
4860,6,147240902,11
4861,6,267158072,11
4873,17,40715302,2
4876,1,0,1
4877,1,106075936,2
4879,1,200953029,2
4884,17,0,1
4901,6,614732,2
4902,17,230946877,2
4905,1,0,1
4906,6,16379467,5
4907,6,4349059,25
4922,6,38602369,2
4923,6,0,1
4930,1,112778041,7
4931,17,0,1
4936,1,0,1
4937,1,0,1
4938,1,0,1
4951,1,0,1
4953,6,9070602,4
4954,1,0,1
4955,1,0,1
4956,6,312874,2
4959,6,115334274,2
4963,6,0,1
4967,6,22621317,6
4972,1,0,1
4974,17,0,1
4982,6,0,1
4990,6,282546868,101
4993,1,0,1
4995,17,37685,2
4996,1,48749185,2
5007,6,11232289,5
5015,17,0,1
5016,1,0,1
5022,1,0,1
5026,1,0,1
5039,6,88461933,3
5040,1,0,1
5048,1,9652291,2
5050,6,29254998,2
5064,1,0,1
5067,6,213606133,5
5077,1,200863665,3
5082,6,16441404,5
5090,6,0,1
5097,6,0,1
5098,6,100383766,2
5100,6,0,1
5108,1,0,1
5111,6,29734898,6
5115,1,0,1
5119,1,0,1
5126,6,188887177,12
5129,6,0,1
5135,6,19899532,5
5137,6,40477061,5
5152,6,2965487,4
5167,6,0,1
5171,1,0,1
5172,1,0,1
5174,1,0,1
5179,17,29692752,2
5181,6,0,1
5185,17,0,1
5188,1,100454094,2
5194,1,200821061,4
5206,6,261142177,150
5210,6,16426647,5
5218,6,97663802,5
5221,6,1277183,5
5222,1,0,1
5223,17,54569602,2
5224,1,0,1
5225,17,162104114,3
5227,17,0,1
5230,1,0,1
5251,17,0,1
5253,6,0,1
5259,6,10278374,7
5260,17,0,1
5266,6,0,1
5270,47,275763699,36
5278,17,0,1
5285,1,0,1
5289,17,0,1
5291,6,2773553,14
5292,1,0,1
5297,1,0,1
5298,6,69772901,4
5300,6,0,1
5305,6,0,1
5307,6,0,1
5308,6,17143771,3
5328,1,200296209,3
5344,6,32773823,3
5346,6,283116532,76
5348,1,0,1
5350,6,169808012,15
5356,1,0,1
5357,6,0,1
5380,1,0,1
5385,1,0,1
5390,6,29981871,3
5392,6,0,1
5404,1,0,1
5417,6,0,1
5432,1,201374754,3
5433,6,0,1
5438,6,29800758,4
5441,17,0,1
5450,6,17193616,5
5457,17,0,1
5481,6,0,1
5483,6,8881004,9
5496,6,0,1
5500,6,253400370,10
5510,6,0,1
5520,1,0,1
5524,6,63590037,5
5531,6,35189824,10
5533,17,0,1
5536,1,0,1
5542,17,0,1
5543,1,0,1
5544,1,0,1
5548,6,0,1
5552,17,0,1
5558,1,0,1
5559,6,10786653,2
5562,6,17568728,5
5564,1,0,1
5566,6,0,1
5572,6,99954062,6
5576,17,0,1
5580,6,0,1
5581,6,193780770,17
5583,1,0,1
5593,17,279461790,81
5597,6,24250,2
5607,1,201160889,3
5609,1,0,1
5610,6,0,1
5612,17,0,1
5615,6,19899435,5
5623,6,27478794,3
5627,1,0,1
5630,1,0,1
5637,6,0,1
5646,1,0,1
5648,6,0,1
5654,6,210359303,8
5659,1,0,1
5662,17,0,1
5665,17,0,1
5666,6,0,1
5670,6,11017520,2
5675,6,2682086,15
5679,6,72202612,5
5691,1,0,1
5697,17,0,1
5706,1,0,1
5707,6,0,1
5708,1,0,1
5714,17,0,1
5722,1,0,1
5742,1,0,1
5748,1,0,1
5752,1,0,1
5754,6,16155467,5
5764,6,22224111,4
5770,1,0,1
5788,6,0,1
5789,6,0,1
5800,6,494,2
5801,6,88879104,6
5803,6,8895949,7
5807,1,0,1
5824,6,27156960,4
5827,1,0,1
5830,1,0,1
5831,1,0,1
5832,1,0,1
5846,6,33987701,4
5851,17,0,1
5852,1,0,1
5854,6,0,1
5865,6,0,1
5868,1,0,1
5876,6,0,1
5881,1,0,1
5894,6,101236585,7
5896,1,0,1
5910,1,200993445,3
5916,6,0,1
5918,1,0,1
5923,6,280776840,52
5927,6,20728017,6
5933,6,132333618,22
5944,6,0,1
5953,6,116690060,2
5954,1,0,1
5956,17,0,1
5967,17,0,1
5973,1,0,1
5976,6,256112506,69
5980,1,0,1
5985,1,0,1
5986,6,0,1
5994,1,98301819,5
5998,1,0,1
6012,6,0,1
6018,6,19557849,5
6022,6,28069820,6
6023,17,0,1
6024,17,0,1
6025,1,14628166,2
6028,1,0,1
6033,17,0,1
6034,17,0,1
6042,6,16296611,5
6043,17,0,1
6049,17,0,1
6053,1,0,1
6057,6,268158146,10
6059,6,17751550,5
6060,1,0,1
6065,6,15718681,2
6070,17,15758,15
6074,17,107247681,3
6082,6,0,1
6084,6,1104411,3
6089,1,0,1
6093,17,178575841,16
6103,6,0,1
6111,6,22289671,2
6112,6,8576871,20
6124,1,100356086,2
6129,1,0,1
6147,17,0,1
6149,1,0,1
6153,17,0,1
6166,1,0,1
6171,1,0,1
6176,6,28980233,4
6182,17,80954760,2
6194,6,0,1
6199,17,0,1
6200,6,0,1
6202,1,0,1
6216,1,0,1
6217,6,6623164,4
6219,17,0,1
6223,6,240367293,28
6228,1,0,1
6234,1,0,1
6235,17,0,1
6238,17,0,1
6240,1,0,1
6243,17,0,1
6244,6,2003992,6
6246,6,0,1
6252,1,0,1
6258,1,0,1
6263,6,166828663,14
6264,6,11647,2
6265,6,12392118,3
6266,6,0,1
6267,6,0,1
6275,6,0,1
6277,17,0,1
6278,6,0,1
6285,1,1477924,2
6293,1,100568770,2
6296,6,0,1
6298,17,0,1
6311,17,0,1
6312,17,0,1
6317,6,76367742,7
6318,6,190859082,3
6321,6,0,1
6325,1,10369190,2
6326,17,0,1
6328,17,0,1
6329,6,0,1
6330,17,0,1
6332,6,96910185,2
6337,17,0,1
6338,6,0,1
6344,6,0,1
6347,6,0,1
6364,1,0,1
6380,1,0,1
6393,6,111302804,5
6396,17,0,1
6400,17,178369404,5
6402,17,207112196,7
6410,1,0,1
6411,1,0,1
6415,17,0,1
6418,17,0,1
6433,6,22929320,9
6443,6,118267860,16
6444,6,0,1
6448,6,61999624,9
6450,1,0,1
6456,6,154891880,3
6466,1,0,1
6471,1,214478980,3
6481,6,0,1
6489,17,0,1
6490,1,0,1
6494,6,0,1
6498,1,0,1
6505,1,0,1
6506,17,0,1
6514,6,0,1
6517,6,204289598,29
6522,1,0,1
6524,1,0,1
6534,6,0,1
6538,1,0,1
6541,1,0,1
6549,1,0,1
6554,1,0,1
6561,1,0,1
6566,1,0,1
6572,1,199708121,3
6584,1,0,1
6589,6,0,1
6595,6,61002862,5
6597,6,0,1
6600,1,0,1
6604,6,54811781,4
6615,6,255280082,6
6618,6,0,1
6620,6,32141572,2
6629,1,0,1
6639,6,0,1
6657,1,0,1
6663,1,0,1
6676,1,0,1
6678,17,0,1
6684,6,88560243,4
6689,6,0,1
6698,17,0,1
6700,6,0,1
6702,17,0,1
6704,1,0,1
6708,6,0,1
6713,6,92692969,9
6718,6,0,1
6728,6,257959956,137
6734,6,31164667,3
6740,1,0,1
6748,1,51527732,2
6752,6,264425466,8
6757,6,0,1
6762,1,0,1
6763,6,90294066,5
6768,1,0,1
6774,17,0,1
6777,6,0,1
6787,1,0,1
6788,6,0,1
6791,6,280365993,153
6792,17,172290017,8
6793,1,0,1
6806,6,307,2
6807,1,0,1
6808,1,0,1
6819,6,42441160,11
6820,1,0,1
6821,17,0,1
6824,6,34220351,4
6837,6,839268,3
6840,17,0,1
6841,17,286228230,176
6847,1,0,1
6849,6,204084193,5
6851,17,0,1
6859,6,156484704,5
6874,6,0,1
6876,6,28869740,4
6877,6,251166616,4
6879,1,126731147,2
6886,1,0,1
6902,17,0,1
6906,6,0,1
6907,6,0,1
6909,1,0,1
6914,6,0,1
6920,17,0,1
6924,1,0,1
6925,6,135267099,3
6929,1,0,1
6934,1,0,1
6943,6,0,1
6949,6,0,1
6952,1,0,1
6968,1,0,1
6972,6,0,1
6974,1,200952851,3
6976,1,0,1
6979,6,21182564,2
6999,6,12679405,2
7005,1,0,1
7007,1,180794459,2
7008,6,11118905,2
7009,1,0,1
7017,17,139113341,2
7023,6,0,1
7025,6,0,1
7030,17,0,1
7033,6,0,1
7049,1,0,1
7051,6,59925506,19
7058,1,0,1
7059,6,0,1
7067,1,200919329,2
7070,6,0,1
7073,6,0,1
7082,1,197578072,3
7083,6,2940462,14
7105,6,0,1
7106,17,213074400,27
7115,6,122353991,2
7116,6,0,1
7127,1,0,1
7131,17,226089053,4
7134,1,0,1
7138,1,152931328,2
7140,1,0,1
7141,1,180357759,2
7148,6,0,1
7150,1,0,1
7156,1,0,1
7157,6,86568,3
7162,1,0,1
7163,1,178830686,2
7166,6,12564,2
7169,6,0,1
7176,1,0,1
7177,6,5184853,2
7179,6,200452024,15
7187,1,0,1
7189,6,1628464,5
7191,1,0,1
7193,1,0,1
7199,17,113474,2
7211,6,2823171,15
7222,1,0,1
7226,6,0,1
7229,6,5877236,5
7233,1,0,1
7244,6,216838214,19
7249,6,31333302,3
7251,1,0,1
7254,1,200801387,3
7259,1,0,1
7264,6,0,1
7266,17,0,1
7270,6,120911325,10
7291,1,0,1
7296,1,0,1
7300,17,91129131,4
7310,1,0,1
7315,6,30047794,2
7319,1,0,1
7335,6,197143487,4
7337,6,0,1
7347,1,0,1
7354,6,23833030,4
7371,6,77147492,3
7373,6,1029783,2
7377,1,0,1
7380,6,0,1
7384,1,100370254,2
7385,17,177900110,2
7389,17,0,1
7390,6,0,1
7396,17,0,1
7405,1,120375815,2
7407,17,0,1
7408,1,0,1
7416,1,0,1
7417,6,4197502,2
7423,6,0,1
7442,1,0,1
7444,6,0,1
7447,6,155665228,2
7450,6,0,1
7452,1,0,1
7454,6,0,1
7456,6,0,1
7464,1,0,1
7467,17,0,1
7481,1,0,1
7484,17,0,1
7497,6,165516161,6
7502,6,0,1
7508,6,0,1
7509,6,1649970,5
7513,6,217433899,11
7514,6,72316774,3
7515,6,236310274,3
7520,1,200853786,2
7525,1,0,1
7526,1,10042124,2
7536,1,0,1
7547,1,31941023,2
7552,17,0,1
7567,6,0,1
7573,1,200915606,3
7574,1,0,1
7577,1,0,1
7585,17,0,1
7594,6,0,1
7599,17,0,1
7603,6,148906884,142
7613,1,2525545,2
7616,17,0,1
7617,17,0,1
7632,6,0,1
7635,6,36186490,7
7639,17,0,1
7649,6,0,1
7652,6,187256148,12
7657,6,4782845,2
7658,6,40770739,5
7664,1,0,1
7669,6,118481611,23
7671,6,271663913,56
7672,1,309,2
7684,1,0,1
7692,1,0,1
7693,1,78317274,2
7696,6,0,1
7699,6,24144747,5
7711,6,0,1
7713,6,0,1
7718,1,0,1
7732,1,0,1
7743,1,0,1
7750,17,0,1
7755,6,9421917,2
7756,6,0,1
7759,6,0,1
7763,1,0,1
7768,1,0,1
7780,6,0,1
7791,1,0,1
7801,6,0,1
7805,6,241878213,12
7816,6,11463,2
7817,1,0,1
7821,17,0,1
7826,17,0,1
7847,17,0,1
7851,6,2866374,14
7852,17,267561689,67
7861,1,0,1
7873,1,0,1
7875,1,0,1
7887,1,0,1
7889,6,31613610,2
7890,6,7964079,93
7894,6,0,1
7897,1,0,1
7909,1,0,1
7910,17,0,1
7917,1,0,1
7930,6,9181280,3
7935,17,0,1
7939,6,22285510,2
7950,1,201739128,3
7951,1,23393414,2
7952,17,0,1
7962,6,12906078,2
7965,6,26959106,3
7981,6,0,1
7983,50,201880501,14
7985,6,0,1
7998,1,0,1
8002,1,0,1
8003,17,0,1
8013,6,201291785,2
8032,6,4878039,9
8050,1,151046870,5
8055,17,32559366,2
8060,6,20215029,3
8070,6,14810,2
8084,1,253896529,3
8096,1,0,1
8108,1,206965313,6
8113,6,0,1
8115,1,271239653,3
8116,6,247502250,12
8121,1,0,1
8124,1,0,1
8130,6,114187515,6
8143,6,273885775,99
8148,17,0,1
8151,1,0,1
8155,6,0,1
8159,1,0,1
8172,6,0,1
8176,6,0,1
8178,6,26030185,3
8179,6,0,1
8185,1,0,1
8186,6,0,1
8187,6,0,1
8191,6,60977177,4
8198,6,281062755,125
8202,17,0,1
8213,1,0,1
8219,1,200953409,2
8240,6,0,1
8244,6,19376313,2
8245,1,0,1
8251,6,16461378,5
8252,17,0,1
8257,1,0,1
8263,6,165098931,32
8268,1,0,1
8285,6,196,2
8286,6,71393665,30
8290,17,0,1
8298,6,891357,5
8307,6,0,1
8312,6,164427245,9
8314,1,200761807,3
8322,6,0,1
8323,17,0,1
8334,1,0,1
8336,1,0,1
8338,1,0,1
8340,1,0,1
8345,1,0,1
8355,6,65702813,6
8365,1,0,1
8367,1,0,1
8383,6,0,1
8386,6,26269757,2
8394,1,99997581,2
8395,1,0,1
8404,6,40403678,7
8420,17,1340131,2
8430,6,35465120,2
8436,6,102543498,6
8444,1,0,1
8462,17,0,1
8467,6,52797095,5
8470,1,0,1
8471,1,0,1
8472,1,0,1
8474,17,32447525,5
8476,17,0,1
8478,6,0,1
8480,17,0,1
8491,6,16958830,5
8493,1,0,1
8500,1,0,1
8503,1,0,1
8504,6,0,1
8514,6,27538152,4
8517,6,114589838,11
8523,1,0,1
8526,6,253764035,17
8535,17,0,1
8539,1,0,1
8540,6,0,1
8553,1,0,1
8564,6,0,1
8566,1,0,1
8570,6,10073688,3
8571,1,0,1
8584,1,0,1
8586,6,30634261,10
8598,6,197991733,3
8610,1,0,1
8613,17,0,1
8626,1,0,1
8643,6,33516490,3
8657,6,190898186,30
8659,6,255311518,139
8662,17,123397723,4
8664,6,0,1
8679,6,0,1
8684,17,11467412,2
8689,17,74281013,2
8692,1,0,1
8693,6,19559085,5
8702,1,0,1
8703,6,201098,2
8704,1,0,1
8707,17,0,1
8709,1,0,1
8710,6,1130097,3
8713,17,283545022,379
8722,6,0,1
8727,1,27074766,14
8729,1,200939555,2
8731,6,16268625,5
8743,6,0,1
8746,17,0,1
8747,1,0,1
8762,1,0,1
8770,17,0,1
8771,6,43870426,2
8778,6,13673718,5
8786,6,2083050,5
8793,1,0,1
8796,17,0,1
8797,6,0,1
8805,6,0,1
8811,17,19339059,18
8816,1,0,1
8819,17,0,1
8824,6,222504205,5
8826,1,4439459,2
8827,6,26238006,4
8830,6,39595508,5
8841,6,0,1
8845,1,0,1
8853,1,0,1
8854,17,0,1
8857,1,0,1
8869,1,199622113,3
8870,17,0,1
8873,17,0,1
8885,6,0,1
8887,1,0,1
8890,6,46985800,11
8891,6,0,1
8892,6,14817574,4
8893,17,0,1
8898,6,281664499,116
8904,1,199579320,3
8912,6,283664632,24
8913,1,0,1
8915,1,201762309,3
8921,17,0,1
8928,6,0,1
8941,1,0,1
8948,17,0,1
8951,6,25795,2
8952,1,0,1
8954,6,0,1
8956,17,0,1
8962,6,0,1
8964,17,0,1
8967,17,0,1
8969,1,0,1
8979,1,0,1
8982,17,0,1
8986,6,0,1
8989,17,0,1
8994,6,265386900,140
9000,1,0,1
9003,17,0,1
9009,1,0,1
9020,6,22287894,4
9027,1,0,1
9031,6,144883431,4
9032,1,29416193,2
9040,6,125758711,2
9047,6,0,1
9048,1,36582654,2
9059,1,0,1
9066,6,265141219,14
9071,1,0,1
9086,1,0,1
9089,17,0,1
9110,17,209174637,2
9113,6,0,1
9115,1,0,1
9123,1,100500122,2
9128,6,0,1
9138,6,0,1
9140,17,0,1
9152,1,0,1
9167,6,189611026,2
9172,6,0,1
9173,1,0,1
9176,17,0,1
9183,6,0,1
9189,1,0,1
9199,1,225646133,3
9205,6,28092749,11
9207,1,0,1
9208,1,0,1
9210,17,0,1
9211,1,61150448,2
9214,6,0,1
9219,6,0,1
9221,6,276376486,122
9223,6,0,1
9226,1,0,1
9227,6,133659392,7
9236,1,0,1
9240,1,0,1
9249,1,0,1
9250,17,0,1
9254,1,0,1
9258,17,173973150,15
9267,6,1204278,3
9289,17,92926763,2
9291,6,32364750,15
9295,17,0,1
9309,1,0,1
9315,6,0,1
9319,1,0,1
9320,17,0,1
9329,6,0,1
9332,1,0,1
9336,17,205919161,2
9343,1,0,1
9345,6,0,1
9351,6,136368131,2
9354,6,0,1
9360,17,0,1
9365,1,0,1
9379,1,0,1
9383,6,0,1
9384,6,0,1
9386,1,0,1
9387,1,200484552,3
9398,6,21758068,4
9401,17,0,1
9402,6,0,1
9403,17,0,1
9406,1,0,1
9409,6,19437740,2
9418,17,0,1
9433,1,0,1
9441,6,0,1
9452,17,0,1
9454,1,0,1
9457,1,0,1
9458,6,14943026,5
9460,17,109259359,3
9463,6,230940901,238
9469,17,0,1
9473,1,0,1
9476,6,75998917,6
9477,6,72607732,8
9480,6,0,1
9481,6,67898526,2
9482,6,105322809,9
9489,6,58678397,2
9490,1,0,1
9493,1,0,1
9504,1,0,1
9505,1,0,1
9507,17,0,1
9508,1,0,1
9509,17,0,1
9519,1,0,1
9520,6,0,1
9526,6,281352831,116
9536,1,0,1
9537,6,0,1
9543,17,0,1
9551,1,0,1
9556,6,48552755,3
9575,17,0,1
9584,6,0,1
9589,1,0,1
9595,17,0,1
9600,6,49550,4
9604,6,0,1
9609,6,48663720,9
9624,6,300,2
9625,17,0,1
9629,17,0,1
9638,1,0,1
9658,1,0,1
9659,6,0,1
9660,1,0,1
9665,1,0,1
9670,1,0,1
9681,17,0,1
9691,1,0,1
9696,6,282004980,255
9701,17,0,1
9707,1,0,1
9711,1,0,1
9712,1,0,1
9718,6,23477174,4
9721,1,0,1
9722,6,164745845,2
9727,1,0,1
9728,6,0,1
9740,1,0,1
9743,6,253154510,2
9757,6,255964809,121
9762,6,15029180,5
9767,6,0,1
9771,1,0,1
9772,17,0,1
9782,6,45218951,6
9795,17,0,1
9800,17,0,1
9809,1,98197791,2
9821,1,0,1
9825,17,0,1
9840,6,266860505,2
9848,1,0,1
9853,1,226226993,5
9854,1,240078757,6
9865,17,0,1
9890,6,0,1
9898,17,0,1
9899,6,15493271,5
9900,1,0,1
9901,1,0,1
9904,17,0,1
9909,1,0,1
9926,17,0,1
9938,6,14971636,5
9940,6,0,1
9942,1,0,1
9959,1,0,1
9960,6,25828902,2
9965,1,0,1
9969,1,0,1
9970,17,0,1
9975,6,37180311,4
9979,1,135888445,2
9985,1,0,1
9987,17,0,1
9989,17,0,1
9991,17,0,1
9992,1,0,1
9993,6,95084104,8
9997,1,0,1
10001,1,0,1
10008,17,0,1
10010,1,0,1
10013,17,0,1
10026,1,0,1
10029,1,0,1
10032,6,513,2
10049,1,43414345,5
10053,17,0,1
10058,1,0,1
10068,6,181647052,9
10070,1,0,1
10075,17,0,1
10077,1,0,1
10080,1,0,1
10089,1,0,1
10090,1,0,1
10115,6,28245420,2
10116,17,0,1
10121,6,37321593,4
10122,17,0,1
10126,1,0,1
10133,17,0,1
10136,1,0,1
10137,17,0,1
10142,6,23930384,2
10148,1,0,1
10155,6,0,1
10156,6,10580524,8
10159,17,0,1
10161,6,141697529,7
10167,17,0,1
10171,17,65975847,2
10185,6,17497536,2
10189,17,111485992,111
10191,6,156962197,7
10198,1,0,1
10200,6,0,1
10206,1,0,1
10210,6,0,1
10211,17,0,1
10212,1,0,1
10235,6,1228826,4
10237,1,0,1
10241,6,0,1
10242,1,80893271,2
10244,6,677597,5
10247,6,0,1
10252,1,0,1
10262,6,143913824,14
10265,17,0,1
10266,1,0,1
10273,6,9421690,5
10282,6,0,1
10283,6,74710,2
10285,17,0,1
10286,6,195170430,10
10291,17,0,1
10301,6,35874569,3
10303,6,262818630,36
10325,1,207717808,3
10326,6,0,1
10328,1,0,1
10332,1,0,1
10336,1,94879358,3
10339,1,0,1
10347,17,0,1
10351,6,200864760,3
10370,6,44233205,5
10371,6,0,1
10372,6,0,1
10374,6,259240243,124
10379,17,200900358,3
10385,1,0,1
10389,1,0,1
10396,17,0,1
10397,1,0,1
10398,6,0,1
10402,6,82563434,2
10403,1,0,1
10406,17,273695643,42
10408,1,0,1
10409,6,111756698,9
10416,6,9434017,6
10420,6,0,1
10424,6,28894764,5
10425,6,0,1
10432,6,0,1
10435,17,0,1
10447,1,0,1
10450,1,428,2
10456,6,271743531,2
10459,17,0,1
10473,6,13285922,2
10481,1,0,1
10486,6,144356089,2
10491,1,0,1
10493,17,0,1
10494,17,233560828,14
10498,6,0,1
10509,17,0,1
10518,6,262060322,120
10520,1,192311956,3
10527,1,0,1
10530,6,14991937,5
10542,6,64727810,8
10543,6,0,1
10553,1,219182344,3
10566,1,0,1
10571,1,24983982,2
10577,6,101256702,7
10590,6,0,1
10592,6,5367850,9
10593,1,0,1
10598,1,0,1
10605,6,0,1
10624,6,156038721,7
10625,6,0,1
10633,1,0,1
10637,1,0,1
10638,6,70936,2
10645,6,0,1
10646,6,0,1
10648,1,0,1
10649,17,0,1
10651,6,0,1
10652,17,0,1
10666,17,0,1
10679,17,0,1
10681,6,0,1
10683,6,26914893,5
10692,6,121423820,4
10694,6,245819974,21
10700,6,57920857,7
10706,6,15007806,5
10711,1,0,1
10720,17,0,1
10721,6,54862038,5
10722,1,94952953,4
10725,6,0,1
10732,6,214984885,15
10736,6,9429690,8
10743,6,190067489,9
10748,1,195351186,3
10749,6,244391209,188
10752,1,0,1
10758,6,284708453,171
10764,17,0,1
10765,6,0,1
10766,1,0,1
10771,17,0,1
10774,1,0,1
10777,6,0,1
10784,6,85751083,3
10786,6,0,1
10788,1,105381725,2
10795,17,0,1
10817,6,0,1
10820,1,0,1
10821,1,0,1
10830,17,0,1
10834,6,0,1
10846,6,74861239,10
10854,1,0,1
10857,17,0,1
10859,6,126264,2
10860,6,0,1
10868,6,73809177,5
10880,6,0,1
10886,1,40622722,5
10897,1,0,1
10901,6,67361923,9
10925,6,0,1
10937,6,12776432,2
10947,6,65483449,3
10953,6,10784464,4
10954,6,135028645,3
10957,1,0,1
10965,1,0,1
10967,1,0,1
10972,17,0,1
10977,1,0,1
10993,6,9271316,5
10996,17,0,1
11003,17,0,1
11004,1,0,1
11006,6,31545288,3
11011,6,260526279,4
11014,6,30642404,5
11018,1,0,1
11021,6,0,1
11024,1,201450340,3
11025,17,0,1
11037,6,0,1
11049,6,71966682,2
11052,6,53779814,4
11057,1,0,1
11062,17,0,1
11072,6,0,1
11077,17,0,1
11085,1,198520513,2
11091,1,0,1
11092,6,0,1
11100,6,0,1
11110,1,0,1
11111,1,0,1
11115,17,0,1
11116,6,0,1
11125,17,0,1
11127,6,12288396,4
11129,6,61638251,5
11138,6,0,1
11145,1,0,1
11146,6,173080300,2
11149,6,188968908,7
11152,6,0,1
11155,6,50733055,4
11162,1,102419424,5
11163,17,237602572,6
11167,6,18513797,2
11177,6,12754875,2
11179,17,0,1
11182,1,0,1
11183,17,0,1
11187,1,0,1
11189,17,0,1
11190,17,0,1
11198,1,0,1
11200,6,0,1
11205,6,104320556,2
11206,6,10664205,6
11213,1,200977296,2
11218,6,0,1
11221,6,0,1
11225,6,261465353,15
11233,1,0,1
11241,17,17752154,3
11251,6,87487941,18
11264,1,0,1
11266,6,27211370,75
11292,6,0,1
11299,1,0,1
11304,1,0,1
11313,17,0,1
11315,6,0,1
11316,17,0,1
11321,1,0,1
11334,1,101106040,2
11343,6,132467988,11
11349,1,0,1
11360,1,0,1
11363,1,0,1
11364,6,0,1
11369,6,0,1
11371,1,201781794,3
11376,6,0,1
11379,6,45718694,6
11385,6,14149481,4
11387,6,45720947,2
11391,1,140550771,2
11392,6,0,1
11395,6,13593389,2
11398,6,0,1
11402,6,0,1
11408,1,0,1
11410,17,195049030,2
11412,6,0,1
11413,1,21782736,2
11428,6,0,1
11435,17,0,1
11437,1,0,1
11438,17,196914912,2
11451,17,0,1
11453,1,0,1
11454,17,0,1
11461,1,222796649,2
11466,17,0,1
11469,6,100396885,22
11474,17,4056,15
11477,1,0,1
11481,6,0,1
11483,6,13093066,2
11487,17,0,1
11503,6,0,1
11508,17,0,1
11515,6,279690022,1059
11521,6,1342927,2
11546,1,0,1
11561,6,41066789,3
11562,1,0,1
11573,1,0,1
11577,6,274824210,65
11586,6,0,1
11588,1,0,1
11590,17,0,1
11595,1,201032393,3
11617,17,0,1
11622,1,0,1
11633,6,0,1
11640,6,187368185,2
11645,6,0,1
11649,6,0,1
11652,6,78045623,6
11660,6,0,1
11667,6,56447912,6
11675,6,29809253,2
11679,1,0,1
11684,1,0,1
11691,1,0,1
11692,1,0,1
11699,6,0,1
11700,1,0,1
11719,17,40487867,16
11722,6,0,1
11744,1,0,1
11749,6,164141940,12
11751,1,0,1
11752,1,0,1
11753,1,0,1
11757,6,27773778,4
11765,6,203556233,4
11766,6,0,1
11771,6,26463203,5
11785,17,0,1
11787,1,0,1
11793,17,0,1
11803,1,0,1
11805,1,0,1
11807,6,0,1
11809,6,200450737,14
11825,6,0,1
11829,6,202164890,6
11847,6,32004994,5
11852,1,0,1
11865,6,0,1
11872,1,0,1
11881,17,0,1
11883,1,0,1
11893,6,0,1
11894,17,47793292,2
11898,17,0,1
11901,17,0,1
11909,6,50877644,5
11931,6,0,1
11937,1,0,1
11939,6,225972246,13
11946,1,0,1
11954,6,40486634,5
11962,6,0,1
11964,6,0,1
11972,6,24028079,5
11977,6,26583573,5
11980,1,0,1
11983,6,16832128,5
11992,6,234524767,3
11998,6,10789043,2
12001,6,0,1
12004,6,179128814,6
12005,1,0,1
12008,17,0,1
12009,17,5768318,2
12014,6,0,1
12017,1,0,1
12030,6,14174093,3
12050,1,0,1
12056,6,0,1
12059,6,0,1
12065,6,0,1
12073,6,0,1
12080,6,267082680,138
12083,17,0,1
12085,1,0,1
12088,6,0,1
12093,1,0,1
12095,6,8468783,5
12101,1,39287849,2
12103,6,0,1
12111,1,0,1
12114,17,0,1
12116,6,0,1
12117,17,0,1
12126,6,34282905,6
12130,6,0,1
12136,1,198137697,3
12139,6,0,1
12140,1,0,1
12149,6,256962175,25
12152,1,0,1
12169,6,36441226,6
12173,6,220615449,22
12175,1,0,1
12181,1,129673120,2
12183,17,0,1
12190,1,0,1
12194,1,0,1
12196,6,282277411,135
12199,1,0,1
12204,17,0,1
12212,17,0,1
12217,6,257247230,8
12224,6,11960839,2
12227,1,201031317,3
12228,6,40490668,5
12232,6,0,1
12244,6,2205992,6
12246,1,0,1
12255,17,0,1
12258,6,269159733,158
12260,6,112933825,2
12261,17,0,1
12263,1,0,1
12270,6,95205,2
12271,1,0,1
12276,1,0,1
12280,1,0,1
12286,17,201055300,8
12289,6,0,1
12294,6,0,1
12296,1,0,1
12305,6,0,1
12310,6,0,1
12314,6,0,1
12316,1,0,1
12321,6,0,1
12328,1,0,1
12333,1,0,1
12343,1,0,1
12347,17,0,1
12350,17,135638093,4
12352,6,0,1
12356,6,144548748,3
12358,6,64297358,22
12362,6,93152104,5
12366,17,76183531,2
12367,1,51393359,2
12373,6,0,1
12376,6,138677903,5
12405,1,0,1
12415,1,0,1
12418,1,0,1
12419,6,34272654,4
12420,6,2558607,3
12433,6,0,1
12437,6,0,1
12452,6,123072879,24
12470,6,13157895,3
12474,1,0,1
12475,1,0,1
12481,17,68763214,4
12490,6,23,2
12492,1,0,1
12497,1,201773257,4
12499,6,0,1
12500,6,7250738,9
12504,17,0,1
12505,1,0,1
12512,6,3435752,4
12518,6,270454183,147
12523,6,29126447,6
12525,6,139121141,2
12531,1,242460117,4
12532,6,239187584,12
12538,1,0,1
12541,6,0,1
12544,6,0,1
12551,6,0,1
12559,6,173167,9
12563,1,0,1
12565,1,0,1
12566,6,0,1
12570,17,84459179,2
12574,17,0,1
12587,6,3063696,14
12597,1,64671982,2
12599,6,1064744,2
12601,17,0,1
12603,17,0,1
12605,1,0,1
12608,6,212230677,6
12616,6,167531834,2
12624,17,0,1
12630,6,37878544,15
12632,17,83194420,2
12634,1,0,1
12658,6,19355003,3
12662,6,0,1
12680,6,0,1
12693,6,92608206,3
12706,17,0,1
12708,6,130118624,12
12710,6,40446674,15
12713,1,0,1
12714,1,0,1
12715,1,0,1
12717,17,0,1
12718,1,0,1
12723,6,15301021,8
12725,17,0,1
12727,1,0,1
12728,17,211,2
12731,6,0,1
12732,1,0,1
12742,6,26604588,2
12753,1,0,1
12754,6,38414302,7
12769,17,0,1
12774,6,0,1
12790,1,0,1
12791,6,0,1
12800,6,0,1
12803,6,17064265,4
12806,1,0,1
12810,6,145919924,2
12822,1,0,1
12823,1,200974857,2
12825,1,0,1
12827,1,0,1
12851,1,200769617,3
12854,6,280440812,110
12865,6,0,1
12878,6,4883081,5
12885,6,30769972,2
12886,6,0,1
12892,6,0,1
12893,6,62822437,3
12898,1,0,1
12915,6,12309683,14
12924,17,0,1
12930,6,268908691,34
12935,1,0,1
12948,6,204539757,7
12961,1,0,1
12972,17,0,1
12977,1,0,1
12980,1,0,1
12981,6,0,1
12986,1,0,1
12991,17,0,1
12995,6,0,1
12999,1,0,1
13004,6,0,1
13007,1,1002333,2
13016,1,0,1
13017,1,0,1
13019,6,25030922,5
13020,17,48044475,4
13022,1,0,1
13023,1,0,1
13027,6,10457991,3
13028,6,32683736,6
13036,6,273645380,68
13050,6,17986839,3
13051,6,0,1
13052,1,0,1
13054,1,0,1
13068,6,0,1
13071,1,42935089,2
13074,17,9038017,2
13077,6,29756963,2
13093,6,0,1
13099,6,25595206,5
13106,17,0,1
13107,6,13793102,13
13111,1,200957078,3
13112,1,0,1
13122,6,0,1
13123,6,268252348,10
13125,1,0,1
13130,6,0,1
13133,6,0,1
13137,1,0,1
13141,1,0,1
13148,1,29034306,2
13158,6,1886483,6
13165,6,9260498,3
13168,1,200041009,3
13175,1,0,1
13176,17,0,1
13180,1,0,1
13181,6,229089025,6
13185,6,0,1
13186,6,0,1
13187,17,0,1
13201,1,291342,2
13204,6,9999717,2
13205,6,107627918,40
13206,6,29617281,2
13214,17,0,1
13215,1,0,1
13220,6,30631320,16
13227,1,162791360,16
13229,1,0,1
13242,17,0,1
13251,17,0,1
13263,1,0,1
13275,17,0,1
13301,6,74113,2
13302,1,0,1
13309,1,0,1
13315,6,54849948,5
13318,1,0,1
13321,6,237312,2
13326,6,0,1
13329,1,62354252,11
13342,6,0,1
13353,6,0,1
13356,6,0,1
13364,1,0,1
13367,6,180083324,6
13369,6,35585,2
13373,6,0,1
13375,17,200674071,7
13383,6,0,1
13385,6,162411768,2
13394,17,0,1
13395,17,0,1
13401,1,0,1
13403,6,50865,2
13406,6,252999220,25
13409,6,19191817,3
13412,17,73641009,2
13419,1,0,1
13420,6,25140,2
13431,1,0,1
13434,6,69231621,2
13436,17,0,1
13444,6,12256361,2
13450,1,0,1
13454,6,157365697,53
13457,6,9199859,3
13461,17,0,1
13466,17,0,1
13468,1,200993493,2
13470,6,73538172,12
13478,6,839,2
13480,1,0,1
13481,6,81999806,8
13486,6,194165472,12
13496,17,0,1
13504,6,50871611,5
13517,6,0,1
13518,6,109620971,8
13528,6,0,1
13537,1,84642889,2
13539,6,153157506,3
13545,1,201353743,3
13550,6,0,1
13558,1,0,1
13559,17,0,1
13562,17,145252054,2
13572,6,261516175,124
13575,6,0,1
13577,1,18993861,2
13584,17,0,1
13586,6,0,1
13591,17,0,1
13596,1,114277659,2
13621,1,0,1
13626,1,0,1
13635,1,0,1
13639,6,95729889,25
13643,6,0,1
13648,1,0,1
13652,6,274245933,20
13660,1,200771751,3
13663,6,0,1
13665,1,0,1
13672,6,0,1
13675,1,0,1
13681,17,0,1
13691,17,135728675,2
13697,6,30114875,2
13709,1,0,1
13721,1,0,1
13723,17,0,1
13727,1,0,1
13728,6,0,1
13730,6,223,2
13732,6,0,1
13734,1,0,1
13738,6,12241759,4
13742,6,109424161,6
13743,1,0,1
13749,1,0,1
13751,6,116608308,2
13752,6,114416629,2
13754,1,0,1
13757,1,0,1
13758,17,0,1
13771,1,0,1
13778,17,0,1
13780,1,0,1
13781,6,0,1
13783,6,142033912,8
13785,1,0,1
13794,17,0,1
13795,1,200883755,2
13803,6,156668265,5
13810,6,17277111,6
13817,6,33005878,7
13820,6,0,1
13821,1,0,1
13823,17,0,1
13836,6,194623312,9
13838,1,0,1
13839,6,0,1
13842,6,0,1
13849,1,98910930,2
13862,6,0,1
13864,1,200928524,2
13867,1,0,1
13871,6,54669204,12
13879,1,0,1
13880,6,86706,2
13890,6,0,1
13892,1,0,1
13895,17,0,1
13897,17,0,1
13902,6,26605282,18
13903,1,0,1
13904,6,217668805,6
13907,1,0,1
13928,1,0,1
13938,1,0,1
13939,1,0,1
13942,6,0,1
13952,6,9612778,3
13956,1,0,1
13961,1,0,1
13977,1,0,1
13981,6,0,1
13986,17,0,1
13988,6,13667046,6
13992,1,0,1
13994,1,0,1
13996,17,0,1
14000,6,0,1
14004,1,0,1
14007,17,0,1
14014,1,0,1
14020,6,159910376,6
14029,6,0,1
14031,6,28777804,3
14032,17,0,1
14034,6,52631,2
14040,6,0,1
14041,6,278996964,149
14049,6,0,1
14050,1,0,1
14055,1,0,1
14057,1,0,1
14060,6,0,1
14068,6,181467174,28
14080,6,0,1
14082,6,68703107,5
14086,17,0,1
14087,6,0,1
14089,6,602728,2
14099,6,0,1
14104,6,0,1
14116,1,0,1
14118,1,201156974,3
14124,1,0,1
14127,1,0,1
14142,6,0,1
14144,6,278858929,254
14157,1,0,1
14160,1,0,1
14166,17,0,1
14171,17,0,1
14178,17,0,1
14179,1,0,1
14186,1,0,1
14195,17,0,1
14202,17,248206,2
14205,6,0,1
14206,17,251113558,6
14207,17,0,1
14219,1,0,1
14223,6,0,1
14225,6,0,1
14242,17,0,1
14246,1,0,1
14248,1,0,1
14250,1,0,1
14257,6,0,1
14260,1,0,1
14264,1,0,1
14266,1,110338353,2
14272,6,21553933,3
14274,6,63591049,5
14280,1,0,1
14284,6,0,1
14286,1,0,1
14294,1,0,1
14296,6,41717346,3
14304,17,282041187,36
14308,6,68951245,17
14309,1,0,1
14326,6,284161437,107
14331,6,0,1
14334,1,0,1
14339,6,109858861,2
14346,6,0,1
14348,17,0,1
14357,6,0,1
14359,6,66786538,16
14375,6,0,1
14376,1,0,1
14377,6,83746955,6
14393,1,0,1
14395,17,0,1
14403,1,94373002,3
14407,1,0,1
14415,6,192042707,18
14417,6,0,1
14419,6,138511095,4
14420,1,0,1
14423,6,0,1
14425,17,255350810,12
14433,6,0,1
14438,6,283796393,142
14445,1,200943517,2
14447,17,0,1
14448,1,0,1
14451,1,0,1
14456,1,50586038,2
14462,1,0,1
14472,1,0,1
14474,1,0,1
14493,6,0,1
14497,17,0,1
14512,6,263909929,11
14516,6,12039482,2
14523,6,27189348,6
14536,6,0,1
14546,1,0,1
14547,17,0,1
14552,1,0,1
14556,17,0,1
14562,1,0,1
14573,1,0,1
14594,1,101019877,2
14607,6,252970418,49
14631,1,0,1
14636,17,0,1
14639,6,0,1
14642,1,0,1
14645,6,0,1
14658,6,174810836,4
14663,1,0,1
14666,6,11876334,2
14667,17,87938434,2
14668,6,0,1
14670,6,288,2
14680,1,200881122,4
14705,6,0,1
14709,17,0,1
14710,6,282769823,156
14711,1,0,1
14714,17,0,1
14717,1,0,1
14721,6,0,1
14733,1,0,1
14736,17,142870349,5
14746,1,0,1
14754,17,247278909,6
14768,6,9423399,6
14776,6,13685,2
14778,6,39460591,2
14779,6,0,1
14782,1,0,1
14785,1,0,1
14786,17,0,1
14794,1,0,1
14797,1,0,1
14799,1,0,1
14805,1,0,1
14808,6,0,1
14810,1,0,1
14811,17,0,1
14816,6,1206082,11
14821,17,0,1
14825,6,0,1
14829,17,270815604,2
14834,1,0,1
14835,1,216585066,4
14837,1,0,1
14847,1,0,1
14849,6,0,1
14854,1,200702750,3
14864,6,299663,2
14866,6,0,1
14868,6,0,1
14870,6,191176830,2
14890,17,0,1
14897,6,0,1
14898,1,200874739,3
14900,1,0,1
14902,6,21136012,2
14905,6,0,1
14912,17,0,1
14913,6,0,1
14914,6,128224901,6
14915,6,138791789,6
14922,6,11550433,2
14924,17,0,1
14926,6,0,1
14932,6,52276782,5
14937,17,0,1
14944,1,0,1
14947,6,764707,2
14948,17,0,1
14952,1,0,1
14957,1,245084591,18
14960,6,5636854,6
14974,1,0,1
14978,6,67663737,5
14991,1,0,1
14997,17,0,1
15002,1,0,1
15012,6,52238982,5
15022,1,0,1
15025,1,0,1
15030,1,0,1
15033,1,0,1
15034,6,602877,3
15039,17,0,1
15040,1,0,1
15051,6,761,2
15052,17,0,1
15074,1,0,1
15081,17,0,1
15085,17,17890334,3
15103,1,0,1
15110,1,0,1
15124,17,0,1
15126,1,0,1
15130,6,90574217,12
15132,1,0,1
15137,6,174371530,4
15140,1,0,1
15141,1,0,1
15147,1,0,1
15153,17,0,1
15157,1,0,1
15163,6,0,1
15168,17,0,1
15172,6,223814638,16
15173,6,226999437,7
15189,6,18508245,4
15195,1,233796974,3
15198,6,18754987,2
15199,6,0,1
15200,6,0,1
15210,6,23386906,4
15211,6,15720357,5
15230,6,0,1
15232,6,250271481,160
15238,6,23965421,4
15241,1,0,1
15243,6,154842315,7
15245,1,0,1
15247,1,0,1
15252,17,0,1
15261,6,59015116,3
15270,6,0,1
15274,1,0,1
15284,6,75658771,8
15293,1,0,1
15296,1,0,1
15298,6,0,1
15315,17,0,1
15316,1,0,1
15317,1,0,1
15323,17,976989,2
15324,1,0,1
15325,17,0,1
15338,6,0,1
15346,1,0,1
15348,1,0,1
15349,6,0,1
15355,6,0,1
15356,6,0,1
15357,1,0,1
15360,6,0,1
15370,1,0,1
15374,1,0,1
15384,6,0,1
15385,17,0,1
15413,6,6576054,2
15417,1,0,1
15424,1,0,1
15425,6,75137093,2
15427,6,0,1
15428,1,0,1
15431,6,0,1
15455,6,0,1
15458,1,0,1
15459,6,271162550,9
15463,6,0,1
15473,17,0,1
15484,6,0,1
15485,6,0,1
15489,1,0,1
15495,1,0,1
15504,6,93947428,14
15517,1,0,1
15524,17,0,1
15535,1,0,1
15543,1,0,1
15546,6,3591457,3
15549,6,0,1
15550,1,107980563,2
15552,17,0,1
15555,1,0,1
15560,6,35672580,7
15576,1,0,1
15580,1,0,1
15584,6,254791180,129
15585,6,0,1
15588,1,0,1
15595,6,32490040,25
15601,17,0,1
15613,17,0,1
15631,1,0,1
15637,17,0,1
15640,1,0,1
15647,1,0,1
15650,6,280300602,95
15653,1,0,1
15654,1,0,1
15657,6,199477844,18
15662,1,0,1
15665,6,0,1
15667,6,24773126,7
15671,17,0,1
15678,6,95408130,5
15694,17,0,1
15695,6,0,1
15697,6,194175991,2
15705,6,60725434,7
15706,6,38927441,7
15716,1,0,1
15730,1,0,1
15737,6,40721816,8
15742,1,0,1
15746,6,0,1
15759,6,74059400,11
15767,17,0,1
15772,1,0,1
15779,1,200960168,3
15789,1,0,1
15791,17,0,1
15796,6,18326095,4
15809,6,0,1
15811,1,0,1
15813,1,0,1
15821,1,0,1
15822,1,0,1
15824,6,262896306,45
15829,6,0,1
15835,1,0,1
15839,17,149824756,2
15853,1,125081920,2
15856,6,2427259,5
15860,6,0,1
15867,6,0,1
15884,1,0,1
15886,6,10909931,4
15892,6,235196758,26
15907,6,2681651,3
15917,1,0,1
15930,1,0,1
15931,1,203480286,2
15933,17,33150996,2
15937,6,0,1
15944,6,31958498,16
15950,6,0,1
15951,17,0,1
15952,1,0,1
15957,6,50274072,31
15964,17,0,1
15966,1,0,1
15968,1,40838333,2
15971,1,0,1
15973,1,0,1
15977,6,0,1
15978,1,0,1
15982,1,0,1
15986,6,0,1
15987,6,538,2
15989,1,0,1
16015,1,0,1
16018,17,0,1
16028,6,0,1
16029,6,44829868,7
16031,1,0,1
16036,6,11802,4
16039,1,0,1
16053,17,0,1
16056,17,0,1
16057,6,171436082,3
16066,17,0,1
16068,6,128114285,5
16070,1,0,1
16072,6,0,1
16073,6,0,1
16079,1,0,1
16094,6,0,1
16100,6,215634095,15
16113,6,0,1
16127,6,0,1
16128,1,200887693,3
16132,1,0,1
16141,1,0,1
16144,17,165249653,2
16145,6,0,1
16149,6,168656071,3
16164,1,0,1
16168,1,0,1
16172,6,0,1
16173,17,0,1
16175,6,0,1
16177,1,0,1
16194,6,56168343,2
16195,6,0,1
16203,6,375,2
16211,6,0,1
16216,1,0,1
16230,17,0,1
16243,6,110703961,2
16251,6,0,1
16255,17,0,1
16258,6,0,1
16266,6,16794674,2
16269,1,0,1
16273,17,0,1
16281,6,27654771,4
16291,1,0,1
16312,1,0,1
16319,17,0,1
16332,1,0,1
16334,6,168881792,23
16351,1,0,1
16365,1,0,1
16371,1,0,1
16387,6,0,1
16389,1,103293384,11
16390,1,0,1
16396,1,0,1
16398,6,0,1
16416,1,0,1
16419,17,0,1
16422,6,55066445,5
16430,17,0,1
16432,6,0,1
16433,6,10616823,2
16437,6,12616,2
16439,1,0,1
16443,6,0,1
16445,1,0,1
16462,6,25073845,2
16473,17,0,1
16475,17,277010028,80
16477,6,0,1
16484,17,0,1
16489,6,268297018,91
16496,6,3933828,3
16498,17,0,1
16503,6,0,1
16507,1,0,1
16509,6,0,1
16522,17,0,1
16529,6,46339059,4
16545,1,0,1
16557,6,276529832,95
16566,1,0,1
16570,1,0,1
16577,6,63923688,8
16588,17,0,1
16589,1,0,1
16594,6,0,1
16605,6,39708150,3
16612,1,0,1
16613,1,0,1
16623,6,0,1
16625,1,0,1
16631,6,28686748,2
16635,6,0,1
16637,1,207686828,4
16639,17,0,1
16640,6,10683181,6
16641,17,0,1
16647,17,26091546,2
16655,6,0,1
16658,17,0,1
16659,6,0,1
16668,6,0,1
16671,17,0,1
16673,6,0,1
16683,17,0,1
16687,6,35390984,5
16701,6,0,1
16708,1,0,1
16709,6,39537447,11
16716,6,0,1
16718,1,0,1
16724,17,118420446,2
16729,17,0,1
16744,1,0,1
16751,1,0,1
16763,6,71096364,2
16766,6,0,1
16771,6,10345038,3
16777,1,215911243,3
16784,6,3120516,14
16787,6,7412718,6
16789,6,285263947,139
16799,17,0,1
16805,6,147628249,28
16816,6,0,1
16822,1,211224793,3
16828,1,0,1
16832,6,72345435,2
16833,1,0,1
16834,1,0,1
16835,6,16330551,3
16842,6,13671788,6
16849,6,0,1
16855,17,0,1
16871,6,54768073,7
16894,6,686593,19
16898,6,0,1
16906,6,0,1
16909,17,0,1
16911,6,168060464,8
16914,1,0,1
16918,6,13550570,2
16923,6,50493128,4
16929,1,9228779,2
16939,1,0,1
16941,6,31329291,4
16946,1,113071188,5
16960,6,19329598,5
16962,1,0,1
16980,6,248997510,123
16981,6,270737546,29
16986,17,0,1
16990,6,78914448,2
17000,17,0,1
17007,6,213426637,10
17010,17,0,1
17019,6,0,1
17021,1,0,1
17027,6,0,1
17028,6,0,1
17029,6,45029543,2
17032,6,477052,2
17033,6,0,1
17040,6,0,1
17041,1,80510887,2
17051,17,0,1
17055,17,0,1
17057,1,0,1
17058,6,0,1
17059,6,0,1
17064,17,177909267,9
17065,17,0,1
17078,1,0,1
17083,6,29494418,3
17085,1,201083855,4
17098,17,0,1
17099,17,191654624,8
17100,1,201076554,3
17102,6,0,1
17110,6,0,1
17113,6,7112685,5
17125,6,288027,2
17126,17,0,1
17131,6,0,1
17132,6,45195433,5
17138,17,65871936,2
17139,17,0,1
17151,6,34702940,6
17153,6,10280399,2
17158,17,0,1
17165,1,261583890,9
17166,17,0,1
17167,1,0,1
17168,6,2694250,14
17183,1,0,1
17193,6,2764311,4
17197,6,40842921,21
17199,1,0,1
17209,1,0,1
17219,6,0,1
17225,6,0,1
17229,6,0,1
17231,17,0,1
17232,17,0,1
17235,6,0,1
17236,6,19171247,2
17237,6,0,1
17251,17,0,1
17259,6,19657441,2
17261,1,0,1
17263,6,0,1
17265,1,200906808,2
17268,1,100478979,2
17271,17,0,1
17272,6,0,1
17283,1,0,1
17291,6,219986156,9
17309,6,214168322,3
17312,1,0,1
17337,1,0,1
17340,17,0,1
17345,6,0,1
17346,6,51026922,5
17347,6,249776954,4
17348,6,0,1
17353,1,0,1
17357,17,0,1
17358,6,0,1
17359,17,0,1
17360,1,0,1
17364,6,0,1
17370,6,0,1
17382,6,17329271,2
17388,1,0,1
17389,6,0,1
17391,6,46925173,8
17407,1,0,1
17423,1,0,1
17428,1,0,1
17431,6,0,1
17432,1,0,1
17444,6,31629227,4
17447,1,199717177,3
17453,6,17936158,3
17458,1,0,1
17473,17,235782781,22
17477,1,0,1
17495,6,80320163,6
17496,17,0,1
17501,6,19515253,4
17503,1,0,1
17505,1,0,1
17506,6,0,1
17510,6,73414334,4
17511,6,1575905,2
17514,1,0,1
17516,6,0,1
17517,6,0,1
17519,6,80378772,4
17522,1,0,1
17527,6,161091247,5
17530,6,0,1
17532,6,0,1
17533,6,42263293,4
17534,1,50508524,2
17544,6,25515136,2
17549,6,56149111,9
17550,17,286455976,1096
17552,6,2962113,15
17557,1,0,1
17562,6,13679774,7
17564,17,159354780,3
17571,17,0,1
17595,6,5286801,2
17601,17,0,1
17602,1,0,1
17607,6,12290471,2
17613,1,0,1
17619,1,0,1
17624,1,0,1
17629,1,0,1
17641,6,61695590,2
17645,17,0,1
17650,1,0,1
17661,17,200841944,3
17662,17,0,1
17665,1,0,1
17666,6,144546484,3
17667,17,0,1
17681,6,35711877,3
17685,1,0,1
17700,1,0,1
17707,6,32660892,10
17711,1,0,1
17712,1,0,1
17715,17,0,1
17720,6,242155269,22
17724,1,0,1
17726,6,124930192,2
17729,1,0,1
17736,6,0,1
17738,6,0,1
17744,6,203835908,7
17752,6,0,1
17757,6,69205597,4
17759,17,0,1
17761,1,0,1
17764,1,85603417,2
17770,17,264183793,174
17773,6,56434797,9
17775,1,0,1
17788,1,0,1
17795,1,0,1
17815,17,0,1
17821,6,63079927,8
17835,1,36501983,3
17846,17,0,1
17860,1,0,1
17872,6,174716026,7
17873,1,0,1
17883,1,78835413,11
17887,6,49535589,10
17891,1,0,1
17902,1,0,1
17912,1,0,1
17915,6,0,1
17916,1,0,1
17918,17,0,1
17920,6,0,1
17922,1,200912100,3
17926,1,0,1
17930,6,0,1
17936,6,3083992,14
17940,17,0,1
17957,6,282264157,135
17960,6,85948522,3
17961,1,0,1
17968,1,0,1
17975,6,10420361,4
17981,17,0,1
17987,1,0,1
17991,1,198894282,3
18002,1,0,1
18004,6,506,3
18005,1,0,1
18016,6,54140122,6
18022,17,0,1
18024,6,5950154,11
18031,6,0,1
18043,6,0,1
18044,6,0,1
18048,17,65812233,2
18053,1,0,1
18054,6,0,1
18059,17,261589143,35
18063,6,0,1
18064,6,61139641,7
18072,17,77985724,22
18080,6,9528213,24
18091,6,29966323,3
18092,1,0,1
18108,1,0,1
18116,1,198552957,2
18120,17,0,1
18121,1,241325859,6
18124,17,200864573,3
18125,1,0,1
18134,1,0,1
18144,1,0,1
18150,1,0,1
18151,6,1405334,2
18155,6,31859406,10
18166,1,0,1
18168,6,0,1
18170,1,0,1
18172,6,42775806,3
18174,6,87735639,3
18175,17,0,1
18178,1,0,1
18189,1,0,1
18211,1,0,1
18215,1,95481598,2
18216,1,0,1
18227,1,0,1
18231,6,0,1
18232,6,0,1
18246,6,41189543,8
18252,1,172888765,2
18255,1,0,1
18258,6,7055609,6
18268,6,0,1
18271,6,1650885,4
18273,6,0,1
18278,17,0,1
18284,6,10456200,39
18287,6,149230504,2
18288,6,14833316,2
18295,6,109916071,2
18296,6,0,1
18300,17,0,1
18303,1,0,1
18304,6,46701327,6
18310,1,0,1
18312,1,0,1
18321,6,0,1
18324,6,14313860,5
18341,6,285452875,186
18342,1,0,1
18343,6,1257003,2
18345,1,0,1
18351,6,86523572,3
18361,6,39217220,2
18363,6,0,1
18364,17,19412860,2
18370,1,0,1
18371,1,57734473,2
18379,6,135,2
18389,17,0,1
18395,1,0,1
18398,17,0,1
18400,6,11183625,23
18401,6,166550768,14
18402,1,0,1
18405,1,0,1
18430,1,42429286,2
18436,17,0,1
18444,1,0,1
18446,6,0,1
18448,6,135283905,24
18449,6,0,1
18460,1,0,1
18463,6,0,1
18465,6,0,1
18469,17,499075,6
18477,1,0,1
18485,6,285986805,113
18492,1,0,1
18493,1,0,1
18495,1,0,1
18501,17,0,1
18503,1,0,1
18507,6,33055708,7
18508,17,233892178,3
18514,17,0,1
18515,1,0,1
18531,1,0,1
18533,6,0,1
18536,1,0,1
18540,6,276562142,50
18553,6,0,1
18554,6,0,1
18562,6,0,1
18563,17,0,1
18566,1,0,1
18569,6,6039139,2
18577,17,0,1
18581,1,0,1
18582,6,202274427,8
18588,1,0,1
18591,1,0,1
18610,1,0,1
18616,1,0,1
18619,6,0,1
18622,6,0,1
18626,6,54689,11
18641,1,140731367,4
18644,1,0,1
18656,6,3046232,5
18663,1,0,1
18666,6,0,1
18678,6,0,1
18679,1,0,1
18692,1,0,1
18704,6,2707627,14
18710,6,0,1
18739,1,0,1
18743,6,10417921,4
18747,6,0,1
18756,6,0,1
18769,1,0,1
18781,1,0,1
18789,1,0,1
18802,6,138657306,15
18804,6,0,1
18811,6,21291144,5
18820,6,4968646,28
18831,6,28461178,5
18834,17,150625,2
18841,17,0,1
18843,6,142170001,15
18847,6,7125946,5
18848,6,3173369,4
18851,1,0,1
18853,6,41691187,2
18856,1,0,1
18860,1,202594440,4
18864,17,0,1
18880,6,5776286,3
18887,1,23844360,2
18890,17,0,1
18895,6,0,1
18902,6,202579063,8
18907,1,0,1
18912,17,222603255,5
18916,6,44786960,14
18918,6,13098002,3
18920,17,0,1
18922,1,0,1
18923,1,0,1
18925,6,0,1
18934,6,11554,3
18935,1,0,1
18936,6,114021995,4
18952,17,0,1
18957,1,0,1
18959,1,0,1
18961,6,45818076,9
18963,6,0,1
18968,6,0,1
18971,17,0,1
18979,6,97594845,2
18980,6,281390482,96
18989,6,85306914,2
18995,1,0,1
19000,6,113530473,2
19003,6,0,1
19005,6,0,1
19007,6,0,1
19009,6,0,1
19010,6,105974547,10
19012,6,174442580,3
19016,17,0,1
19019,1,0,1
19020,6,12253231,2
19023,6,28457781,5
19040,6,4984195,9
19048,6,0,1
19049,1,0,1
19059,1,0,1
19061,1,0,1
19067,17,0,1
19100,17,0,1
19101,6,0,1
19109,1,233932650,4
19113,1,0,1
19123,1,207749721,3
19131,6,0,1
19138,1,0,1
19144,17,370535,2
19146,6,46148849,4
19147,6,0,1
19172,6,278771030,31
19173,6,26543914,2
19176,6,0,1
19180,1,0,1
19193,1,0,1
19195,6,0,1
19198,17,185142163,9
19200,6,113616537,3
19212,6,0,1
19219,1,0,1
19229,6,26155945,20
19230,1,0,1
19233,6,206498777,5
19234,17,0,1
19235,17,0,1
19246,6,245279318,3
19247,1,0,1
19252,1,200754256,3
19259,17,0,1
19263,1,0,1
19270,6,254128032,832
19271,1,200758712,3
19276,6,262403809,148
19286,6,203029504,8
19289,6,87326122,5
19300,17,76997092,2
19307,6,0,1
19313,1,0,1
19315,1,0,1
19322,6,0,1
19327,17,0,1
19332,6,34691269,4
19335,1,0,1
19340,1,0,1
19342,1,0,1
19344,6,3628967,14
19352,17,0,1
19363,1,0,1
19367,6,0,1
19368,1,0,1
19373,1,0,1
19374,17,0,1
19375,6,27443913,5
19385,6,108281396,2
19386,6,0,1
19387,6,0,1
19393,17,0,1
19402,6,0,1
19404,1,0,1
19413,1,88625785,2
19421,6,0,1
19429,6,0,1
19430,6,286982800,269
19432,1,0,1
19438,17,0,1
19452,6,17355619,5
19454,6,0,1
19460,6,37354415,5
19465,1,0,1
19466,6,84438906,3
19467,1,0,1
19472,6,2675211,14
19478,6,0,1
19486,6,19761965,4
19489,6,0,1
19490,1,0,1
19496,17,0,1
19498,1,202162578,2
19500,1,0,1
19502,1,0,1
19503,6,27259286,5
19509,17,0,1
19510,1,108395737,2
19511,6,10177356,4
19521,17,0,1
19525,1,232879775,5
19537,6,0,1
19540,6,0,1
19543,6,0,1
19546,1,200970137,2
19548,17,0,1
19550,1,0,1
19553,6,0,1
19556,6,0,1
19563,6,265995482,444
19567,1,0,1
19571,1,0,1
19584,17,0,1
19585,6,0,1
19602,1,0,1
19616,6,163086440,20
19623,6,13646734,2
19630,6,33577222,6
19633,17,0,1
19646,1,0,1
19665,17,0,1
19675,6,0,1
19680,1,0,1
19692,1,0,1
19694,6,19522379,4
19695,1,0,1
19701,17,0,1
19708,6,0,1
19725,6,0,1
19735,6,0,1
19744,1,0,1
19746,1,0,1
19758,1,0,1
19768,6,0,1
19771,6,135928443,8
19773,1,0,1
19777,6,0,1
19780,1,0,1
19790,6,35156013,6
19797,6,0,1
19798,17,0,1
19802,6,74051801,2
19810,1,0,1
19815,1,0,1
19819,1,0,1
19822,1,0,1
19826,1,0,1
19831,1,0,1
19832,17,0,1
19835,17,0,1
19838,1,0,1
19845,17,0,1
19864,1,171025237,2
19894,17,0,1
19899,6,190820307,15
19908,1,0,1
19911,6,0,1
19919,6,25750216,5
19920,1,0,1
19928,17,0,1
19933,1,0,1
19936,6,4590739,4
19945,1,100506025,2
19947,6,261152723,59
19959,1,0,1
19988,6,161219812,8
19990,6,0,1
20000,6,8387299,25
20010,1,0,1
20011,6,90643104,10
20015,6,10101615,2
20020,17,0,1
20029,1,0,1
20030,6,0,1
20040,6,236283415,10
20054,17,0,1
20067,6,0,1
20084,17,0,1
20103,1,0,1
20108,6,19077315,2
20111,17,2235904,2
20112,6,4033843,15
20117,1,0,1
20123,1,0,1
20124,1,0,1
20143,6,273776359,68
20146,6,0,1
20149,1,0,1
20150,17,207207162,4
20151,6,10954894,4
20152,1,0,1
20155,6,249878070,3
20167,17,0,1
20168,17,0,1
20180,17,0,1
20182,1,0,1
20187,6,260250858,12
20190,1,0,1
20191,6,0,1
20212,1,0,1
20223,6,0,1
20224,6,242666118,4
20233,1,0,1
20235,6,0,1
20242,1,0,1
20243,1,0,1
20248,17,0,1
20256,1,0,1
20259,6,31265076,5
20272,1,0,1
20277,17,30893881,2
20280,1,0,1
20282,6,0,1
20283,17,44662796,2
20285,17,0,1
20286,1,0,1
20293,1,0,1
20296,17,0,1
20298,1,0,1
20300,1,0,1
20304,1,0,1
20305,6,0,1
20311,17,0,1
20320,6,10372648,24
20323,17,0,1
20334,6,244116576,6
20346,6,0,1
20363,1,200972694,2
20367,17,0,1
20373,1,0,1
20376,17,0,1
20377,1,0,1
20386,6,0,1
20394,1,0,1
20398,17,0,1
20399,1,0,1
20402,6,0,1
20404,17,271634475,109
20407,1,0,1
20411,6,12144022,5
20419,6,46136011,5
20420,6,178148050,13
20430,6,0,1
20431,6,40894828,5
20432,17,0,1
20433,6,1576893,16
20451,1,0,1
20453,1,0,1
20458,6,0,1
20463,6,25737672,5
20467,6,0,1
20473,6,0,1
20482,6,0,1
20483,17,0,1
20494,1,0,1
20508,6,7165252,5
20517,41,287707221,1976
20520,1,0,1
20521,6,86182540,14
20522,1,0,1
20531,6,0,1
20533,6,198629529,21
20535,6,20163821,3
20541,6,0,1
20553,17,0,1
20556,1,0,1
20564,6,1315779,2
20567,6,86779434,2
20572,6,0,1
20573,6,44739169,5
20584,1,0,1
20588,17,0,1
20591,6,0,1
20598,17,0,1
20601,1,0,1
20603,6,150719964,8
20606,6,0,1
20608,1,0,1
20609,6,0,1
20615,1,0,1
20623,1,0,1
20624,6,1440563,13
20635,17,0,1
20639,6,26164039,5
20643,6,131374831,26
20644,6,1304331,2
20649,1,0,1
20653,6,1402885,5
20655,1,0,1
20657,17,0,1
20659,1,0,1
20660,1,116377481,7
20661,1,162217123,2
20663,6,284770908,23
20671,6,0,1
20673,1,0,1
20698,17,0,1
20700,17,0,1
20702,6,20254248,6
20705,17,0,1
20706,17,0,1
20707,6,202184069,4
20710,6,120190126,6
20713,17,0,1
20717,6,66672910,6
20732,17,284934327,266
20737,1,0,1
20741,17,0,1
20752,6,0,1
20756,1,0,1
20765,1,0,1
20773,1,0,1
20776,6,127438691,5
20779,1,0,1
20798,6,0,1
20799,1,0,1
20808,6,0,1
20813,6,0,1
20814,1,200843783,3
20822,6,29098922,4
20824,1,0,1
20837,6,701296,2
20838,1,0,1
20840,6,0,1
20841,1,0,1
20843,6,0,1
20846,6,45199494,2
20853,17,0,1
20854,1,0,1
20857,17,39391127,2
20862,6,0,1
20865,17,229865763,16
20870,6,0,1
20875,1,0,1
20879,1,0,1
20881,6,18073721,3
20887,17,0,1
20892,6,0,1
20897,6,0,1
20906,1,0,1
20918,6,0,1
20922,1,0,1
20931,6,47342444,5
20934,17,200892423,3
20943,6,76045,2
20953,17,0,1
20954,6,0,1
20959,6,26548690,5
20960,6,0,1
20969,1,0,1
20971,1,0,1
20977,1,0,1
20979,17,0,1
20982,1,0,1
20985,1,0,1
20986,1,0,1
20996,1,0,1
21008,6,3182016,14
21013,6,0,1
21016,6,0,1
21017,1,0,1
21018,6,0,1
21020,6,0,1
21034,1,0,1
21036,6,0,1
21039,6,27422616,5
21042,1,597214,2
21058,17,0,1
21060,17,0,1
21063,6,41681019,5
21065,1,0,1
21074,6,0,1
21077,6,22371362,4
21081,6,19356395,2
21105,17,0,1
21113,1,0,1
21118,6,0,1
21119,17,0,1
21134,6,2499797,18
21135,6,0,1
21137,6,162319833,7
21153,1,153029721,2
21164,6,128903790,3
21171,17,0,1
21176,17,0,1
21177,17,0,1
21188,17,0,1
21195,1,0,1
21197,6,0,1
21211,6,11336274,3
21213,6,41885661,5
21216,1,0,1
21217,17,0,1
21221,6,0,1
21223,6,225266059,79
21228,6,0,1
21238,17,0,1
21246,6,166097791,3
21250,6,114635064,10
21251,6,10190044,2
21253,6,270319928,13
21255,6,0,1
21266,1,0,1
21269,1,0,1
21271,1,214426752,3
21277,17,0,1
21278,6,0,1
21283,6,14082794,2
21290,6,9082,4
21291,17,0,1
21296,1,0,1
21300,1,0,1
21303,1,1666648,2
21306,6,0,1
21313,6,0,1
21318,1,231486243,3
21327,6,46214739,2
21329,1,0,1
21340,17,0,1
21343,6,30401665,5
21346,17,0,1
21362,6,277322129,2116
21370,6,6229540,30
21371,6,40837666,6
21374,1,0,1
21385,6,0,1
21425,6,135670088,12
21428,6,0,1
21430,1,0,1
21439,17,0,1
21444,6,0,1
21446,1,0,1
21455,6,27424833,5
21459,6,0,1
21464,17,0,1
21465,1,0,1
21474,1,0,1
21475,17,0,1
21480,6,11763477,2
21483,1,0,1
21485,6,0,1
21493,6,0,1
21494,6,0,1
21506,6,0,1
21513,1,0,1
21515,6,0,1
21519,6,0,1
21521,6,55948768,2
21528,6,0,1
21536,6,0,1
21540,17,0,1
21546,1,0,1
21552,6,12603408,6
21553,17,0,1
21554,1,0,1
21557,6,0,1
21561,1,0,1
21562,6,0,1
21567,1,0,1
21578,6,270357414,20
21583,6,25436027,5
21586,6,7639733,4
21596,17,0,1
21597,6,38513395,3
21601,6,0,1
21613,6,21382730,2
21628,1,0,1
21637,6,100495189,5
21643,6,0,1
21649,17,177726819,2
21652,6,1697735,5
21659,17,0,1
21663,1,0,1
21674,6,0,1
21678,6,279109527,78
21681,17,0,1
21695,6,47352597,2
21696,6,13332816,6
21701,17,0,1
21703,6,0,1
21706,17,0,1
21714,6,0,1
21729,17,0,1
21740,1,201835107,3
21747,6,0,1
21754,6,0,1
21755,1,36998909,2
21763,1,110339832,2
21773,6,18994078,5
21778,1,0,1
21779,1,0,1
21792,6,22751215,9
21800,6,0,1
21813,1,0,1
21830,6,0,1
21832,1,0,1
21840,6,0,1
21845,6,0,1
21849,1,0,1
21856,1,0,1
21861,1,0,1
21872,1,200880886,3
21874,6,25332452,4
21886,6,0,1
21888,17,30839429,2
21900,17,0,1
21904,6,20979607,15
21918,1,0,1
21919,6,26126721,5
21921,1,65577640,2
21922,1,206355409,5
21927,1,0,1
21931,17,262935905,9
21935,6,25435865,5
21938,6,7616843,4
21959,1,12742,2
21971,1,0,1
21990,1,0,1
21996,1,0,1
22000,1,0,1
22012,1,0,1
22013,1,0,1
22015,1,90811660,2
22025,6,0,1
22027,6,0,1
22032,1,0,1
22040,17,278245977,78
22050,1,0,1
22054,1,0,1
22070,1,0,1
22071,1,0,1
22072,6,0,1
22076,6,0,1
22083,6,21780244,5
22087,17,0,1
22092,41,287015893,203
22095,6,274407586,2
22103,6,0,1
22107,1,0,1
22115,6,26529438,4
22117,6,0,1
22118,6,0,1
22120,17,0,1
22122,1,0,1
22124,17,0,1
22125,6,12381788,2
22128,17,249451677,7
22135,1,0,1
22139,1,0,1
22140,6,0,1
22141,6,66612939,6
22146,1,0,1
22160,1,0,1
22162,6,0,1
22167,17,0,1
22169,1,0,1
22171,1,0,1
22177,6,199721604,6
22178,1,0,1
22199,1,200930208,3
22200,17,0,1
22205,1,151248729,2
22208,6,0,1
22219,1,0,1
22225,6,75126511,2
22230,1,0,1
22236,1,0,1
22237,17,0,1
22246,1,0,1
22250,1,240559306,6
22255,17,34911,2
22261,6,0,1
22271,1,0,1
22283,1,0,1
22286,6,190216771,32
22288,6,2868971,14
22293,6,0,1
22295,6,255453541,42
22301,6,30103976,3
22307,6,0,1
22315,17,0,1
22330,6,226838002,4
22332,1,0,1
22337,1,0,1
22340,17,0,1
22355,17,0,1
22374,17,0,1
22376,1,241271741,7
22388,1,194179591,2
22390,6,0,1
22391,1,0,1
22397,17,225923886,3
22399,1,0,1
22404,6,0,1
22415,6,204603393,8
22417,1,13085900,2
22423,1,0,1
22429,1,0,1
22437,1,0,1
22440,1,0,1
22454,6,0,1
22470,17,0,1
22480,6,0,1
22484,1,0,1
22491,1,0,1
22493,6,40394555,5
22501,6,207254936,6
22505,1,0,1
22512,1,0,1
22522,6,0,1
22523,6,100542576,26
22524,17,0,1
22526,6,0,1
22529,6,101634861,5
22536,6,0,1
22555,6,0,1
22557,6,338410,2
22558,1,198679590,3
22572,6,10343801,2
22579,1,200837909,4
22583,6,279926068,30
22590,17,0,1
22595,17,44230701,2
22597,6,12613070,7
22603,17,0,1
22608,6,16313784,5
22610,6,23574810,4
22620,1,0,1
22628,17,0,1
22641,6,0,1
22651,1,0,1
22655,17,3726,15
22660,6,37427119,2
22668,17,0,1
22671,6,21848712,5
22684,1,0,1
22687,6,0,1
22688,1,0,1
22695,6,4277165,8
22720,17,0,1
22732,1,0,1
22736,6,0,1
22744,6,0,1
22747,1,0,1
22753,1,0,1
22762,6,0,1
22763,6,218008792,19
22766,17,0,1
22769,6,27171,8
22773,17,0,1
22778,6,0,1
22782,6,0,1
22786,1,0,1
22793,6,0,1
22797,1,0,1
22810,6,71737193,18
22812,1,0,1
22817,6,282754625,98
22825,6,0,1
22835,17,0,1
22843,6,0,1
22849,1,0,1
22853,17,0,1
22859,17,0,1
22860,1,0,1
22861,1,0,1
22865,1,0,1
22869,6,0,1
22879,6,29255486,5
22884,6,286689848,383
22886,1,0,1
22891,17,142314812,12
22892,17,0,1
22895,6,230958352,67
22897,6,0,1
22898,6,0,1
22900,1,0,1
22910,1,0,1
22922,6,73983083,2
22926,6,218942162,25
22934,1,0,1
22945,6,221233909,8
22966,17,0,1
22967,1,170581921,3
22970,6,0,1
22973,1,0,1
22979,17,0,1
22981,6,0,1
22984,6,216850625,9
22990,1,200774088,3
22994,1,98029752,3
23002,6,0,1
23004,6,0,1
23008,6,0,1
23019,6,0,1
23020,17,0,1
23026,1,0,1
23038,6,0,1
23040,1,0,1
23046,1,0,1
23047,6,0,1
23048,17,0,1
23052,17,275407990,46
23058,6,0,1
23064,17,0,1
23067,17,0,1
23069,17,0,1
23076,1,0,1
23077,17,0,1
23079,6,5441360,10
23087,6,0,1
23092,1,0,1
23094,6,88068030,4
23107,17,0,1
23109,1,0,1
23110,6,0,1
23111,6,0,1
23131,1,0,1
23135,6,1557647,3
23138,1,0,1
23140,6,228867214,111
23143,17,150703135,2
23145,6,49108940,6
23147,17,0,1
23148,1,0,1
23149,6,0,1
23156,6,284519841,99
23161,1,0,1
23163,1,0,1
23168,1,0,1
23169,6,0,1
23171,1,220155190,6
23174,47,49485768,2
23180,17,0,1
23188,1,0,1
23193,6,49855257,6
23199,17,0,1
23215,6,0,1
23216,1,0,1
23221,1,0,1
23222,17,0,1
23223,6,1065552,2
23224,1,0,1
23225,6,137914,2
23230,1,0,1
23231,6,202296404,15
23233,6,0,1
23235,17,0,1
23239,1,0,1
23249,6,0,1
23261,1,153771505,6
23263,6,94511438,2
23267,6,105448257,18
23272,6,102885816,7
23278,1,0,1
23279,1,0,1
23283,1,0,1
23284,6,0,1
23288,1,146890635,8
23291,6,1105,4
23293,1,0,1
23298,1,0,1
23301,17,0,1
23308,6,19727433,2
23309,1,0,1
23316,6,24028678,5
23325,17,0,1
23332,1,0,1
23335,1,0,1
23344,1,0,1
23346,17,0,1
23353,17,200707991,3
23356,1,0,1
23364,1,0,1
23371,17,0,1
23372,1,0,1
23379,6,118254989,4
23391,1,0,1
23392,6,9144992,5
23399,6,4263581,8
23407,1,6715646,2
23409,17,0,1
23411,1,0,1
23414,17,0,1
23416,17,200865640,4
23419,17,184486454,2
23423,6,258650982,6
23431,6,207715833,5
23434,1,0,1
23445,1,0,1
23455,1,0,1
23462,6,29456531,4
23471,1,0,1
23474,1,200170665,3
23483,17,0,1
23492,6,63336068,5
23493,1,0,1
23501,6,168525169,4
23505,6,0,1
23510,1,0,1
23515,1,0,1
23519,6,26010457,5
23522,17,0,1
23527,6,33631652,3
23532,6,69354487,2
23533,6,0,1
23534,1,12893780,2
23537,1,0,1
23551,6,0,1
23555,1,0,1
23561,6,55054165,6
23566,6,0,1
23576,6,87325300,5
23578,6,0,1
23579,17,271639923,11
23583,17,0,1
23596,1,0,1
23602,1,0,1
23603,6,1150503,2
23605,17,203962569,2
23624,6,0,1
23630,6,33325763,6
23633,6,0,1
23637,6,0,1
23656,6,138454890,14
23661,1,0,1
23662,1,230938384,2
23668,6,0,1
23681,6,22282536,5
23694,6,0,1
23701,6,128639627,3
23702,17,0,1
23729,6,0,1
23732,1,0,1
23737,6,176847834,18
23738,6,0,1
23739,1,0,1
23742,6,0,1
23752,6,17770136,9
23754,1,0,1
23769,1,0,1
23772,6,283871175,799
23773,1,0,1
23775,6,7177907,5
23784,17,246687349,4
23787,6,190669457,6
23807,1,0,1
23811,1,23833451,2
23813,17,0,1
23817,1,0,1
23818,6,0,1
23824,1,0,1
23828,1,0,1
23835,1,0,1
23839,6,0,1
23855,17,0,1
23860,6,0,1
23868,1,0,1
23876,6,286426521,158
23889,6,0,1
23896,6,29031787,5
23901,1,0,1
23902,1,0,1
23915,17,0,1
23931,17,0,1
23945,1,0,1
23948,1,0,1
23953,17,0,1
23955,17,5621,15
23959,6,0,1
23961,1,0,1
23964,17,0,1
23965,6,0,1
23969,6,0,1
23976,6,57111968,6
23988,17,0,1
23995,17,0,1
23999,1,0,1
24002,6,113326376,2
24009,1,0,1
24017,1,0,1
24021,1,0,1
24023,1,194290910,3
24049,6,0,1
24054,6,116123201,26
24058,6,0,1
24059,1,0,1
24062,6,89000937,38
24067,6,1330383,2
24074,1,0,1
24083,6,99883381,6
24089,1,0,1
24098,17,0,1
24102,17,0,1
24108,1,0,1
24114,1,0,1
24115,1,0,1
24120,6,0,1
24122,6,0,1
24126,6,0,1
24129,1,107300272,5
24136,6,71448874,4
24144,17,0,1
24146,17,0,1
24151,6,0,1
24156,17,163882582,3
24160,1,0,1
24161,6,0,1
24168,1,37151,2
24169,1,0,1
24173,1,200976235,2
24175,1,0,1
24177,1,61843595,4
24187,6,0,1
24188,6,0,1
24193,1,0,1
24196,6,14229714,8
24198,1,0,1
24200,17,0,1
24204,17,0,1
24205,6,23511884,2
24209,6,0,1
24212,1,200773877,4
24226,17,0,1
24233,1,107711677,3
24235,6,0,1
24248,17,0,1
24257,6,0,1
24268,1,0,1
24276,1,0,1
24292,6,0,1
24296,17,38334833,2
24297,1,0,1
24302,17,0,1
24303,6,21851184,5
24307,6,74332892,8
24310,6,35015017,3
24314,17,0,1
24319,6,0,1
24320,1,0,1
24335,6,21848596,5
24338,1,200952626,2
24343,1,201060356,3
24346,17,0,1
24349,6,0,1
24350,17,0,1
24353,6,148378341,5
24360,1,0,1
24364,6,0,1
24383,17,0,1
24386,1,0,1
24387,6,850841,2
24388,1,0,1
24399,1,0,1
24413,1,0,1
24417,1,0,1
24418,1,0,1
24422,1,0,1
24429,6,0,1
24433,6,0,1
24435,17,0,1
24437,1,0,1
24441,6,0,1
24446,6,0,1
24449,6,0,1
24456,6,50227987,6
24467,17,0,1
24471,1,0,1
24472,1,0,1
24482,17,0,1
24484,17,38335488,2
24487,1,0,1
24491,6,240,2
24500,1,0,1
24501,1,0,1
24504,1,0,1
24509,6,0,1
24513,17,0,1
24519,6,0,1
24533,1,0,1
24546,6,427179,2
24554,6,0,1
24558,17,0,1
24578,6,0,1
24584,17,0,1
24591,17,0,1
24594,1,0,1
24602,1,0,1
24631,17,0,1
24634,1,0,1
24653,1,0,1
24660,6,271993758,208
24665,6,713,2
24667,6,19488775,2
24682,6,0,1
24687,1,0,1
24690,1,0,1
24693,1,0,1
24713,17,0,1
24714,1,200895894,3
24715,6,27846764,9
24716,1,0,1
24718,17,0,1
24722,1,0,1
24723,6,0,1
24726,6,0,1
24733,6,0,1
24739,1,0,1
24740,6,262303724,153
24750,1,154130955,19
24758,1,0,1
24759,1,0,1
24760,17,15531236,3
24763,17,0,1
24766,6,0,1
24769,6,0,1
24770,17,0,1
24773,17,7220450,2
24775,17,240387929,2
24776,6,18897465,2
24783,6,14176601,5
24790,6,151139609,6
24792,1,0,1
24801,1,0,1
24809,6,89024862,3
24818,17,0,1
24819,1,175130136,2
24832,17,0,1
24833,6,0,1
24839,6,0,1
24845,6,0,1
24855,6,66439072,3
24861,1,0,1
24872,6,137465076,16
24879,6,14175564,5
24891,1,89224921,2
24901,1,0,1
24902,1,1409503,2
24909,17,0,1
24930,6,0,1
24949,6,192262034,3
24953,6,11826544,46
24961,17,7784128,3
24963,1,0,1
24970,6,18289647,5
24972,17,0,1
24974,1,0,1
24975,1,0,1
24992,1,0,1
24993,17,0,1
24998,1,242603995,6
25001,1,120454375,2
25003,6,10164695,17
25005,1,0,1
25011,1,0,1
25019,6,0,1
25022,1,200365454,3
25025,17,0,1
25026,1,128878053,3
25028,6,29473914,2
25029,6,0,1
25034,1,0,1
25036,1,223767766,2
25037,1,0,1
25040,1,0,1
25045,6,230978664,34
25046,1,0,1
25047,6,0,1
25054,1,0,1
25070,6,3361390,18
25071,6,22661724,4
25074,6,101570494,7
25078,6,47494201,3
25080,6,4546072,4
25082,6,110087455,2
25085,1,0,1
25093,1,0,1
25094,17,0,1
25095,6,0,1
25096,6,151360143,9
25102,17,0,1
25112,1,0,1
25123,1,0,1
25127,1,0,1
25131,1,153116856,2
25137,6,0,1
25138,1,0,1
25145,17,3188520,3
25150,6,0,1
25159,1,0,1
25172,1,0,1
25174,1,0,1
25177,6,0,1
25179,1,0,1
25189,1,0,1
25190,1,0,1
25192,1,0,1
25193,1,0,1
25197,6,0,1
25203,17,200839961,3
25205,6,1559507,6
25213,1,0,1
25219,6,0,1
25227,1,0,1
25228,6,0,1
25230,6,30196536,4
25263,1,0,1
25265,6,0,1
25268,1,0,1
25299,1,0,1
25301,6,0,1
25307,1,0,1
25309,1,0,1
25314,1,0,1
25315,1,0,1
25319,6,37410005,4
25327,6,14175381,5
25329,6,65077315,6
25336,6,11296967,2
25339,1,0,1
25344,1,0,1
25349,6,0,1
25351,17,0,1
25352,6,204653176,19
25363,6,253837863,8
25366,1,0,1
25374,1,0,1
25377,1,255664096,2
25378,17,11547905,2
25381,6,0,1
25386,1,0,1
25388,1,201037041,3
25393,17,0,1
25396,6,0,1
25401,17,150604811,3
25409,1,0,1
25412,6,50688735,4
25417,17,0,1
25420,6,0,1
25434,6,135215440,7
25436,17,7633279,2
25438,6,0,1
25454,6,6757399,34
25455,6,24017979,4
25461,1,0,1
25466,6,110025393,2
25468,17,0,1
25470,6,0,1
25472,17,0,1
25479,1,0,1
25485,6,0,1
25493,6,0,1
25503,6,209951163,15
25511,6,38444818,4
25525,6,0,1
25529,17,399,2
25535,1,0,1
25542,6,0,1
25544,1,0,1
25561,17,0,1
25568,6,0,1
25588,6,14412657,2
25591,1,0,1
25598,17,0,1
25600,6,14922138,7
25604,1,0,1
25607,6,0,1
25610,1,0,1
25613,17,0,1
25630,6,0,1
25632,1,0,1
25640,6,0,1
25642,6,16640035,5
25643,17,0,1
25644,1,152931814,2
25659,6,0,1
25661,1,0,1
25662,6,209,2
25665,1,0,1
25678,6,0,1
25679,1,0,1
25682,1,0,1
25684,17,0,1
25697,6,0,1
25698,1,0,1
25711,6,0,1
25724,6,1427777,3
25733,17,0,1
25738,1,0,1
25743,6,14169355,5
25744,1,200837749,3
25747,6,18893126,2
25754,1,0,1
25759,6,0,1
25761,6,0,1
25768,6,25095014,2
25769,17,738,2
25770,6,264989226,140
25772,1,0,1
25777,6,0,1
25779,17,0,1
25784,17,0,1
25785,6,0,1
25794,6,0,1
25807,1,0,1
25809,1,0,1
25811,6,0,1
25814,1,200948472,2
25818,6,16820024,5
25835,6,0,1
25838,6,27212721,6
25840,17,38763823,7
25844,1,0,1
25850,1,0,1
25851,1,0,1
25854,6,279624536,129
25858,1,0,1
25861,6,119170618,5
25867,1,0,1
25872,6,15799234,10
25876,1,0,1
25878,17,0,1
25884,6,27558167,2
25892,1,0,1
25894,6,25222983,2
25920,1,0,1
25930,6,31142516,3
25938,6,199469745,2
25940,1,0,1
25943,17,0,1
25947,1,0,1
25951,6,0,1
25952,17,0,1
25955,17,0,1
25956,1,0,1
25958,1,0,1
25959,6,38324857,4
25960,6,0,1
25961,1,0,1
25967,17,33318504,6
25978,6,154288077,3
25979,6,0,1
25980,6,0,1
25984,1,0,1
26016,17,0,1
26018,17,90004528,3
26025,6,0,1
26030,6,78865886,5
26031,6,0,1
26034,6,0,1
26037,1,0,1
26039,1,0,1
26043,6,124105328,5
26052,6,110847839,6
26054,1,0,1
26055,6,4460219,2
26058,6,16584181,5
26067,17,0,1
26068,6,0,1
26072,6,67998458,47
26073,6,87132467,2
26078,17,100417002,2
26090,6,0,1
26095,1,0,1
26099,6,0,1
26101,6,0,1
26115,6,246173939,202
26129,17,0,1
26133,1,21221874,2
26135,1,0,1
26138,6,18496630,2
26141,17,0,1
26148,1,0,1
26153,17,0,1
26165,6,0,1
26166,1,0,1
26170,17,0,1
26179,17,0,1
26186,1,36398951,2
26197,17,0,1
26198,6,0,1
26200,6,124565880,3
26201,1,0,1
26202,6,10269335,3
26207,6,0,1
26208,1,0,1
26220,1,0,1
26222,6,1219275,3
26230,1,0,1
26234,1,0,1
26250,1,252409514,2
26252,1,0,1
26253,1,0,1
26260,17,0,1
26263,1,0,1
26280,6,230671770,2
26287,6,14168471,5
26288,6,18511424,2
26294,1,0,1
26308,6,11549363,3
26314,6,100731338,5
26315,17,0,1
26319,6,0,1
26323,1,0,1
26324,6,45932331,4
26330,6,0,1
26333,6,27344636,10
26337,6,0,1
26343,1,0,1
26362,6,18169423,5
26373,1,0,1
26378,1,141976828,2
26380,6,0,1
26384,6,0,1
26386,1,0,1
26390,6,0,1
26392,1,0,1
26394,17,0,1
26417,6,0,1
26422,17,69207528,2
26425,6,258633405,124
26426,6,107952156,3
26427,17,20129956,2
26446,1,0,1
26447,6,14168613,5
26450,17,0,1
26462,17,0,1
26470,1,0,1
26473,6,0,1
26479,1,0,1
26482,1,0,1
26487,17,0,1
26488,1,0,1
26493,1,0,1
26495,17,1362,2
26497,1,52839345,2
26500,1,0,1
26508,1,0,1
26509,6,76304604,6
26513,1,98808202,2
26521,17,136849858,2
26527,17,0,1
26536,1,207888134,2
26559,17,0,1
26562,1,0,1
26564,1,0,1
26573,1,200924772,2
26581,6,0,1
26585,1,0,1
26588,1,200961851,3
26594,1,0,1
26595,1,0,1
26596,17,0,1
26597,6,0,1
26602,6,16446662,5
26608,1,0,1
26612,6,0,1
26613,1,200954161,2
26617,17,0,1
26618,1,0,1
26620,6,106704078,2
26626,6,53086055,5
26632,1,0,1
26635,1,0,1
26637,17,0,1
26639,6,34645058,5
26640,6,0,1
26656,17,233296550,4
26659,17,0,1
26660,1,0,1
26667,17,0,1
26676,1,0,1
26678,1,0,1
26695,1,261805752,13
26698,6,90861351,3
26699,6,0,1
26702,6,0,1
26703,17,71613755,6
26705,17,0,1
26707,17,0,1
26712,6,0,1
26725,6,19810725,3
26728,17,219283528,4
26739,1,26342883,3
26758,6,0,1
26761,17,0,1
26762,17,0,1
26773,1,0,1
26775,6,140902371,2
26779,1,0,1
26782,6,0,1
26783,1,0,1
26784,6,35598115,9
26786,17,0,1
26797,6,32199451,9
26804,6,0,1
26808,1,89809297,2
26809,1,0,1
26826,6,0,1
26837,17,0,1
26839,1,0,1
26843,6,223442124,4
26848,1,0,1
26853,1,0,1
26857,6,0,1
26858,1,0,1
26859,17,0,1
26870,6,942603,2
26876,17,0,1
26881,1,0,1
26893,6,269923577,29
26904,1,0,1
26906,6,0,1
26920,6,0,1
26922,6,24997637,4
26925,17,0,1
26927,1,0,1
26936,1,0,1
26942,6,2140823,2
26947,1,0,1
26955,1,0,1
26960,6,0,1
26966,17,185988563,4
26970,6,19218838,4
26975,17,0,1
26976,1,0,1
26981,1,92599482,3
26982,1,199297595,3
26983,1,0,1
26995,6,0,1
26998,1,221968817,4
27006,6,93265972,3
27008,6,0,1
27010,1,0,1
27018,6,12565129,2
27034,1,201049697,3
27039,1,0,1
27046,17,0,1
27052,1,9844063,2
27055,6,18220399,5
27056,1,0,1
27066,17,0,1
27070,1,10495959,2
27074,1,0,1
27080,6,6499385,2
27081,6,37624387,6
27089,6,0,1
27090,1,0,1
27098,1,200847560,3
27104,6,18057284,2
27107,17,0,1
27114,1,0,1
27120,6,0,1
27122,17,0,1
27133,1,0,1
27146,6,283231525,94
27147,6,61520953,2
27150,17,257632026,3
27153,6,0,1
27154,6,0,1
27155,1,0,1
27158,6,113813991,2
27176,6,0,1
27191,6,268187118,9
27194,6,18761885,5
27197,17,0,1
27198,6,87708625,3
27200,6,12353,2
27203,1,200822944,3
27208,1,0,1
27226,6,0,1
27233,6,32710916,5
27240,1,0,1
27247,6,14169788,5
27249,17,0,1
27253,17,0,1
27272,1,0,1
27289,17,0,1
27290,17,0,1
27291,6,706,2
27297,6,166715770,9
27300,6,0,1
27306,1,0,1
27314,1,0,1
27322,6,195330049,3
27323,6,29811641,2
27326,17,273235697,37
27333,17,0,1
27334,6,89278581,6
27338,6,17759117,5
27339,6,0,1
27344,17,0,1
27349,1,0,1
27350,1,0,1
27358,1,0,1
27370,1,0,1
27373,1,0,1
27378,1,0,1
27381,1,0,1
27384,1,0,1
27394,1,0,1
27395,17,0,1
27398,6,0,1
27402,6,261303754,13
27407,1,191457527,2
27409,6,49778184,26
27411,1,0,1
27414,6,0,1
27420,17,0,1
27426,1,0,1
27441,1,0,1
27445,6,0,1
27448,6,40190303,4
27455,1,0,1
27456,6,401294,2
27457,1,0,1
27461,6,7501146,5
27471,17,0,1
27479,1,0,1
27488,17,0,1
27505,6,0,1
27507,17,0,1
27510,17,0,1
27512,1,0,1
27519,6,82843484,3
27523,6,0,1
27539,6,27655075,5
27542,1,0,1
27548,17,0,1
27549,17,0,1
27552,6,29931394,3
27553,6,10138599,3
27571,1,0,1
27573,17,0,1
27579,1,0,1
27586,17,269023205,38
27588,6,100617550,37
27589,1,0,1
27590,17,0,1
27597,1,0,1
27613,1,0,1
27614,6,222385288,4
27617,17,0,1
27619,17,0,1
27623,1,173958106,2
27627,6,217898522,2
27628,6,134596986,12
27634,1,0,1
27638,1,0,1
27640,1,200774509,3
27646,17,0,1
27656,1,0,1
27660,1,0,1
27669,1,0,1
27670,1,0,1
27680,1,0,1
27682,17,0,1
27685,1,0,1
27686,1,0,1
27687,1,0,1
27694,6,28386886,2
27703,6,286150267,7651
27706,6,9590214,4
27720,6,0,1
27733,1,202346499,3
27735,6,244856273,2
27743,1,0,1
27744,1,0,1
27745,17,0,1
27746,1,237899465,38
27749,1,0,1
27760,6,268538627,14
27761,1,0,1
27769,17,66110603,2
27770,6,109977087,2
27778,6,158003174,6
27780,1,0,1
27784,17,6223044,2
27785,6,264514814,184
27794,6,0,1
27800,6,108694072,5
27808,6,13514386,2
27809,17,161993182,4
27814,1,0,1
27817,17,0,1
27820,1,0,1
27838,1,245317420,3
27845,6,200723631,4
27848,17,200866501,5
27857,17,0,1
27861,1,0,1
27862,1,0,1
27867,1,0,1
27871,6,0,1
27874,6,117757829,13
27880,1,0,1
27889,6,228282958,6
27894,6,0,1
27895,6,0,1
27907,1,0,1
27910,1,0,1
27919,6,267146840,116
27920,6,1164615,2
27922,1,0,1
27934,6,130243895,5
27936,6,0,1
27945,6,56958853,6
27949,6,0,1
27951,6,191588146,10
27956,1,0,1
27962,6,110268351,2
27964,17,0,1
27982,17,261240469,31
27991,17,1730398,2
27993,17,0,1
28000,1,0,1
28002,1,35300217,2
28004,6,0,1
28009,6,0,1
28010,1,0,1
28020,6,9984941,2
28021,6,0,1
28023,1,0,1
28027,6,207486693,4
28041,6,0,1
28052,6,62718802,5
28053,17,42843033,2
28070,1,0,1
28081,6,0,1
28084,17,0,1
28087,6,270059164,27
28092,1,0,1
28097,17,0,1
28100,6,33759654,4
28103,6,26462476,4
28106,1,0,1
28107,6,97551101,24
28108,1,0,1
28113,1,0,1
28114,6,112453937,2
28125,6,0,1
28132,17,0,1
28133,6,188159223,63
28135,1,0,1
28139,1,0,1
28143,6,18227274,5
28146,6,141941367,3
28149,6,364,2
28162,1,0,1
28163,1,153116194,2
28170,1,0,1
28173,6,76832,2
28183,1,0,1
28185,1,0,1
28206,1,0,1
28207,6,18217755,5
28215,1,203014533,2
28219,6,30962650,2
28224,17,90392486,7
28230,1,0,1
28233,1,0,1
28235,6,221242732,5
28240,1,0,1
28246,6,205160105,2
28251,17,0,1
28252,6,210630879,20
28262,17,0,1
28271,6,193349709,11
28281,6,928,2
28291,6,0,1
28296,17,0,1
28310,1,0,1
28321,6,0,1
28332,1,0,1
28345,17,0,1
28347,1,0,1
28350,1,0,1
28361,17,0,1
28367,17,0,1
28369,1,0,1
28377,17,0,1
28378,17,0,1
28383,1,0,1
28388,1,0,1
28389,6,2223291,4
28391,1,89391947,2
28393,6,49818142,6
28398,17,365848,3
28399,17,0,1
28401,1,213887106,2
28405,1,0,1
28413,6,0,1
28421,1,223852877,3
28423,1,0,1
28440,1,0,1
28441,6,0,1
28454,1,0,1
28456,1,0,1
28466,17,0,1
28467,17,0,1
28470,1,231279297,2
28478,1,0,1
28480,1,930464,2
28491,6,21797266,5
28492,1,112864943,5
28503,1,0,1
28504,1,0,1
28506,6,225055548,18
28508,1,0,1
28524,1,0,1
28528,1,0,1
28542,1,0,1
28544,17,0,1
28547,6,0,1
28560,1,0,1
28565,6,0,1
28570,17,0,1
28573,1,0,1
28576,1,0,1
28579,1,0,1
28580,1,0,1
28585,6,262497264,33
28588,1,0,1
28589,17,0,1
28600,6,0,1
28601,6,0,1
28603,6,0,1
28610,17,65934319,14
28612,6,3081819,5
28618,1,0,1
28623,6,18217554,5
28628,17,1380365,2
28629,1,0,1
28635,17,208539925,7
28637,6,91955372,8
28639,1,0,1
28642,1,0,1
28646,6,0,1
28657,6,0,1
28658,6,28567570,8
28661,1,0,1
28662,17,0,1
28671,1,0,1
28673,6,0,1
28678,17,264060388,8
28680,17,0,1
28683,6,117003578,8
28692,1,200941948,2
28693,6,0,1
28699,17,0,1
28707,1,0,1
28710,6,0,1
28715,6,34589169,5
28717,1,0,1
28730,17,28325564,2
28731,6,3170690,14
28741,6,27836123,5
28747,17,0,1
28758,17,0,1
28763,6,39187313,4
28767,6,159525922,2
28773,6,0,1
28780,1,0,1
28788,6,228339586,15
28790,1,0,1
28791,6,59528814,6
28814,6,43142827,6
28815,1,0,1
28823,6,29897138,2
28829,6,205002839,5
28833,1,99974885,2
28835,17,0,1
28845,6,13023510,2
28851,6,0,1
28855,17,107688427,2
28863,1,0,1
28867,17,0,1
28870,17,226016481,5
28872,1,0,1
28887,1,0,1
28889,6,64472197,8
28893,17,0,1
28894,17,0,1
28896,1,0,1
28897,1,1181540,2
28898,1,0,1
28904,1,0,1
28906,17,0,1
28908,17,225962049,4
28910,6,33525498,4
28913,6,85436087,2
28923,6,0,1
28929,17,13037,2
28934,6,7206571,6
28937,6,9822355,3
28940,6,121638549,53
28943,1,0,1
28944,1,0,1
28945,6,0,1
28960,1,0,1
28984,17,0,1
29002,6,147,2
29003,6,0,1
29007,6,171903226,7
29009,6,17167908,2
29010,1,0,1
29013,6,0,1
29014,1,0,1
29024,1,0,1
29036,1,0,1
29039,6,200126824,9
29046,6,120423266,6
29052,17,0,1
29065,1,12102826,2
29070,1,0,1
29071,17,0,1
29073,6,17080534,2
29082,1,0,1
29093,1,0,1
29098,6,28752928,4
29101,1,0,1
29102,6,34576181,5
29105,6,86783524,2
29107,6,19126685,16
29112,17,243347262,6
29114,6,0,1
29121,6,47438014,8
29156,6,0,1
29163,1,0,1
29171,1,200228817,3
29191,1,200895254,3
29198,6,78849767,55
29199,6,21686520,5
29212,17,0,1
29214,1,0,1
29220,6,79136313,5
29229,6,178262483,2
29235,6,14177343,6
29251,17,0,1
29260,1,0,1
29269,6,0,1
29273,6,814594,14
29274,1,0,1
29288,6,6375993,2
29290,6,4122837,2
29298,1,0,1
29299,6,0,1
29303,1,0,1
29306,6,126438178,4
29307,6,0,1
29315,1,162653647,7
29329,1,0,1
29332,6,0,1
29333,6,0,1
29338,17,0,1
29342,1,0,1
29343,6,0,1
29346,6,0,1
29365,1,0,1
29368,1,0,1
29369,17,0,1
29371,6,2650968,14
29383,6,0,1
29384,1,200937108,2
29395,1,0,1
29398,6,82737797,4
29400,1,0,1
29404,6,0,1
29413,1,0,1
29414,6,21658606,5
29415,6,0,1
29422,1,0,1
29429,6,277,2
29434,1,0,1
29438,6,0,1
29439,17,0,1
29446,17,92506530,3
29449,1,0,1
29453,6,0,1
29461,17,0,1
29472,6,0,1
29478,1,0,1
29481,6,50242371,3
29487,6,65504503,7
29489,6,0,1
29492,1,0,1
29498,6,9863868,2
29499,1,0,1
29509,6,39346607,2
29513,6,0,1
29518,6,44172497,15
29519,17,0,1
29522,6,51641754,2
29524,6,0,1
29533,1,0,1
29540,1,0,1
29553,6,40811433,15
29554,1,0,1
29555,17,171342310,6
29575,6,0,1
29581,6,0,1
29588,6,273582334,35
29597,6,0,1
29601,17,7252267,2
29605,1,0,1
29613,1,0,1
29621,6,0,1
29627,6,0,1
29632,6,103502785,57
29640,6,256968407,2
29642,6,254508039,176
29645,6,0,1
29662,6,0,1
29665,1,0,1
29672,6,0,1
29674,6,0,1
29678,1,0,1
29679,6,19339851,5
29688,6,6313294,2
29691,6,0,1
29698,17,0,1
29708,6,81,2
29719,1,0,1
29735,17,0,1
29739,1,8397406,2
29748,17,0,1
29751,6,13782760,5
29752,17,0,1
29755,17,266542080,6
29760,1,141117237,2
29761,6,0,1
29764,6,0,1
29766,17,56113618,2
29767,17,0,1
29774,1,0,1
29776,17,0,1
29786,1,200082865,3
29788,1,0,1
29797,1,0,1
29803,1,0,1
29805,6,1431947,14
29807,6,22531792,5
29815,1,0,1
29820,17,39,2
29840,6,0,1
29844,17,0,1
29851,1,0,1
29870,6,35896381,5
29875,17,0,1
29878,6,0,1
29880,1,0,1
29882,1,0,1
29883,6,0,1
29886,6,0,1
29894,6,101257833,7
29895,1,0,1
29897,6,0,1
29899,6,0,1
29908,1,0,1
29924,1,0,1
29934,6,1240798,4
29935,6,0,1
29936,17,0,1
29937,1,0,1
29944,1,200694918,3
29948,1,0,1
29949,17,0,1
29956,6,83776081,95
29963,1,0,1
29966,6,0,1
29968,6,0,1
29973,6,0,1
29975,1,0,1
29976,6,26940607,2
29983,1,0,1
29990,1,0,1
29991,1,0,1
29998,17,0,1
30002,6,76906053,3
30009,17,0,1
30011,6,3023721,14
30020,6,0,1
30030,6,0,1
30031,6,0,1
30034,6,0,1
30037,1,0,1
30040,1,201142240,4
30041,1,0,1
30042,1,0,1
30047,17,0,1
30054,1,0,1
30057,1,0,1
30062,17,97767,11
30065,17,0,1
30066,6,0,1
30068,1,0,1
30071,6,36100197,5
30073,1,89781843,2
30085,17,0,1
30091,6,0,1
30093,1,0,1
30095,6,22503613,5
30100,1,0,1
30101,6,199098848,4
30120,1,0,1
30122,1,0,1
30131,6,24130730,2
30139,17,0,1
30140,17,7844199,2
30146,1,0,1
30149,6,0,1
30152,1,0,1
30155,17,8101472,4
30159,1,0,1
30160,1,0,1
30165,1,0,1
30168,6,0,1
30169,6,0,1
30173,6,40238935,5
30174,1,200975282,2
30191,17,0,1
30204,6,0,1
30210,6,52763738,5
30218,17,0,1
30223,6,7579640,2
30224,6,0,1
30240,1,0,1
30243,1,0,1
30247,1,0,1
30257,6,251756172,5
30266,17,0,1
30274,17,0,1
30276,17,141203710,11
30278,1,0,1
30282,17,0,1
30283,17,0,1
30287,6,92746116,11
30289,1,0,1
30290,1,0,1
30301,1,0,1
30305,6,92710625,2
30317,1,0,1
30326,6,0,1
30335,17,0,1
30344,1,0,1
30349,6,0,1
30361,1,0,1
30362,1,0,1
30364,6,230024070,2
30365,6,0,1
30375,6,0,1
30376,1,0,1
30389,1,245839396,5
30390,1,0,1
30393,1,0,1
30394,1,0,1
30403,17,0,1
30409,1,0,1
30420,17,53633765,2
30425,1,0,1
30433,1,0,1
30434,17,0,1
30436,6,0,1
30437,6,9070735,2
30440,6,0,1
30444,1,0,1
30448,1,232264273,5
30454,6,0,1
30469,1,0,1
30485,6,0,1
30494,6,0,1
30497,6,20228786,3
30504,17,0,1
30523,1,0,1
30529,6,0,1
30539,1,0,1
30540,6,0,1
30544,1,0,1
30548,17,78009112,2
30552,17,0,1
30559,17,0,1
30575,6,0,1
30589,6,11482343,2
30590,6,0,1
30591,1,0,1
30594,1,0,1
30602,1,0,1
30604,1,0,1
30605,6,11543102,2
30614,1,200877357,3
30630,17,0,1
30635,6,132830329,3
30639,6,22504304,5
30642,1,0,1
30650,1,0,1
30651,6,3774478,14
30653,6,0,1
30655,1,0,1
30656,6,8382924,2
30658,6,40732040,11
30664,17,0,1
30665,6,275787116,193
30670,17,0,1
30679,17,5576955,2
30680,17,0,1
30684,6,0,1
30706,6,0,1
30709,6,309,2
30711,6,106551886,2
30717,1,0,1
30721,1,0,1
30722,1,0,1
30732,1,0,1
30735,6,9231587,3
30752,1,0,1
30762,1,204286814,3
30774,1,0,1
30777,17,0,1
30778,6,9261172,5
30780,6,0,1
30784,1,0,1
30788,1,0,1
30796,6,7407494,2
30804,17,0,1
30810,1,0,1
30817,17,0,1
30827,1,0,1
30828,1,0,1
30830,17,187271786,6
30837,6,0,1
30845,6,226433289,5
30846,1,160083231,3
30848,17,0,1
30849,1,0,1
30855,1,0,1
30857,6,0,1
30877,1,0,1
30883,17,0,1
30890,17,0,1
30891,17,0,1
30895,6,14178321,5
30905,1,0,1
30906,6,39125646,2
30908,17,0,1
30917,17,0,1
30918,17,0,1
30920,6,0,1
30925,6,15054667,3
30926,1,0,1
30932,6,213604044,6
30933,1,0,1
30934,6,51873106,16
30945,1,0,1
30947,17,0,1
30950,6,0,1
30952,1,0,1
30960,1,0,1
30961,1,0,1
30967,1,0,1
30970,17,0,1
30971,6,82263040,7
30974,1,0,1
30979,1,0,1
30980,6,31944615,4
30981,6,0,1
30993,6,0,1
30996,17,0,1
30997,6,1658138,2
30998,1,0,1
31000,17,0,1
31007,6,0,1
31011,6,47413080,45
31022,1,0,1
31025,1,0,1
31028,6,0,1
31034,6,110948930,3
31035,6,0,1
31055,6,14177406,5
31057,1,0,1
31059,6,239840217,6
31061,1,0,1
31069,1,0,1
31070,1,0,1
31071,6,37802690,4
31072,17,0,1
31073,6,0,1
31074,17,0,1
31085,17,0,1
31086,17,0,1
31093,6,0,1
31099,6,270800983,31
31115,1,0,1
31122,17,0,1
31123,17,0,1
31126,6,50992856,17
31135,1,0,1
31154,17,0,1
31161,17,0,1
31172,1,0,1
31175,6,127056165,4
31178,6,402,2
31182,1,0,1
31196,6,18402926,3
31212,6,0,1
31225,6,0,1
31233,6,0,1
31239,6,169484127,4
31242,6,2261041,2
31249,17,0,1
31252,17,0,1
31258,6,24190965,3
31265,1,0,1
31275,6,54659747,7
31277,6,9619103,3
31292,1,0,1
31296,1,0,1
31306,1,0,1
31313,17,0,1
31315,1,0,1
31318,6,64291413,34
31319,1,0,1
31322,17,0,1
31324,1,0,1
31329,1,200992270,2
31334,1,0,1
31339,1,0,1
31342,6,274133509,2
31352,6,0,1
31362,6,0,1
31367,6,0,1
31375,6,14176715,5
31387,1,0,1
31388,17,128328065,2
31398,6,0,1
31403,1,0,1
31404,1,200813630,4
31422,1,0,1
31424,6,0,1
31425,17,0,1
31427,6,0,1
31443,17,0,1
31463,1,0,1
31476,6,162084319,6
31481,17,0,1
31482,6,109893519,2
31486,6,0,1
31498,17,0,1
31499,1,0,1
31503,1,0,1
31509,17,151049909,2
31510,6,0,1
31511,6,0,1
31529,1,0,1
31535,1,0,1
31550,6,0,1
31551,1,0,1
31554,6,175366390,7
31559,6,240,2
31568,6,0,1
31573,1,103996434,2
31574,6,0,1
31576,17,0,1
31577,6,745277,6
31580,1,0,1
31581,6,42435073,2
31585,1,0,1
31587,1,0,1
31593,6,0,1
31594,6,0,1
31599,17,0,1
31601,17,0,1
31605,6,0,1
31607,1,0,1
31617,1,0,1
31625,17,0,1
31629,6,14222612,3
31636,17,0,1
31637,6,1205277,2
31643,6,10425594,2
31647,1,0,1
31649,1,0,1
31656,17,0,1
31664,1,0,1
31668,6,879566,2
31671,1,0,1
31674,6,109731939,2
31679,6,283996376,111
31680,17,0,1
31683,6,0,1
31695,1,0,1
31704,1,0,1
31716,6,60769557,5
31719,17,0,1
31726,6,0,1
31729,6,0,1
31730,6,0,1
31740,1,0,1
31744,6,0,1
31745,17,0,1
31758,6,0,1
31760,1,0,1
31761,6,0,1
31763,1,0,1
31765,6,0,1
31767,6,0,1
31777,1,0,1
31778,1,0,1
31779,1,42109831,2
31801,1,0,1
31802,6,111036755,2
31808,6,30011027,135
31812,6,0,1
31821,1,0,1
31833,6,0,1
31837,6,0,1
31839,6,0,1
31841,6,0,1
31847,6,24019408,6
31848,1,0,1
31856,1,0,1
31870,6,0,1
31872,6,20221950,2
31873,1,0,1
31874,6,68962718,13
31881,1,201966067,3
31884,6,93792029,2
31885,1,0,1
31889,17,0,1
31892,6,0,1
31899,6,257257315,16
31917,1,0,1
31922,17,0,1
31930,17,0,1
31935,6,18391203,4
31949,1,0,1
31952,17,0,1
31965,1,0,1
31976,6,260310278,65
31983,6,21684544,6
31985,6,0,1
31989,6,56645671,4
31991,1,200810857,5
31998,6,236046952,2
31999,6,41161363,5
32007,6,0,1
32009,6,276529792,133
32012,1,0,1
32015,17,47512116,3
32027,6,124954780,6
32031,1,200957356,3
32039,6,369787,2
32044,6,0,1
32046,17,0,1
32048,1,0,1
32057,17,0,1
32059,6,269664613,28
32062,6,124307689,3
32068,6,131080443,5
32081,6,0,1
32082,1,0,1
32111,6,267617072,9
32113,17,0,1
32114,1,0,1
32117,17,50313193,4
32123,6,27051571,2
32125,1,0,1
32127,6,59207229,6
32154,6,118520888,2
32159,6,0,1
32164,6,0,1
32171,1,0,1
32174,17,0,1
32186,6,39341778,2
32187,6,3164203,14
32199,1,0,1
32210,6,0,1
32213,1,0,1
32223,6,0,1
32228,1,0,1
32234,17,0,1
32248,6,220071680,8
32256,1,0,1
32257,6,0,1
32264,6,96028933,19
32267,6,0,1
32268,1,0,1
32273,1,0,1
32274,1,126497890,6
32300,1,17138622,2
32312,6,103766565,7
32316,1,0,1
32317,1,0,1
32326,1,161468553,4
32328,17,0,1
32332,6,176745778,2
32345,6,23785142,29
32355,1,0,1
32357,6,225017745,8
32364,6,12451,2
32367,1,184313573,3
32373,17,0,1
32374,6,0,1
32376,17,0,1
32379,6,0,1
32380,17,99830499,10
32381,1,0,1
32388,6,0,1
32395,6,23391364,7
32396,1,0,1
32408,6,0,1
32410,1,0,1
32415,6,0,1
32419,1,0,1
32422,17,0,1
32427,1,0,1
32429,17,100174764,2
32436,6,119798870,3
32439,6,0,1
32443,1,0,1
32447,17,0,1
32463,6,19340249,5
32464,17,0,1
32465,6,51045837,29
32466,1,0,1
32475,17,56961795,4
32478,1,0,1
32481,17,0,1
32492,1,111440797,3
32494,1,0,1
32496,1,0,1
32503,1,0,1
32510,17,31702710,8
32513,6,0,1
32515,6,44270309,5
32520,1,0,1
32524,6,146479793,2
32531,1,0,1
32533,1,0,1
32539,1,0,1
32542,6,0,1
32543,6,0,1
32545,1,0,1
32549,17,0,1
32557,1,0,1
32559,6,21687916,5
32565,17,0,1
32570,17,85079870,2
32571,6,245795923,16
32572,1,0,1
32577,17,0,1
32578,1,0,1
32582,1,0,1
32588,17,0,1
32594,17,1508638,2
32603,6,13356063,4
32614,6,4722654,3
32626,17,0,1
32666,1,0,1
32667,17,24965,2
32671,6,0,1
32680,17,0,1
32687,1,0,1
32691,17,0,1
32692,1,0,1
32708,6,31237708,4
32718,6,0,1
32732,17,0,1
32735,1,0,1
32736,17,0,1
32746,1,0,1
32757,6,4357802,2
32761,6,0,1
32763,17,0,1
32764,1,230110382,2
32766,6,0,1
32767,1,98182397,4
32768,1,0,1
32785,6,4629260,14
32795,6,0,1
32811,1,207764270,4
32821,6,138817048,3
32831,6,239897118,4
32834,17,70714865,2
32841,1,0,1
32846,6,264261687,2
32852,6,31895769,3
32861,1,0,1
32864,6,11399788,2
32869,17,1076965,2
32870,17,0,1
32875,1,0,1
32881,6,275615013,43
32889,1,0,1
32891,6,13624569,6
32893,1,0,1
32898,6,145487303,5
32912,6,10680309,2
32917,17,0,1
32935,17,0,1
32939,17,0,1
32946,1,0,1
32953,1,201215920,3
32959,6,1229268,7
32982,1,0,1
33001,1,0,1
33002,1,0,1
33003,17,0,1
33010,6,16176976,5
33017,1,0,1
33018,6,0,1
33019,6,0,1
33021,6,0,1
33023,6,0,1
33024,1,0,1
33039,1,0,1
33044,6,232198337,28
33049,6,11662817,2
33059,1,0,1
33060,17,0,1
33061,1,0,1
33070,17,0,1
33085,1,0,1
33087,17,0,1
33088,1,0,1
33091,6,20460443,2
33093,6,29447143,2
33094,6,0,1
33095,6,0,1
33096,17,0,1
33117,17,0,1
33124,6,11832145,24
33130,6,10231451,5
33134,17,200935680,3
33137,1,0,1
33140,1,0,1
33144,17,0,1
33146,6,0,1
33153,6,250071852,24
33155,17,0,1
33157,17,0,1
33165,17,271418212,10
33174,1,0,1
33197,1,0,1
33198,6,96885474,2
33199,1,0,1
33206,17,0,1
33212,1,0,1
33214,6,15392610,5
33218,1,0,1
33221,17,0,1
33232,1,0,1
33247,6,0,1
33251,6,0,1
33269,1,125888,2
33270,17,0,1
33272,1,0,1
33273,6,101476121,7
33274,6,53979537,2
33283,1,206639079,4
33294,17,0,1
33299,1,0,1
33302,1,0,1
33316,6,0,1
33321,1,0,1
33338,1,0,1
33343,17,270311632,16
33354,17,0,1
33356,6,350849,2
33358,1,0,1
33362,1,0,1
33374,6,0,1
33376,1,0,1
33387,6,0,1
33400,6,9575715,3
33402,6,0,1
33419,6,790,2
33421,6,109809082,9
33425,6,278324571,104
33427,1,0,1
33428,17,0,1
33432,6,275899842,41
33447,1,0,1
33451,6,0,1
33455,1,0,1
33460,1,0,1
33461,17,0,1
33478,17,0,1
33493,17,0,1
33496,6,170032175,5
33505,17,267294356,48
33507,6,198865306,9
33513,6,285286826,62
33529,17,35979673,2
33530,1,0,1
33539,1,0,1
33540,6,0,1
33560,1,0,1
33562,6,0,1
33566,1,0,1
33570,1,0,1
33573,1,0,1
33574,17,87527472,3
33580,1,0,1
33581,6,0,1
33584,6,0,1
33588,6,0,1
33589,6,0,1
33594,6,0,1
33604,1,0,1
33614,6,187004510,2
33616,6,11731798,2
33626,17,0,1
33629,6,0,1
33638,1,0,1
33647,17,0,1
33657,6,15517021,3
33658,17,0,1
33665,17,0,1
33668,1,0,1
33678,6,121439866,7
33684,1,189044878,5
33694,1,0,1
33696,6,37058732,4
33713,6,0,1
33714,1,0,1
33715,17,0,1
33716,1,0,1
33723,6,12381100,2
33726,1,236426756,2
33727,6,0,1
33731,17,0,1
33737,1,0,1
33741,1,217415065,3
33747,1,0,1
33751,17,0,1
33755,6,0,1
33760,17,0,1
33764,17,0,1
33765,6,0,1
33774,6,239165269,27
33779,1,0,1
33781,6,177784989,7
33782,1,0,1
33783,1,0,1
33788,6,37867913,10
33793,17,0,1
33795,17,0,1
33807,17,0,1
33810,1,65506817,2
33828,1,200954973,2
33835,1,180971707,3
33845,6,1331211,11
33850,6,0,1
33852,1,0,1
33854,17,65382269,2
33855,1,0,1
33860,17,157018080,6
33867,6,0,1
33880,1,0,1
33881,6,18148027,5
33882,6,14952590,5
33883,1,0,1
33891,1,37993164,2
33895,6,12508725,2
33896,1,0,1
33912,1,49767859,6
33914,6,0,1
33918,6,38663310,3
33927,1,0,1
33937,17,0,1
33942,6,187212179,16
33943,17,59160668,2
33948,1,0,1
33949,1,200936232,2
33951,17,0,1
33956,1,0,1
33970,1,200776745,3
33975,6,0,1
33977,6,104152170,9
33978,6,0,1
33981,1,0,1
33983,6,0,1
33984,17,0,1
33985,1,0,1
33994,1,200824573,3
33995,6,36876725,7
33998,6,0,1
34003,6,13610038,2
34005,17,0,1
34009,6,0,1
34012,6,75973828,6
34017,6,278258986,75
34019,17,0,1
34023,1,0,1
34040,6,135,2
34042,1,0,1
34043,17,0,1
34051,17,0,1
34052,17,0,1
34055,6,0,1
34058,1,0,1
34061,1,0,1
34063,1,0,1
34065,6,3809205,29
34074,17,0,1
34081,17,0,1
34086,6,399841,2
34090,1,99329876,2
34094,6,0,1
34097,1,0,1
34102,6,10701659,4
34108,6,90031443,26
34109,1,0,1
34113,17,0,1
34121,6,0,1
34123,1,0,1
34127,6,27200223,2
34132,17,0,1
34134,1,0,1
34135,1,0,1
34146,1,0,1
34147,6,163110615,4
34153,17,0,1
34154,1,0,1
34164,17,254315106,5
34165,6,78783612,2
34170,6,32433334,10
34181,6,0,1
34186,6,31853239,10
34199,1,0,1
34205,1,0,1
34211,6,0,1
34214,1,200950583,2
34220,1,0,1
34231,17,0,1
34238,6,0,1
34250,6,0,1
34252,6,54879317,10
34257,6,272533272,225
34268,6,0,1
34270,6,0,1
34271,1,200888934,2
34274,6,0,1
34278,1,0,1
34286,6,0,1
34289,6,48068104,6
34305,6,1013284,3
34312,6,0,1
34313,1,0,1
34321,17,0,1
34323,1,0,1
34326,1,0,1
34328,6,98294865,8
34331,1,0,1
34333,1,0,1
34334,1,0,1
34335,17,0,1
34337,6,0,1
34339,6,7543998,6
34342,6,1456690,2
34343,6,1390783,8
34344,1,206357866,3
34345,17,0,1
34348,17,0,1
34350,6,0,1
34353,1,87693742,7
34362,6,0,1
34364,17,269417010,53
34365,6,0,1
34381,1,202151949,3
34383,1,0,1
34388,1,0,1
34390,1,0,1
34391,6,0,1
34394,6,269678069,37
34395,6,286000095,256
34400,17,0,1
34401,1,0,1
34402,6,7558519,2
34403,1,0,1
34405,1,0,1
34409,6,0,1
34419,6,5638741,43
34420,17,0,1
34428,1,39869199,2
34432,17,0,1
34441,6,0,1
34443,6,0,1
34455,17,0,1
34468,17,92992672,2
34471,17,0,1
34490,6,32118640,11
34491,1,0,1
34502,6,29322663,2
34503,1,0,1
34505,6,84113106,2
34509,6,0,1
34513,1,0,1
34516,6,0,1
34521,17,142133,3
34526,1,0,1
34527,1,200864079,2
34532,1,100485188,2
34534,17,0,1
34544,1,0,1
34549,1,0,1
34554,6,0,1
34563,6,0,1
34573,6,0,1
34577,17,0,1
34579,17,0,1
34586,17,0,1
34592,17,0,1
34593,6,10165125,24
34599,17,0,1
34601,6,0,1
34608,6,0,1
34613,6,151251,2
34620,6,258153034,141
34626,6,0,1
34628,6,0,1
34632,6,89053123,10
34634,17,0,1
34656,1,0,1
34657,1,0,1
34662,6,59478404,3
34666,1,0,1
34670,6,140,2
34675,17,0,1
34681,6,114146388,2
34691,6,50911709,5
34693,1,0,1
34699,1,0,1
34700,1,0,1
34701,6,0,1
34703,17,16512784,3
34705,6,2658755,14
34711,17,5126561,2
34715,6,27084116,3
34733,6,15364259,37
34748,17,234854868,30
34750,17,246283933,38
34752,6,0,1
34755,1,765849,2
34761,17,0,1
34766,6,0,1
34767,1,0,1
34769,6,50973401,6
34782,6,0,1
34789,6,34290097,4
34793,17,0,1
34794,17,0,1
34796,17,0,1
34797,17,0,1
34801,1,0,1
34808,1,200973055,2
34818,1,0,1
34820,6,233851505,11
34824,17,0,1
34827,1,0,1
34830,6,150577953,68
34832,6,91294747,4
34835,17,125250,2
34838,1,0,1
34847,6,8469425,5
34849,6,3250882,4
34852,6,44608766,5
34853,6,252991247,71
34857,6,77441990,4
34860,17,28126775,3
34862,1,0,1
34868,17,0,1
34871,1,0,1
34875,17,0,1
34879,17,0,1
34883,6,139823605,5
34890,6,269972991,32
34894,6,275614864,308
34903,6,203405933,9
34907,6,19623044,4
34909,6,35242623,7
34913,6,0,1
34928,1,0,1
34938,6,0,1
34947,6,155273447,6
34954,6,0,1
34961,6,2707853,15
34974,1,0,1
34983,1,0,1
34986,1,0,1
34995,1,0,1
35000,1,0,1
35001,6,0,1
35013,6,2359020,2
35018,1,232452648,4
35019,6,13201256,2
35024,1,0,1
35026,6,8241188,2
35028,1,0,1
35035,1,0,1
35051,6,167820437,2
35058,6,29423225,5
35062,1,0,1
35063,1,0,1
35066,6,0,1
35073,1,0,1
35074,6,0,1
35082,1,0,1
35084,1,0,1
35085,17,0,1
35093,6,115373877,2
35095,6,202868818,8
35096,1,0,1
35098,6,162641151,2
35102,1,0,1
35130,6,0,1
35154,17,0,1
35169,6,10035816,24
35172,6,279949251,225
35173,1,0,1
35184,1,0,1
35193,1,0,1
35199,1,0,1
35202,6,0,1
35203,6,1591230,2
35211,6,0,1
35212,6,60173709,2
35213,1,0,1
35225,17,0,1
35230,6,0,1
35232,17,0,1
35236,6,0,1
35238,1,0,1
35245,1,0,1
35260,1,0,1
35268,1,0,1
35269,6,0,1
35272,1,0,1
35274,6,80190399,24
35280,1,0,1
35284,6,0,1
35289,1,0,1
35296,6,60233876,2
35307,6,0,1
35316,6,0,1
35317,1,58454621,3
35318,1,201167803,7
35321,1,0,1
35327,47,215419812,2
35345,6,2994384,14
35346,1,0,1
35347,1,0,1
35351,6,0,1
35357,1,200827127,3
35364,6,0,1
35367,1,200763997,27
35384,6,0,1
35386,6,0,1
35390,6,0,1
35398,6,156077169,6
35402,6,0,1
35403,6,0,1
35404,6,39120514,5
35408,1,0,1
35410,1,0,1
35421,6,10808927,2
35428,6,1483480,3
35429,1,0,1
35432,6,29684446,7
35438,1,0,1
35449,6,114519376,9
35454,1,0,1
35466,1,0,1
35467,6,11326457,2
35471,1,0,1
35472,6,208975257,5
35489,6,3657046,4
35495,6,0,1
35496,1,0,1
35498,6,0,1
35501,1,0,1
35507,17,0,1
35510,6,0,1
35511,1,880068,2
35520,1,0,1
35533,6,0,1
35534,17,0,1
35536,17,0,1
35539,1,0,1
35541,6,232191392,3
35551,6,0,1
35566,6,28458332,5
35574,17,0,1
35575,17,0,1
35583,6,0,1
35584,6,0,1
35595,6,0,1
35598,6,25749600,5
35608,6,8455294,5
35617,1,0,1
35620,6,0,1
35626,17,0,1
35627,1,0,1
35634,1,0,1
35637,6,38081708,2
35639,17,0,1
35646,1,0,1
35652,6,0,1
35653,6,0,1
35655,17,200864385,3
35658,6,0,1
35659,6,27973651,7
35664,6,0,1
35665,1,0,1
35672,6,19655362,2
35673,1,0,1
35677,1,0,1
35687,1,0,1
35689,1,0,1
35691,17,200867109,3
35695,6,19967620,13
35702,1,0,1
35703,1,0,1
35705,1,0,1
35706,6,166682463,5
35707,6,226997260,3
35722,1,0,1
35735,6,201902041,8
35740,1,21302009,2
35741,6,108425209,26
35745,17,0,1
35751,6,0,1
35752,1,0,1
35764,1,0,1
35765,6,0,1
35781,17,0,1
35784,1,0,1
35794,6,0,1
35795,6,0,1
35804,6,170696344,7
35809,6,3793137,4
35814,6,306,2
35821,17,0,1
35828,1,0,1
35829,1,0,1
35835,17,0,1
35836,6,30340233,2
35837,17,0,1
35840,6,0,1
35842,6,0,1
35856,17,0,1
35864,1,200829823,3
35865,6,27680755,3
35874,1,65991996,2
35876,6,28648529,2
35877,1,0,1
35884,6,131013729,9
35895,1,0,1
35898,6,0,1
35900,6,0,1
35902,6,156889542,2
35903,6,114157771,3
35904,1,0,1
35911,17,0,1
35919,6,19510256,4
35928,6,0,1
35929,1,0,1
35936,1,0,1
35937,1,0,1
35947,6,0,1
35951,6,0,1
35956,6,108963823,27
35964,1,0,1
35966,6,42677307,9
35975,6,0,1
35982,6,25736533,5
35989,6,0,1
35992,1,0,1
36006,1,0,1
36012,6,206176885,5
36022,17,0,1
36031,6,19722314,4
36033,6,43455962,5
36034,6,137000042,5
36047,1,0,1
36049,6,14160183,4
36052,6,149977950,8
36059,6,145127298,10
36064,1,0,1
36065,17,0,1
36069,6,0,1
36071,6,17715514,2
36072,1,0,1
36083,17,0,1
36086,6,10428524,4
36087,1,0,1
36095,6,46221254,7
36104,6,141513483,2
36105,17,170346596,2
36112,6,51106939,5
36114,6,96296635,2
36116,1,0,1
36118,6,1040254,2
36120,1,170639220,4
36128,6,24544,2
36129,6,11080215,25
36133,1,0,1
36135,6,0,1
36142,6,54921568,5
36149,1,0,1
36151,17,0,1
36156,1,0,1
36163,1,200661376,3
36164,1,0,1
36168,1,0,1
36172,6,271919074,181
36185,1,0,1
36186,6,9811474,2
36197,6,274570662,61
36198,6,73354061,6
36206,6,25751036,5
36220,1,0,1
36231,6,29337560,4
36241,1,200985663,18
36262,1,0,1
36264,6,0,1
36266,1,0,1
36267,1,200938767,3
36280,1,0,1
36296,6,194339967,2
36299,1,0,1
36319,1,0,1
36320,1,0,1
36326,6,0,1
36330,6,163026201,15
36334,1,199993072,3
36350,6,0,1
36361,1,0,1
36362,1,0,1
36371,1,0,1
36374,1,192133026,3
36385,1,200808580,3
36386,1,0,1
36393,1,0,1
36394,6,202216518,16
36409,1,233416394,2
36414,1,0,1
36421,6,6296925,3
36425,17,118993520,3
36439,6,136604565,2
36443,1,0,1
36444,1,215462215,3
36449,1,0,1
36450,1,0,1
36451,1,0,1
36452,6,0,1
36460,17,0,1
36462,6,208464092,26
36474,6,0,1
36475,6,226949939,3
36478,6,49396094,24
36487,6,253202488,17
36493,1,0,1
36497,6,112656,2
36498,1,0,1
36499,17,0,1
36504,1,203696539,3
36513,17,0,1
36523,17,0,1
36524,6,147455868,8
36531,1,0,1
36543,17,0,1
36546,17,451529,2
36551,6,42005482,5
36559,1,0,1
36567,6,0,1
36568,1,171941031,6
36569,1,0,1
36570,17,0,1
36577,17,55957360,19
36578,6,757,3
36582,17,0,1
36583,6,0,1
36584,1,0,1
36589,17,0,1
36593,1,199976949,2
36598,17,0,1
36602,1,0,1
36607,6,222687187,2
36610,6,5276754,4
36611,6,0,1
36612,17,0,1
36613,6,0,1
36618,6,239617627,3
36620,6,0,1
36623,1,0,1
36625,6,157086842,15
36633,17,0,1
36645,6,0,1
36662,6,10921787,4
36665,6,0,1
36666,6,0,1
36676,1,0,1
36691,6,53866562,3
36702,1,0,1
36703,6,0,1
36704,17,0,1
36720,1,41392928,2
36725,1,0,1
36730,17,0,1
36740,6,0,1
36761,1,0,1
36762,6,95787048,10
36763,1,9538309,2
36764,6,207623409,34
36767,6,24238081,6
36769,6,9067882,22
36773,17,0,1
36779,6,0,1
36781,6,6427718,18
36786,6,0,1
36810,6,113039951,6
36827,6,0,1
36834,17,0,1
36841,1,0,1
36845,6,0,1
36852,6,0,1
36853,6,184210339,2
36857,17,0,1
36863,1,0,1
36867,6,230968330,85
36869,6,145901097,3
36870,17,0,1
36874,1,0,1
36892,6,41123613,4
36893,6,0,1
36894,17,416,2
36898,6,202196654,7
36901,1,0,1
36903,17,1458682,2
36915,1,0,1
36918,1,0,1
36927,17,0,1
36935,17,0,1
36937,1,0,1
36954,17,0,1
36959,6,0,1
36960,6,13626036,2
36963,6,0,1
36965,1,0,1
36971,6,0,1
36973,6,106896161,2
36983,1,0,1
36986,1,0,1
36990,6,0,1
36991,17,0,1
36994,1,0,1
36998,6,5773002,19
36999,6,0,1
37003,6,86302,11
37009,6,0,1
37016,6,676980,5
37018,1,0,1
37020,1,160384067,6
37024,6,0,1
37027,6,17241244,5
37036,17,264362635,18
37039,1,0,1
37045,6,0,1
37052,6,37040517,4
37056,6,0,1
37057,1,0,1
37062,1,200774680,4
37063,6,49356714,2
37064,1,0,1
37070,6,0,1
37077,6,65389782,5
37080,17,0,1
37085,6,0,1
37090,6,0,1
37109,6,1378583,2
37115,6,0,1
37121,1,0,1
37125,1,0,1
37127,1,0,1
37140,6,0,1
37141,6,0,1
37147,6,264987894,65
37154,6,7285784,6
37160,17,0,1
37161,17,0,1
37162,6,126269726,2
37171,6,180408587,9
37175,6,0,1
37181,1,0,1
37187,6,11583144,2
37188,1,0,1
37189,6,0,1
37196,17,226392404,4
37198,1,40929107,7
37202,6,251747090,9
37205,6,177685671,8
37208,1,200983359,5
37213,17,87882328,2
37217,1,200773952,3
37218,6,6125824,2
37222,6,0,1
37226,1,0,1
37230,6,0,1
37235,1,0,1
37242,1,0,1
37274,6,249194723,162
37280,6,262995196,12
37281,1,0,1
37288,6,0,1
37314,1,0,1
37325,1,0,1
37341,1,0,1
37343,17,0,1
37349,17,0,1
37353,1,0,1
37358,1,0,1
37360,1,0,1
37363,17,52633233,6
37371,6,0,1
37378,1,31463862,2
37379,6,134070587,4
37394,1,0,1
37397,6,0,1
37398,6,0,1
37400,1,0,1
37402,6,3263088,4
37409,6,111779997,3
37424,6,19736495,3
37435,6,0,1
37436,1,0,1
37437,6,18762883,5
37443,6,0,1
37453,6,0,1
37455,1,0,1
37459,1,0,1
37468,6,0,1
37470,1,0,1
37475,6,20608425,4
37481,6,0,1
37483,1,0,1
37484,6,0,1
37486,6,748,4
37492,1,198980487,3
37494,6,95891048,10
37496,6,877122,2
37498,6,11712,4
37502,6,0,1
37506,6,21747457,2
37508,1,0,1
37517,17,0,1
37518,6,27423174,5
37519,17,0,1
37522,6,0,1
37529,6,173119439,2
37535,17,0,1
37539,1,0,1
37541,6,71449485,4
37555,6,0,1
37559,6,0,1
37570,6,10694800,2
37575,1,0,1
37578,1,267741036,2
37583,6,201440368,7
37587,17,0,1
37588,1,4309356,2
37589,1,200861172,4
37590,6,0,1
37592,17,0,1
37593,17,0,1
37598,1,139005646,7
37599,6,157580186,12
37613,1,0,1
37616,6,0,1
37617,6,0,1
37618,6,11669824,2
37621,6,148169815,8
37627,1,0,1
37628,1,0,1
37629,6,0,1
37641,1,0,1
37643,6,10412539,2
37648,6,33751667,3
37659,1,0,1
37662,17,0,1
37667,17,1605679,2
37668,6,0,1
37672,1,4862044,2
37674,17,0,1
37677,17,0,1
37679,17,0,1
37685,17,0,1
37695,6,19223040,2
37697,6,0,1
37701,6,21611502,4
37718,6,0,1
37720,6,220668688,5
37722,17,0,1
37724,1,202279562,3
37730,17,175417511,2
37731,1,0,1
37735,17,0,1
37742,6,25435462,5
37743,6,0,1
37749,17,0,1
37756,6,35034071,5
37760,6,0,1
37762,1,0,1
37763,6,157763451,6
37765,1,60719790,2
37769,6,106935580,2
37771,17,0,1
37773,1,0,1
37775,17,0,1
37777,6,2868401,14
37778,1,0,1
37784,6,0,1
37785,1,200908185,2
37795,1,0,1
37799,6,18880852,3
37805,6,0,1
37813,6,0,1
37815,6,286014124,103
37817,17,0,1
37826,1,0,1
37827,1,0,1
37834,6,343,2
37839,1,0,1
37843,6,99201034,6
37844,1,0,1
37846,1,0,1
37848,6,0,1
37853,1,205035743,4
37856,6,26784367,2
37857,1,0,1
37861,6,16970594,6
37871,6,0,1
37877,1,0,1
37891,6,7574953,4
37899,1,0,1
37905,6,3236519,14
37908,6,0,1
37910,6,0,1
37911,1,160649464,2
37918,6,26258783,5
37934,6,213382328,28
37941,1,0,1
37951,1,0,1
37953,17,0,1
37954,1,20151932,2
37957,1,0,1
37958,6,0,1
37970,6,0,1
37976,1,0,1
37978,17,0,1
37979,1,0,1
37985,6,14140098,6
37989,17,0,1
37991,6,24622,2
37993,6,0,1
37998,17,0,1
38004,6,0,1
38016,1,0,1
38018,6,514564,3
38024,17,0,1
38027,1,0,1
38030,6,0,1
38032,6,0,1
38033,6,14959410,6
38034,17,0,1
38037,6,0,1
38041,1,0,1
38043,6,80971645,11
38051,6,202396514,9
38054,6,0,1
38067,1,0,1
38070,1,0,1
38079,6,0,1
38089,1,0,1
38101,6,0,1
38107,1,0,1
38110,6,129556307,11
38114,1,0,1
38122,6,2932923,7
38126,6,214607578,6
38131,6,0,1
38138,1,0,1
38141,6,88524175,35
38158,6,27425127,5
38163,6,7556606,5
38164,1,0,1
38173,1,0,1
38175,1,0,1
38181,6,105921117,2
38184,1,0,1
38186,1,0,1
38198,17,0,1
38201,6,0,1
38202,1,0,1
38218,6,116847193,8
38227,6,0,1
38239,1,0,1
38240,1,0,1
38245,6,272100368,162
38254,6,211296471,27
38269,1,0,1
38274,6,0,1
38277,1,0,1
38289,6,0,1
38296,1,200853971,2
38298,1,0,1
38299,6,282314720,174
38300,1,0,1
38309,6,0,1
38317,1,0,1
38320,6,0,1
38329,17,51827867,2
38331,6,0,1
38335,1,0,1
38349,6,0,1
38353,6,0,1
38360,1,0,1
38363,1,41567885,2
38371,6,169268259,8
38372,6,54953548,6
38383,6,178342419,3
38385,1,0,1
38391,1,0,1
38407,6,0,1
38421,1,0,1
38424,17,0,1
38432,6,0,1
38444,6,67240903,6
38446,1,0,1
38466,1,0,1
38468,17,0,1
38469,6,53840204,4
38472,6,216983414,337
38473,17,0,1
38478,6,0,1
38479,6,0,1
38481,6,0,1
38483,1,0,1
38484,17,6222719,2
38487,6,189336035,10
38495,1,38846862,2
38496,17,0,1
38514,6,0,1
38517,17,0,1
38520,1,0,1
38524,6,0,1
38527,6,0,1
38540,17,125404263,2
38545,6,3898752,14
38550,1,0,1
38552,6,0,1
38555,17,0,1
38594,1,0,1
38598,17,0,1
38602,6,185841298,2
38606,17,0,1
38611,1,0,1
38612,6,43466819,5
38621,17,200903139,3
38644,17,0,1
38653,6,0,1
38662,1,0,1
38674,6,0,1
38684,17,174948730,6
38702,1,0,1
38705,1,0,1
38707,6,11461944,2
38713,1,224214150,3
38719,1,45607882,2
38720,6,0,1
38724,6,163364464,285
38730,17,0,1
38732,6,0,1
38742,1,0,1
38745,6,7141000,5
38748,17,0,1
38749,1,0,1
38752,1,100985860,2
38763,1,0,1
38764,1,0,1
38768,1,0,1
38774,1,0,1
38777,6,0,1
38778,6,104969884,2
38784,6,141852954,4
38788,6,0,1
38794,6,27841490,5
38797,6,0,1
38798,1,0,1
38800,6,3929791,3
38801,6,0,1
38805,6,26689348,5
38812,6,0,1
38817,1,200961746,2
38840,1,0,1
38845,1,0,1
38850,6,62703389,5
38852,6,64502088,5
38860,6,61440761,6
38868,6,0,1
38872,6,276,2
38875,6,135138808,3
38877,17,0,1
38883,6,28444969,2
38887,1,0,1
38893,17,19738802,2
38894,6,0,1
38895,1,0,1
38901,1,202754397,3
38904,17,0,1
38908,17,0,1
38914,1,111988049,2
38915,1,0,1
38918,17,90794763,2
38919,1,82222120,2
38921,17,81134029,2
38926,17,0,1
38930,6,0,1
38932,1,0,1
38938,1,0,1
38941,1,0,1
38942,6,0,1
38952,1,0,1
38958,6,21848968,5
38959,1,0,1
38969,6,0,1
38971,6,5278949,2
38975,6,0,1
38981,1,0,1
38986,6,0,1
38991,1,0,1
38992,6,8097982,15
38993,1,98093085,2
38994,6,0,1
38997,1,0,1
39002,6,0,1
39004,6,203685685,23
39005,1,0,1
39009,6,80348366,2
39014,1,200945808,13
39024,6,276514909,59
39025,17,0,1
39046,1,200787131,3
39053,17,0,1
39054,17,0,1
39055,17,0,1
39067,47,287454496,107
39069,17,0,1
39073,17,0,1
39074,17,0,1
39080,6,276727274,100
39082,6,0,1
39083,6,1320294,2
39084,6,0,1
39085,6,0,1
39090,1,203516239,4
39092,1,0,1
39095,1,0,1
39098,6,152300370,2
39103,6,1365430,11
39104,6,789609,5
39105,6,0,1
39107,6,0,1
39114,6,255258533,90
39127,6,0,1
39134,6,0,1
39148,1,0,1
39149,1,0,1
39157,6,0,1
39166,1,0,1
39167,6,0,1
39168,17,81422724,2
39171,1,0,1
39174,1,0,1
39186,1,0,1
39189,6,87211549,5
39192,1,0,1
39194,1,0,1
39196,17,174436104,4
39200,6,0,1
39204,1,25625040,2
39206,6,5504770,10
39214,6,0,1
39230,1,0,1
39235,6,0,1
39236,17,170050656,3
39238,6,136942516,2
39243,1,0,1
39250,1,0,1
39256,1,30974832,2
39268,17,0,1
39269,1,0,1
39275,6,23857416,19
39279,6,0,1
39283,6,0,1
39285,6,216472323,2
39286,6,851943,4
39296,17,0,1
39297,17,58952674,2
39303,17,0,1
39307,17,0,1
39309,6,0,1
39313,6,21986077,2
39320,1,0,1
39322,1,0,1
39323,1,0,1
39327,6,0,1
39328,17,0,1
39329,1,0,1
39330,1,0,1
39334,17,281691960,4
39335,17,0,1
39342,6,233528121,22
39343,1,0,1
39344,6,2371481,5
39371,1,0,1
39374,6,21849377,5
39378,1,0,1
39381,6,0,1
39391,1,0,1
39393,6,16312115,5
39394,6,10219828,4
39398,17,0,1
39404,1,0,1
39409,1,0,1
39411,1,0,1
39413,6,25147320,14
39425,6,0,1
39432,17,0,1
39434,1,0,1
39436,6,0,1
39454,1,0,1
39456,6,12314449,2
39458,6,225498459,9
39478,6,0,1
39487,6,0,1
39489,6,183636971,2
39498,6,21658513,5
39509,17,0,1
39517,17,0,1
39518,6,196243616,6
39546,6,213892073,12
39550,6,8464050,12
39552,6,0,1
39553,1,49514714,3
39555,6,171392822,16
39556,1,0,1
39557,1,0,1
39558,1,0,1
39559,1,0,1
39576,6,15245666,2
39584,17,0,1
39605,1,200911031,3
39607,1,0,1
39615,6,155222136,2
39631,6,0,1
39632,1,0,1
39635,1,112337603,2
39636,1,0,1
39637,6,166061296,21
39641,6,34758119,5
39646,17,0,1
39650,1,0,1
39653,6,0,1
39654,6,4176633,8
39660,1,0,1
39665,6,0,1
39676,6,0,1
39693,1,0,1
39700,17,0,1
39701,6,7134048,6
39710,17,0,1
39712,6,141295370,5
39714,6,16166735,13
39729,6,9132649,5
39732,6,0,1
39736,17,0,1
39750,6,299,2
39752,1,0,1
39753,1,0,1
39757,6,0,1
39762,1,66736028,4
39769,6,148182121,6
39771,6,11236931,2
39778,1,0,1
39780,1,0,1
39782,6,276030776,27
39787,17,0,1
39804,17,0,1
39806,1,129111530,2
39808,17,0,1
39819,1,0,1
39830,17,0,1
39843,1,0,1
39846,6,802,3
39850,17,0,1
39882,6,863,3
39887,1,0,1
39891,1,0,1
39898,1,0,1
39910,1,0,1
39911,6,0,1
39918,6,23011002,5
39935,6,0,1
39940,6,13984,3
39955,1,0,1
39977,1,0,1
39985,1,0,1
39997,1,0,1
39999,1,0,1
40001,6,0,1
40002,6,757035,2
40004,1,0,1
40010,6,5439511,6
40015,17,0,1
40017,6,0,1
40019,17,85208902,3
40023,6,17476782,3
40025,1,0,1
40029,17,0,1
40031,6,206518234,9
40040,1,0,1
40052,1,0,1
40053,1,0,1
40056,17,223331113,5
40057,6,0,1
40058,1,0,1
40059,6,0,1
40063,6,88189549,2
40064,1,0,1
40066,1,0,1
40067,6,0,1
40090,17,0,1
40097,1,0,1
40100,17,212867015,7
40104,6,52197026,6
40107,1,200749073,3
40115,6,24608795,4
40116,1,0,1
40127,17,225994283,3
40132,6,4751199,3
40135,1,0,1
40139,6,66417845,2
40150,6,0,1
40157,1,0,1
40158,17,0,1
40171,1,0,1
40175,6,0,1
40179,6,8434722,2
40187,6,0,1
40190,1,0,1
40192,6,0,1
40201,6,53793223,6
40202,1,0,1
40209,1,0,1
40211,17,0,1
40212,6,0,1
40219,6,0,1
40221,1,39929775,2
40224,1,0,1
40235,1,0,1
40247,1,0,1
40253,6,121550431,4
40254,1,0,1
40255,6,0,1
40256,1,0,1
40257,1,0,1
40267,6,0,1
40269,6,252575214,12
40277,17,0,1
40278,6,0,1
40293,6,650682,2
40305,1,109352577,2
40313,1,0,1
40326,1,238528280,2
40333,1,0,1
40334,6,21851000,5
40335,1,0,1
40340,1,0,1
40346,1,0,1
40362,6,96520456,4
40367,1,0,1
40370,1,0,1
40377,1,0,1
40382,6,4176480,3
40392,1,0,1
40396,6,0,1
40400,1,0,1
40409,1,0,1
40418,6,260719968,225
40426,1,0,1
40432,6,0,1
40441,6,84413091,9
40442,6,171772618,203
40443,6,226652471,4
40444,1,312467,2
40446,6,13180870,2
40448,1,0,1
40457,1,0,1
40462,6,0,1
40474,6,33246094,3
40475,6,107449039,3
40477,17,0,1
40486,6,0,1
40490,6,0,1
40496,6,0,1
40501,1,191704191,7
40503,6,54278191,5
40514,6,7361596,3
40522,1,100497827,2
40524,1,0,1
40525,17,0,1
40526,6,21850722,6
40530,17,271051232,84
40542,17,0,1
40543,17,0,1
40544,1,0,1
40547,6,13255963,2
40551,1,0,1
40557,6,0,1
40560,17,0,1
40563,17,0,1
40565,17,0,1
40567,1,0,1
40568,1,72670291,7
40572,6,15396101,6
40575,6,182078554,7
40579,6,13023,2
40599,6,0,1
40603,1,150862445,2
40613,1,0,1
40618,1,0,1
40620,6,0,1
40628,17,0,1
40642,6,803316,2
40647,6,52119793,5
40648,6,272695640,179
40661,6,60446223,2
40663,1,18580821,2
40667,1,202393014,3
40682,6,58342382,13
40687,1,0,1
40699,6,0,1
40702,1,0,1
40703,6,0,1
40706,17,195285391,4
40733,6,159851341,6
40734,1,200948205,2
40736,6,0,1
40744,6,0,1
40754,1,0,1
40760,1,0,1
40762,6,0,1
40766,17,0,1
40772,6,100497225,2
40773,17,0,1
40774,17,0,1
40783,1,0,1
40790,6,0,1
40793,1,0,1
40803,17,0,1
40809,17,0,1
40810,6,12574362,2
40811,6,220187103,5
40821,1,0,1
40834,6,1032691,2
40835,6,95564508,6
40837,6,0,1
40838,1,0,1
40843,1,200802461,3
40844,6,47122552,8
40850,1,0,1
40859,17,0,1
40862,1,0,1
40875,17,0,1
40876,6,98553520,24
40878,6,21848771,5
40882,6,20676279,6
40894,17,0,1
40895,6,0,1
40901,17,0,1
40903,17,0,1
40904,6,0,1
40906,1,0,1
40912,1,0,1
40915,17,0,1
40920,6,278408339,140
40921,6,51837805,6
40927,6,35438124,5
40933,1,0,1
40934,6,91808540,5
40937,1,0,1
40942,1,0,1
40953,6,101556002,7
40958,1,0,1
40961,6,0,1
40962,1,753140,2
40969,6,10695784,2
40973,17,0,1
40974,1,0,1
40977,6,0,1
40981,1,18741845,2
40989,1,88372312,3
40994,6,139862135,2
41004,1,0,1
41007,1,159787941,3
41019,6,96499575,6
41028,17,0,1
41037,6,18766291,9
41051,1,200904749,7
41055,1,0,1
41062,1,0,1
41067,1,0,1
41070,6,14177241,5
41082,6,0,1
41090,6,60776395,6
41096,17,0,1
41099,6,257920090,303
41100,17,0,1
41103,6,77785234,13
41114,1,0,1
41126,6,130488910,8
41141,1,0,1
41145,6,92403288,6
41148,6,0,1
41150,1,0,1
41154,17,0,1
41157,6,50615957,11
41159,1,0,1
41173,6,11314167,2
41174,1,0,1
41182,17,180466682,3
41184,6,0,1
41193,6,180006388,14
41200,1,0,1
41209,6,12491294,2
41210,1,0,1
41212,6,0,1
41217,1,0,1
41231,1,0,1
41235,6,0,1
41237,1,0,1
41241,17,0,1
41247,1,0,1
41252,1,0,1
41255,6,245191227,24
41259,6,111263304,8
41262,6,35938648,5
41263,6,3285020,18
41267,17,0,1
41271,6,1052,4
41274,6,40307801,2
41275,6,111002385,2
41276,17,0,1
41279,6,0,1
41283,1,0,1
41284,6,167837203,2
41287,17,0,1
41289,6,0,1
41292,6,227016038,10
41294,1,0,1
41317,6,2540330,6
41327,6,114497799,2
41340,1,100569733,2
41341,17,0,1
41343,6,0,1
41345,17,0,1
41348,6,0,1
41350,1,0,1
41358,6,14176768,6
41365,6,11401130,2
41370,1,0,1
41382,17,0,1
41389,17,229599427,21
41405,6,911,2
41420,1,0,1
41427,1,251170483,2
41428,6,63058016,5
41434,1,0,1
41458,6,129973258,2
41464,17,0,1
41467,6,40417269,2
41471,6,157327353,14
41473,1,0,1
41476,1,0,1
41490,6,166804116,2
41492,6,0,1
41494,6,0,1
41497,17,0,1
41507,1,0,1
41510,6,42014732,4
41518,1,0,1
41523,1,0,1
41528,6,0,1
41532,6,112142330,6
41533,17,0,1
41550,1,26080114,6
41552,6,0,1
41555,6,0,1
41568,1,0,1
41569,1,0,1
41586,1,0,1
41590,17,2937725,2
41591,6,1711711,5
41596,1,0,1
41597,1,205,2
41600,6,250642908,6
41607,6,46525686,5
41636,1,54350204,3
41637,1,0,1
41644,6,0,1
41673,1,0,1
41676,1,0,1
41682,6,0,1
41686,17,0,1
41696,6,13803175,2
41700,17,0,1
41706,17,0,1
41714,17,0,1
41716,1,200866057,2
41718,17,0,1
41722,6,0,1
41727,6,0,1
41736,1,0,1
41740,1,99361169,2
41743,1,130019223,2
41749,1,0,1
41752,6,0,1
41753,1,0,1
41754,6,0,1
41760,1,0,1
41779,6,0,1
41789,6,135419682,9
41792,17,0,1
41794,6,136929591,6
41796,1,0,1
41801,1,0,1
41803,6,256635936,11
41815,1,0,1
41816,1,0,1
41826,1,0,1
41827,1,0,1
41830,6,14511350,2
41831,6,0,1
41833,1,0,1
41841,1,0,1
41848,17,0,1
41863,6,0,1
41885,17,0,1
41891,17,8531616,4
41896,6,108718156,5
41903,6,5906493,34
41909,6,0,1
41910,1,191013995,2
41913,1,0,1
41923,1,0,1
41932,6,0,1
41933,1,0,1
41939,6,32203217,4
41941,1,0,1
41950,6,51894904,3
41953,6,22375485,2
41954,6,0,1
41956,6,46868420,5
41961,17,0,1
41962,17,0,1
41967,17,0,1
41972,17,0,1
41974,6,142027567,17
41979,6,16317907,5
41984,6,0,1
41991,1,0,1
41992,1,0,1
42008,6,50646482,6
42030,6,13091276,5
42036,6,42947830,5
42039,6,120467719,11
42045,6,50303668,4
42047,6,0,1
42053,1,0,1
42055,1,135363842,2
42056,6,10338699,4
42065,6,12310234,10
42066,17,0,1
42069,17,0,1
42080,1,0,1
42088,17,0,1
42097,1,3475589,2
42101,6,0,1
42105,17,0,1
42109,17,0,1
42117,6,62374459,2
42118,1,200987949,3
42124,1,0,1
42129,1,0,1
42131,6,0,1
42132,1,200891223,2
42134,1,0,1
42135,6,0,1
42141,17,0,1
42145,6,13745338,10
42155,6,175543723,5
42168,1,0,1
42173,1,0,1
42178,6,181939761,6
42181,6,0,1
42185,1,0,1
42195,6,35050910,11
42202,1,0,1
42207,1,0,1
42210,17,0,1
42217,6,0,1
42221,6,0,1
42224,6,0,1
42226,6,30137822,5
42239,1,0,1
42246,6,4458885,2
42250,1,0,1
42256,6,0,1
42260,6,19068448,3
42274,1,0,1
42286,6,0,1
42291,17,0,1
42293,1,150538790,2
42294,6,0,1
42299,17,0,1
42301,1,0,1
42302,6,0,1
42305,6,15302618,7
42309,1,0,1
42314,6,32220826,2
42317,1,0,1
42318,17,0,1
42328,6,254699740,28
42333,1,0,1
42335,17,0,1
42340,1,0,1
42351,1,98635338,6
42353,1,0,1
42367,6,0,1
42369,6,44624321,5
42370,6,0,1
42375,6,0,1
42386,1,0,1
42402,1,100484259,2
42406,6,35801263,4
42417,1,200838364,3
42425,17,0,1
42436,6,167669330,4
42438,6,68937614,3
42444,6,251673753,7
42446,6,14169385,5
42452,6,30870897,3
42453,1,0,1
42456,17,0,1
42458,1,0,1
42464,1,0,1
42474,1,0,1
42476,6,163312456,131
42484,1,0,1
42486,1,0,1
42487,17,0,1
42490,17,0,1
42494,1,0,1
42498,17,0,1
42499,17,0,1
42500,6,138677926,6
42501,1,262154514,38
42504,1,0,1
42510,6,14169290,5
42518,6,40336590,3
42519,6,0,1
42520,17,0,1
42528,6,0,1
42537,17,0,1
42553,6,0,1
42559,17,0,1
42562,17,0,1
42564,6,174714908,8
42569,6,0,1
42579,6,36609859,9
42580,6,0,1
42581,1,0,1
42584,17,0,1
42589,17,0,1
42595,1,0,1
42597,1,99639450,2
42616,6,0,1
42618,17,133855423,2
42624,1,0,1
42625,1,0,1
42631,6,0,1
42639,6,65076452,12
42647,17,0,1
42654,6,41385326,4
42671,6,0,1
42675,6,0,1
42676,17,0,1
42683,6,108189756,2
42687,1,0,1
42695,17,0,1
42700,17,0,1
42702,1,0,1
42704,17,200801195,3
42705,17,10231881,9
42706,1,0,1
42712,6,0,1
42716,1,0,1
42720,1,0,1
42725,6,0,1
42726,6,26553276,2
42736,1,0,1
42749,17,90524147,14
42761,1,0,1
42762,6,0,1
42771,6,23322099,7
42776,17,0,1
42783,1,0,1
42785,6,56279702,8
42786,6,1206509,5
42787,1,0,1
42789,17,0,1
42792,17,0,1
42797,1,0,1
42800,6,0,1
42803,17,0,1
42805,1,0,1
42806,1,0,1
42807,1,0,1
42810,6,0,1
42813,6,0,1
42814,6,33349633,5
42820,6,145115427,10
42822,1,0,1
42827,17,0,1
42838,6,0,1
42839,1,0,1
42848,1,0,1
42851,17,0,1
42858,17,0,1
42862,1,0,1
42871,1,0,1
42873,1,0,1
42874,17,0,1
42875,1,0,1
42876,6,0,1
42886,6,9177205,2
42892,1,0,1
42896,6,25169,2
42899,6,145267435,6
42901,6,46121630,5
42905,6,183845041,10
42928,6,267642579,37
42939,6,16810637,5
42940,1,0,1
42944,6,0,1
42948,6,221394409,2
42956,17,0,1
42961,6,0,1
42963,6,99754130,14
42974,1,211403600,2
42975,6,38481553,6
42988,1,0,1
42990,6,14180065,5
42991,1,39967628,5
42998,17,0,1
43000,17,0,1
43002,6,0,1
43003,6,0,1
43006,6,528909,2
43007,6,0,1
43009,1,0,1
43013,1,0,1
43014,17,188011195,75
43019,6,0,1
43024,1,0,1
43029,6,7238206,5
43038,1,0,1
43040,1,0,1
43041,6,150192806,2
43056,17,22376718,2
43058,1,0,1
43063,1,0,1
43064,6,9522291,3
43082,1,200938231,3
43083,6,0,1
43089,6,21798840,5
43092,1,0,1
43096,17,0,1
43099,6,14526451,8
43104,1,0,1
43109,6,62924628,5
43121,1,0,1
43131,1,0,1
43135,1,0,1
43150,1,0,1
43151,6,0,1
43163,1,36923455,2
43164,17,0,1
43167,17,0,1
43173,1,0,1
43176,17,0,1
43182,17,0,1
43185,17,101804874,3
43203,1,0,1
43204,17,0,1
43205,17,0,1
43222,17,0,1
43231,1,0,1
43234,6,0,1
43240,6,45142908,7
43245,17,113916058,2
43246,6,18218272,5
43256,1,0,1
43259,6,108728033,2
43261,1,0,1
43264,17,0,1
43278,6,18219043,5
43285,1,200937193,3
43293,6,333,2
43304,1,0,1
43330,1,0,1
43332,17,0,1
43336,1,0,1
43354,1,0,1
43361,1,0,1
43363,1,0,1
43364,6,0,1
43365,17,0,1
43368,6,0,1
43373,17,130110667,3
43376,17,0,1
43381,1,139683874,2
43386,6,0,1
43389,1,0,1
43398,6,0,1
43412,1,0,1
43422,6,211591657,6
43442,6,0,1
43443,6,0,1
43444,1,0,1
43445,6,118974589,26
43473,1,0,1
43475,6,0,1
43478,17,765,2
43485,1,0,1
43492,1,199890226,3
43493,1,0,1
43495,17,200878217,3
43499,1,0,1
43501,1,0,1
43506,6,0,1
43511,6,69936641,3
43518,6,0,1
43520,1,0,1
43521,6,89285,2
43533,17,0,1
43534,6,62761693,5
43545,6,0,1
43557,1,0,1
43559,1,0,1
43568,1,0,1
43569,1,0,1
43583,1,0,1
43584,1,0,1
43603,6,0,1
43608,1,0,1
43611,17,85943058,2
43612,1,0,1
43613,6,0,1
43616,6,184325570,151
43623,6,0,1
43631,6,0,1
43636,6,0,1
43638,1,134848000,2
43639,1,0,1
43643,6,109515307,2
43649,6,165852308,2
43651,6,63309899,5
43653,1,0,1
43665,6,74190674,2
43668,6,12051495,2
43678,6,0,1
43684,6,25101628,2
43685,6,283630271,127
43688,1,0,1
43696,1,0,1
43698,1,0,1
43710,1,0,1
43726,6,14179024,5
43727,1,0,1
43740,6,0,1
43743,6,0,1
43747,1,0,1
43755,17,0,1
43756,1,0,1
43768,6,0,1
43769,6,0,1
43787,6,17275432,5
43795,6,0,1
43812,1,0,1
43818,1,0,1
43839,6,0,1
43841,17,0,1
43844,1,0,1
43857,17,0,1
43864,6,0,1
43865,1,0,1
43878,17,134667370,2
43886,6,79462491,12
43887,1,0,1
43891,1,0,1
43901,6,0,1
43905,6,38447774,5
43909,1,200791034,3
43934,6,17132911,2
43945,1,0,1
43947,6,0,1
43957,6,278721375,142
43961,1,0,1
43962,6,196857115,4
43969,1,0,1
43971,17,167633426,4
43972,6,101599330,6
43983,1,0,1
43986,6,0,1
43987,6,0,1
43991,6,273642463,127
44008,6,50200146,6
44011,17,0,1
44013,6,0,1
44026,17,0,1
44027,6,38369574,2
44036,6,52121551,5
44040,6,10269535,2
44042,17,91244522,3
44047,1,0,1
44050,6,0,1
44058,1,0,1
44059,6,0,1
44066,1,0,1
44072,6,64751465,5
44073,6,68458518,6
44076,1,202404709,3
44080,1,0,1
44084,6,31640661,6
44085,1,0,1
44086,17,0,1
44095,17,0,1
44100,1,0,1
44103,6,0,1
44130,1,119203617,2
44154,6,0,1
44155,6,1571684,3
44157,1,0,1
44172,6,64185132,2
44174,6,0,1
44182,1,0,1
44185,17,0,1
44197,6,0,1
44199,17,0,1
44200,17,0,1
44201,17,0,1
44205,6,0,1
44210,6,0,1
44214,6,1051476,2
44217,6,82561854,2
44219,17,0,1
44220,17,0,1
44222,1,0,1
44223,1,0,1
44226,6,0,1
44228,6,32606712,6
44231,6,13082039,2
44252,1,0,1
44258,1,0,1
44264,6,181273629,2
44271,1,0,1
44275,1,0,1
44276,6,0,1
44278,6,0,1
44295,1,0,1
44309,6,0,1
44322,1,60165963,2
44324,1,0,1
44327,6,18847027,2
44330,17,0,1
44334,6,0,1
44339,6,47006528,12
44342,17,71707756,3
44343,1,0,1
44347,6,0,1
44366,6,18239596,5
44373,6,12566,2
44375,17,0,1
44376,1,0,1
44381,17,0,1
44393,6,0,1
44403,6,0,1
44413,17,0,1
44414,6,178750854,6
44419,1,0,1
44424,6,0,1
44427,6,9819943,4
44432,6,0,1
44435,17,0,1
44467,1,160594608,2
44509,6,14915866,2
44510,6,242549590,7
44513,17,0,1
44516,1,0,1
44524,6,0,1
44531,1,110905256,8
44532,1,0,1
44539,6,111399168,2
44542,6,0,1
44545,1,0,1
44550,1,0,1
44558,6,10019992,3
44564,1,0,1
44567,1,0,1
44579,1,0,1
44581,6,123791227,8
44590,6,67942235,2
44597,6,0,1
44602,1,99064709,2
44604,6,65107517,4
44606,17,0,1
44607,17,234441767,4
44608,6,0,1
44611,1,0,1
44614,1,0,1
44619,6,10032411,4
44627,6,302,2
44628,6,0,1
44630,1,0,1
44631,1,0,1
44641,1,0,1
44643,6,25276221,8
44645,17,0,1
44647,1,0,1
44653,17,0,1
44660,6,28097269,20
44661,17,0,1
44662,6,268421600,431
44663,1,0,1
44665,6,9310284,2
44668,1,0,1
44676,6,0,1
44677,1,0,1
44686,6,18218773,5
44698,17,0,1
44702,1,0,1
44706,1,0,1
44723,6,196274037,6
44728,6,29064282,3
44735,1,0,1
44738,17,0,1
44746,6,0,1
44749,1,0,1
44751,1,0,1
44755,6,160860074,2
44760,17,0,1
44772,6,77775049,26
44778,1,0,1
44783,6,69370933,4
44786,6,33259341,3
44791,1,0,1
44793,1,201106955,4
44796,1,0,1
44803,1,0,1
44805,17,0,1
44808,1,0,1
44816,6,0,1
44819,1,62583665,3
44821,6,47345399,6
44828,1,0,1
44830,1,200936689,2
44839,17,0,1
44844,6,11216857,2
44846,6,0,1
44847,1,0,1
44849,1,0,1
44857,1,0,1
44868,17,0,1
44869,6,0,1
44878,1,0,1
44879,6,0,1
44881,6,0,1
44884,6,1753429,5
44887,1,0,1
44888,6,58470768,6
44905,17,0,1
44910,6,81266189,6
44915,6,0,1
44916,6,21049111,3
44921,1,0,1
44923,17,0,1
44928,1,0,1
44934,6,0,1
44936,1,0,1
44947,1,0,1
44959,1,0,1
44962,17,0,1
44969,6,0,1
44979,6,0,1
44981,17,0,1
44983,17,0,1
44984,6,12028723,6
44994,17,0,1
44995,6,0,1
45001,1,0,1
45006,6,0,1
45010,1,0,1
45018,1,0,1
45024,6,16946041,3
45030,1,0,1
45044,6,31511164,6
45058,1,0,1
45063,17,0,1
45076,6,18078541,27
45077,17,0,1
45083,6,518,2
45084,17,0,1
45088,17,0,1
45094,17,0,1
45098,17,0,1
45103,6,160302814,6
45115,6,0,1
45122,1,0,1
45131,1,0,1
45135,6,45039091,14
45136,1,0,1
45143,6,0,1
45144,1,0,1
45156,17,0,1
45162,1,0,1
45169,6,0,1
45171,17,0,1
45173,6,0,1
45175,6,0,1
45183,17,2221619,2
45192,6,9796437,3
45198,6,89388358,7
45199,17,51539864,2
45202,17,0,1
45209,1,5279375,2
45211,1,0,1
45224,6,0,1
45237,17,0,1
45244,1,0,1
45248,17,0,1
45251,1,105789642,6
45257,6,0,1
45258,17,0,1
45263,1,0,1
45268,17,0,1
45282,1,0,1
45295,6,29444322,2
45301,17,0,1
45312,1,0,1
45318,17,0,1
45327,6,10848029,3
45339,1,0,1
45340,17,0,1
45343,17,2638443,2
45350,1,0,1
45351,17,0,1
45362,6,17911588,5
45368,1,0,1
45376,6,0,1
45377,6,220203934,3
45382,6,0,1
45388,1,0,1
45402,6,105988775,3
45408,1,0,1
45413,6,0,1
45415,17,116628556,2
45425,1,0,1
45432,1,0,1
45438,1,97920017,2
45448,1,189900648,2
45449,17,0,1
45450,17,0,1
45452,17,0,1
45453,6,39080767,5
45456,6,0,1
45466,1,0,1
45468,1,0,1
45479,17,0,1
45485,1,0,1
45491,17,0,1
45498,6,25693527,22
45499,6,38866922,2
45501,1,34770857,2
45502,6,55396029,2
45503,1,0,1
45517,1,0,1
45518,6,110296797,10
45521,1,0,1
45522,1,0,1
45526,6,0,1
45528,6,53796785,6
45537,6,0,1
45539,17,0,1
45544,1,0,1
45549,6,0,1
45554,1,48108947,3
45556,6,634,2
45560,6,7317877,4
45576,1,0,1
45578,1,201167117,4
45591,1,0,1
45597,6,0,1
45600,6,106745514,3
45604,1,0,1
45608,17,0,1
45610,1,0,1
45620,6,267,2
45622,1,0,1
45624,1,0,1
45632,1,0,1
45637,6,0,1
45638,6,0,1
45640,17,0,1
45642,1,0,1
45654,1,0,1
45678,6,19014982,2
45680,17,0,1
45693,6,0,1
45711,17,0,1
45718,1,0,1
45721,6,0,1
45726,6,18179836,2
45728,6,132456920,10
45731,1,63455707,2
45735,6,128018670,6
45736,1,0,1
45740,6,232944750,9
45742,1,89991024,6
45750,17,0,1
45755,6,9832581,2
45759,17,0,1
45767,6,0,1
45770,17,0,1
45772,1,0,1
45774,1,0,1
45775,6,45324301,13
45779,1,0,1
45782,1,0,1
45805,17,0,1
45810,6,12609373,5
45813,1,0,1
45844,6,0,1
45856,6,0,1
45863,1,94815335,2
45872,1,0,1
45875,1,0,1
45882,6,3091767,14
45884,6,283556634,111
45889,1,0,1
45894,1,0,1
45898,1,0,1
45902,6,21686547,5
45903,6,0,1
45908,6,0,1
45917,1,0,1
45918,1,0,1
45919,17,0,1
45920,6,0,1
45934,1,10032795,2
45935,1,0,1
45941,6,30377358,2
45944,17,0,1
45947,6,174790043,2
45948,1,0,1
45954,6,2136975,5
45956,1,0,1
45962,6,154720136,9
45967,6,194411902,12
45968,6,0,1
45970,6,0,1
45974,1,0,1
45975,6,74094424,11
45976,1,0,1
45977,1,0,1
45982,17,100405116,2
45991,1,0,1
45998,6,166549949,8
46002,6,13369784,6
46003,1,0,1
46005,6,0,1
46007,1,90499687,2
46009,1,0,1
46010,1,0,1
46021,6,44257845,5
46027,6,0,1
46034,1,0,1
46041,6,0,1
46048,1,200946348,3
46057,6,0,1
46060,17,0,1
46067,1,0,1
46071,1,158751022,2
46075,6,9955800,2
46080,6,12275478,10
46093,17,0,1
46095,1,83587624,6
46099,1,0,1
46100,1,0,1
46101,17,0,1
46107,6,0,1
46113,1,0,1
46114,1,0,1
46117,17,162994475,2
46119,1,0,1
46120,1,0,1
46129,1,0,1
46131,6,0,1
46133,1,0,1
46149,6,1754553,4
46150,17,0,1
46163,6,278862366,211
46165,1,23565046,3
46173,6,0,1
46178,1,0,1
46179,1,0,1
46180,17,0,1
46187,17,0,1
46191,6,39043468,4
46200,17,0,1
46204,17,0,1
46205,6,0,1
46206,1,0,1
46207,6,0,1
46212,6,153851654,8
46228,6,0,1
46233,6,0,1
46251,17,0,1
46256,6,0,1
46260,6,0,1
46266,6,102383478,15
46271,1,0,1
46280,17,0,1
46284,6,123917083,6
46286,6,22502491,5
46290,6,0,1
46292,17,0,1
46296,6,818,2
46298,17,0,1
46304,6,0,1
46307,6,0,1
46323,6,0,1
46328,17,0,1
46336,6,52568550,2
46337,17,0,1
46340,6,0,1
46342,1,0,1
46351,17,154068323,4
46356,6,271806040,227
46360,6,228327861,9
46363,17,1407292,2
46373,6,0,1
46382,6,22503641,5
46384,1,0,1
46387,1,0,1
46389,1,0,1
46392,6,7579710,5
46393,17,0,1
46395,6,110585681,2
46397,17,140882189,2
46398,1,200826447,3
46404,1,0,1
46415,6,287993075,772
46416,6,0,1
46423,1,0,1
46426,17,14428881,9
46437,6,0,1
46441,6,2131232,6
46444,6,261877274,65
46446,6,2385207,3
46447,6,0,1
46448,17,0,1
46458,6,0,1
46476,1,0,1
46484,1,0,1
46485,1,0,1
46486,1,0,1
46496,1,0,1
46510,1,0,1
46515,6,0,1
46516,1,0,1
46517,6,102147922,26
46522,1,0,1
46539,1,248469526,2
46548,17,121524170,4
46551,17,0,1
46553,1,0,1
46561,1,0,1
46562,1,0,1
46571,1,18489394,2
46578,6,0,1
46585,1,0,1
46591,1,100480678,2
46595,6,56245184,5
46596,1,0,1
46602,6,0,1
46604,6,0,1
46614,1,0,1
46615,17,0,1
46626,6,0,1
46629,17,0,1
46630,17,0,1
46632,1,0,1
46639,6,0,1
46640,6,0,1
46650,6,3243748,16
46655,6,84596673,4
46664,1,0,1
46668,17,0,1
46678,17,0,1
46685,6,0,1
46690,17,305,2
46693,6,161521724,6
46694,6,0,1
46695,6,19131813,49
46697,6,0,1
46700,1,0,1
46708,1,38276176,3
46716,6,0,1
46724,17,0,1
46734,6,0,1
46736,6,0,1
46739,17,130333891,4
46752,1,0,1
46765,17,0,1
46770,6,0,1
46775,6,156557910,2
46779,1,0,1
46808,1,0,1
46810,6,156437455,3
46817,1,0,1
46819,6,47426305,39
46824,1,0,1
46829,6,11098445,3
46830,6,24080065,5
46832,6,0,1
46833,1,0,1
46837,6,174560636,3
46840,1,201050563,2
46848,1,0,1
46852,1,145557166,3
46857,1,0,1
46858,1,202513050,2
46860,17,0,1
46862,6,22504637,5
46863,1,0,1
46872,1,0,1
46877,6,0,1
46882,1,0,1
46883,6,0,1
46895,1,0,1
46898,6,191,2
46899,6,0,1
46900,6,530,2
46901,1,200659010,3
46903,6,516563,2
46905,6,272644245,19
46909,6,150560147,5
46913,6,1329141,2
46920,6,75294830,485
46925,1,0,1
46929,6,0,1
46934,6,0,1
46944,6,0,1
46947,6,1154634,3
46948,17,0,1
46967,1,200718365,3
46988,1,0,1
46989,17,0,1
46990,6,176132887,5
46995,17,44492544,2
47002,17,0,1
47004,17,0,1
47006,6,92410176,7
47008,1,0,1
47013,17,244553767,4
47014,1,0,1
47024,17,192725658,7
47026,6,187659822,20
47028,6,0,1
47035,6,0,1
47051,6,15025972,4
47052,17,0,1
47055,1,0,1
47056,6,0,1
47057,1,0,1
47068,6,11179959,2
47077,6,0,1
47078,1,0,1
47084,6,0,1
47085,6,35738887,2
47086,1,0,1
47089,6,0,1
47090,17,0,1
47100,1,202427561,2
47101,1,0,1
47106,6,0,1
47110,6,75921556,11
47118,6,81639656,6
47122,6,220587777,19
47123,6,133669992,6
47125,6,47099092,2
47127,6,46665065,26
47130,1,0,1
47135,6,228939069,27
47141,1,0,1
47156,17,0,1
47158,6,147705294,6
47164,6,0,1
47171,6,268896734,16
47179,17,550695,2
47183,17,15243952,2
47191,1,0,1
47194,6,0,1
47208,17,0,1
47214,1,0,1
47215,1,112862935,3
47224,17,0,1
47237,6,70068843,5
47247,1,0,1
47248,1,0,1
47252,6,1242988,2
47260,6,132466204,11
47268,6,213806134,4
47272,6,0,1
47275,17,0,1
47282,17,0,1
47289,6,0,1
47290,6,0,1
47294,6,893616,2
47295,6,0,1
47297,1,201711998,3
47309,17,0,1
47314,1,0,1
47315,6,64987546,8
47320,17,243917539,25
47345,1,0,1
47348,6,0,1
47349,1,0,1
47352,17,0,1
47353,17,87309,2
47358,6,0,1
47369,6,0,1
47377,6,0,1
47382,1,0,1
47389,6,14907501,2
47392,6,119475148,2
47396,6,226905505,4
47401,1,114548110,2
47403,17,0,1
47407,1,0,1
47408,1,0,1
47409,1,0,1
47415,6,250030603,19
47419,6,39399081,2
47432,6,9709627,3
47440,17,0,1
47444,6,0,1
47447,1,0,1
47454,6,142852023,2
47460,6,0,1
47474,1,0,1
47477,1,206869854,3
47480,17,0,1
47487,1,0,1
47491,17,0,1
47500,1,201702250,2
47502,1,0,1
47514,6,111234280,6
47517,6,0,1
47525,1,0,1
47531,1,0,1
47534,6,19482745,9
47538,1,0,1
47540,6,0,1
47545,6,181216701,3
47555,1,0,1
47583,1,0,1
47584,1,0,1
47586,6,31556233,3
47595,1,0,1
47598,6,14173199,5
47607,6,0,1
47614,6,148405290,3
47615,1,36291265,2
47626,17,0,1
47630,1,0,1
47631,6,252970826,43
47634,1,0,1
47635,6,13595968,2
47636,6,190631880,4
47654,1,0,1
47662,6,63043344,4
47673,6,0,1
47675,1,0,1
47678,1,0,1
47679,6,285287966,94
47681,17,0,1
47688,6,377027,2
47690,1,0,1
47691,6,138498409,8
47699,6,81977303,8
47715,6,0,1
47716,6,240003243,2
47717,1,242494931,2
47719,17,0,1
47728,1,0,1
47738,1,0,1
47745,17,0,1
47746,6,22235575,5
47749,6,2189505,6
47751,6,153205018,5
47767,6,64211057,33
47772,17,0,1
47780,6,0,1
47781,1,0,1
47785,6,751669,2
47792,1,0,1
47795,1,0,1
47796,6,153020694,14
47797,6,190671576,7
47801,1,100479946,2
47809,6,32343121,3
47814,6,208,2
47819,17,0,1
47823,17,49105084,2
47835,1,0,1
47844,6,0,1
47847,6,0,1
47848,6,250944008,11
47853,1,0,1
47858,1,0,1
47859,1,200743391,3
47866,6,262505121,36
47872,6,0,1
47878,1,0,1
47881,6,0,1
47886,1,0,1
47888,6,0,1
47893,6,266713804,101
47902,6,55068427,5
47912,6,769,2
47913,1,0,1
47921,1,0,1
47924,17,0,1
47927,6,263870418,120
47933,6,65451577,3
47941,6,0,1
47944,6,11002484,2
47946,17,0,1
47952,1,200811272,3
47953,17,0,1
47970,17,273430097,45
47976,1,0,1
47993,6,0,1
47994,6,0,1
47998,17,0,1
48000,1,0,1
48001,17,61853745,2
48003,1,0,1
48007,1,0,1
48019,1,0,1
48020,17,32280447,2
48022,6,0,1
48027,1,4008626,2
48032,6,63450860,4
48034,17,0,1
48039,1,0,1
48041,17,0,1
48042,6,0,1
48043,1,0,1
48049,6,10386026,2
48055,1,0,1
48065,6,50467638,4
48068,17,0,1
48075,6,164029523,20
48080,6,0,1
48086,1,203224099,4
48087,6,65279463,27
48090,17,0,1
48094,6,7119898,5
48097,1,62765971,4
48103,6,5701865,3
48113,17,24353095,2
48126,1,0,1
48132,17,239355078,28
48139,17,76406710,2
48143,1,0,1
48149,1,0,1
48169,6,0,1
48176,6,143860569,5
48177,6,42707130,6
48178,6,0,1
48182,1,0,1
48183,1,0,1
48184,17,795,2
48186,6,0,1
48192,1,0,1
48197,6,0,1
48202,6,0,1
48204,1,0,1
48206,1,0,1
48212,6,251333698,3
48215,1,0,1
48217,1,0,1
48223,6,0,1
48224,6,0,1
48228,1,0,1
48240,17,64369371,2
48246,17,0,1
48248,17,0,1
48249,17,0,1
48254,17,0,1
48265,6,12354153,2
48271,17,0,1
48274,1,0,1
48278,6,9681679,6
48281,17,0,1
48283,17,0,1
48291,1,0,1
48297,6,284243706,172
48302,1,0,1
48303,6,0,1
48307,1,0,1
48314,6,2769521,2
48320,6,0,1
48325,17,0,1
48326,17,0,1
48330,6,6315472,7
48331,6,101029697,2
48334,1,0,1
48336,6,0,1
48367,1,0,1
48371,1,200949995,2
48373,1,200943333,2
48376,6,0,1
48377,6,0,1
48380,6,103052850,84
48381,1,0,1
48383,6,34314401,2
48387,6,1669054,16
48388,1,0,1
48390,6,34229712,4
48405,1,0,1
48408,6,0,1
48418,6,0,1
48423,17,0,1
48431,6,34919920,6
48433,6,0,1
48448,6,96471791,5
48449,17,0,1
48453,17,0,1
48466,17,0,1
48472,6,13372262,2
48485,17,0,1
48496,6,0,1
48509,1,0,1
48512,6,0,1
48514,6,270179493,7
48517,6,94010630,7
48520,6,0,1
48521,17,0,1
48523,1,0,1
48525,1,204875336,3
48527,6,236339854,4
48528,6,0,1
48542,1,0,1
48547,6,0,1
48549,17,0,1
48559,1,0,1
48563,1,100466119,2
48564,1,0,1
48565,17,0,1
48571,6,111355110,2
48575,17,143295596,2
48583,1,0,1
48584,1,0,1
48591,6,177266966,57
48594,1,0,1
48599,17,28232200,2
48606,6,0,1
48607,6,42790096,8
48614,17,0,1
48633,6,0,1
48641,6,7017532,4
48659,1,0,1
48670,6,247590743,5
48672,6,0,1
48677,1,0,1
48682,6,0,1
48686,1,0,1
48689,1,0,1
48699,6,178829067,18
48702,1,0,1
48711,6,11807783,2
48714,1,0,1
48723,6,23866320,2
48728,1,0,1
48741,1,59034674,2
48743,1,100433818,2
48746,1,0,1
48748,1,0,1
48750,6,21687327,5
48759,1,0,1
48761,6,0,1
48764,1,0,1
48767,6,0,1
48768,1,0,1
48773,1,204862908,4
48785,1,0,1
48788,1,0,1
48792,6,8128435,29
48797,6,24161982,4
48806,17,0,1
48808,6,17011104,4
48809,6,0,1
48814,1,0,1
48816,6,72577193,6
48821,1,0,1
48823,6,42605354,4
48826,6,3345150,14
48829,6,77082114,14
48833,17,0,1
48834,1,0,1
48839,17,0,1
48842,6,25812616,4
48848,6,67630098,3
48849,6,11792314,6
48866,6,14970289,10
48869,1,0,1
48875,1,0,1
48876,6,0,1
48892,1,0,1
48896,6,0,1
48898,6,784014,2
48899,1,40354987,2
48901,6,38518003,4
48913,6,0,1
48917,1,0,1
48920,17,0,1
48925,17,0,1
48933,6,0,1
48951,6,2800024,7
48954,6,0,1
48961,17,0,1
48964,17,0,1
48990,6,0,1
48992,17,0,1
48996,17,0,1
49009,6,0,1
49011,1,0,1
49022,6,52783389,5
49024,1,0,1
49029,6,0,1
49033,1,0,1
49034,6,0,1
49038,6,21686166,5
49039,1,0,1
49044,1,0,1
49049,6,12119333,15
49051,1,0,1
49055,1,0,1
49056,6,0,1
49059,6,0,1
49063,6,5714586,3
49064,6,159423219,6
49079,17,0,1
49094,1,0,1
49096,1,50165188,2
49097,1,0,1
49098,17,11558642,2
49100,17,28827928,2
49104,6,0,1
49105,6,0,1
49109,6,0,1
49113,1,200972215,4
49130,1,0,1
49133,6,15523018,2
49149,1,0,1
49150,6,279623953,191
49152,6,0,1
49160,6,12312147,5
49162,6,6578812,3
49164,1,0,1
49166,6,22530710,5
49172,1,0,1
49173,1,0,1
49175,6,0,1
49189,6,0,1
49190,6,0,1
49195,1,0,1
49196,17,0,1
49218,6,114107788,2
49222,6,41038280,4
49228,1,0,1
49230,1,0,1
49241,6,80875844,3
49243,1,0,1
49245,6,36369002,2
49246,6,5805539,2
49250,6,247497557,13
49253,1,0,1
49255,1,0,1
49260,6,0,1
49262,6,76609530,2
49268,6,0,1
49270,6,0,1
49271,1,0,1
49274,6,0,1
49275,6,38404070,2
49286,1,0,1
49292,6,73805107,6
49309,17,0,1
49312,1,100491817,2
49318,1,0,1
49337,17,0,1
49339,6,88822,2
49344,17,0,1
49346,1,0,1
49347,6,33549368,3
49349,6,10437917,2
49359,1,0,1
49364,6,0,1
49368,6,0,1
49370,6,29454991,2
49373,17,0,1
49382,6,28127942,5
49384,1,0,1
49386,1,0,1
49391,1,0,1
49400,6,12121937,5
49408,6,9028657,111
49412,1,0,1
49419,1,37963180,2
49423,1,0,1
49425,6,2734600,14
49430,6,0,1
49432,6,12857333,5
49433,6,5887039,4
49439,6,144305927,4
49440,1,0,1
49450,6,164989019,15
49458,1,0,1
49461,1,0,1
49466,1,25193406,2
49467,6,38969205,2
49469,1,0,1
49481,1,63165198,2
49485,1,0,1
49494,6,208588558,3
49499,6,12662,2
49502,17,0,1
49517,6,0,1
49527,6,1563492,6
49530,1,0,1
49536,6,283053976,56
49547,6,0,1
49552,6,0,1
49560,1,0,1
49571,6,44563620,6
49572,17,0,1
49583,17,0,1
49588,1,0,1
49596,6,108646479,3
49598,1,0,1
49606,6,0,1
49612,1,77671554,2
49623,6,0,1
49631,1,0,1
49633,6,0,1
49647,17,0,1
49652,1,0,1
49659,17,0,1
49660,1,94932923,2
49662,6,0,1
49669,1,0,1
49675,6,0,1
49678,1,59967303,2
49692,17,0,1
49697,1,0,1
49732,6,112468412,12
49738,1,0,1
49744,6,0,1
49754,6,0,1
49760,1,0,1
49774,6,0,1
49778,1,0,1
49788,6,0,1
49790,1,210948856,2
49791,17,20331319,2
49800,6,35819271,7
49808,6,232711525,5
49813,17,0,1
49829,6,24041,2
49837,1,0,1
49844,6,261756618,7
49845,1,201508413,3
49850,6,325865,2
49853,1,94003567,2
49855,17,0,1
49859,17,0,1
49860,17,100860962,4
49861,17,0,1
49864,6,0,1
49867,6,0,1
49870,6,14078159,5
49880,6,12628844,5
49903,17,229560509,3
49914,6,0,1
49915,6,38917656,2
49917,6,0,1
49929,1,0,1
49932,17,0,1
49941,6,0,1
49942,1,0,1
49944,17,0,1
49952,6,42986736,11
49956,17,281588683,2
49967,6,0,1
49971,6,4794474,3
49972,6,143547636,5
49973,6,210145224,3
49976,6,12507428,5
49977,6,12607990,2
49990,1,0,1
49996,17,0,1
50011,1,0,1
50013,1,0,1
50023,17,22779761,2
50037,1,0,1
50039,1,0,1
50053,17,0,1
50058,6,0,1
50059,6,0,1
50063,17,0,1
50064,6,203276349,5
50065,6,3066039,14
50067,1,0,1
50069,1,0,1
50074,1,0,1
50075,17,185615387,11
50086,17,0,1
50087,17,0,1
50089,1,0,1
50090,6,177720630,16
50093,1,0,1
50095,17,0,1
50097,6,0,1
50107,6,40388919,2
50111,6,0,1
50113,17,150758885,3
50120,17,0,1
50122,6,0,1
50127,6,111196774,14
50134,1,0,1
50135,6,281677310,118
50148,1,0,1
50150,1,0,1
50156,17,0,1
50160,1,0,1
50177,6,54866464,3
50184,1,0,1
50190,6,60446621,4
50192,6,226588893,8
50201,17,0,1
50207,6,0,1
50218,6,2800005,14
50223,1,0,1
50224,6,0,1
50230,1,178689012,2
50234,6,0,1
50235,6,51954691,3
50241,1,198795083,3
50249,6,31231831,2
50258,6,249336,3
50263,6,0,1
50290,6,39795715,5
50292,6,22155378,4
50293,6,21844710,4
50298,1,0,1
50300,1,0,1
50302,6,11050949,3
50306,1,0,1
50307,6,0,1
50319,6,0,1
50320,6,118169707,2
50327,1,0,1
50328,1,0,1
50335,6,3069917,11
50337,6,3412917,6
50353,1,0,1
50360,6,12160479,6
50361,6,0,1
50365,1,0,1
50368,6,155249290,5
50370,1,56192973,2
50375,17,200897992,3
50376,17,0,1
50377,1,0,1
50385,17,0,1
50388,17,0,1
50392,6,0,1
50394,1,0,1
50398,6,0,1
50406,6,97264682,3
50447,6,0,1
50450,1,0,1
50453,6,0,1
50458,6,0,1
50462,6,9213547,3
50463,17,0,1
50464,1,141437428,2
50467,1,0,1
50469,17,0,1
50482,6,3051699,2
50483,6,0,1
50491,6,0,1
50495,6,110743539,26
50499,6,0,1
50504,6,188944861,6
50525,1,0,1
50528,17,0,1
50532,17,0,1
50536,6,0,1
50539,6,1441191,41
50542,1,0,1
50543,1,0,1
50544,17,0,1
50554,6,0,1
50555,6,40737643,2
50561,6,0,1
50562,17,0,1
50566,1,200974101,3
50578,6,100225330,2
50590,1,0,1
50591,6,142887650,10
50594,17,217633105,136
50600,6,11000917,3
50602,6,3933704,2
50613,6,0,1
50614,6,0,1
50618,17,0,1
50621,17,0,1
50633,1,0,1
50638,17,0,1
50640,17,0,1
50642,1,0,1
50646,17,0,1
50648,6,0,1
50649,17,230997603,3
50652,1,0,1
50666,1,0,1
50675,1,120294345,10
50679,17,0,1
50682,1,0,1
50702,1,54728738,5
50704,17,0,1
50708,1,0,1
50721,6,279735870,49
50725,1,0,1
50726,1,201046895,3
50727,1,0,1
50740,1,0,1
50741,1,0,1
50759,1,0,1
50774,1,0,1
50775,6,50144989,2
50779,1,0,1
50784,6,237598108,13
50791,6,25055664,5
50792,6,176506073,8
50795,17,0,1
50797,17,0,1
50798,6,23185203,5
50808,6,0,1
50820,17,0,1
50821,17,51489113,3
50828,17,0,1
50829,17,0,1
50833,6,2887832,14
50840,6,199271209,8
50841,1,202526943,4
50846,6,226056966,7
50856,17,0,1
50858,6,3013075,14
50862,1,201163135,3
50863,6,74894253,7
50871,1,0,1
50873,1,0,1
50874,6,0,1
50877,1,0,1
50897,1,0,1
50903,1,100513175,2
50905,6,0,1
50908,6,4226973,8
50916,1,0,1
50918,6,0,1
50921,1,0,1
50926,6,0,1
50930,6,3230509,2
50932,6,54013467,10
50954,1,0,1
50956,1,0,1
50964,6,15588384,3
50970,6,21451271,3
50973,17,0,1
50974,1,0,1
50986,6,3949430,2
50990,1,0,1
51003,6,88125,2
51005,1,0,1
51016,17,255151791,2
51022,6,21683622,13
51024,17,0,1
51031,6,0,1
51040,1,0,1
51041,6,3549808,6
51063,1,0,1
51064,6,12389801,5
51072,6,279998029,143
51075,1,0,1
51077,1,0,1
51078,6,43451103,5
51080,6,28764790,3
51086,6,23182000,5
51093,6,0,1
51102,17,0,1
51109,6,69554361,6
51112,6,11737,4
51124,1,0,1
51131,6,0,1
51137,1,214862985,3
51145,6,232723704,5
51155,17,0,1
51157,17,0,1
51162,1,0,1
51163,6,0,1
51173,1,194880265,2
51176,6,226985665,14
51184,1,0,1
51189,1,0,1
51193,1,0,1
51195,6,39839072,2
51203,6,0,1
51207,6,0,1
51209,1,0,1
51211,1,0,1
51215,6,0,1
51227,1,0,1
51239,17,0,1
51243,17,263949267,79
51249,6,0,1
51256,6,0,1
51261,1,107810895,7
51271,6,65140353,23
51294,17,0,1
51297,6,3159086,7
51302,1,0,1
51304,17,72521031,2
51309,6,0,1
51310,6,271680595,52
51324,6,279775054,595
51329,1,0,1
51333,6,7204312,6
51337,17,0,1
51340,1,0,1
51342,6,25951935,6
51353,1,0,1
51361,1,123649998,2
51365,6,174541127,7
51368,17,0,1
51373,6,0,1
51378,1,0,1
51379,1,0,1
51384,6,0,1
51387,6,2164102,12
51393,6,31386378,3
51399,1,0,1
51401,1,0,1
51414,6,23683631,2
51417,17,208741905,17
51430,17,0,1
51436,1,0,1
51439,6,0,1
51452,6,55376461,4
51463,1,0,1
51474,6,0,1
51475,1,0,1
51478,17,0,1
51479,6,236514228,16
51480,6,751,3
51489,6,143895753,11
51490,1,0,1
51492,1,0,1
51495,17,0,1
51498,1,0,1
51508,6,227019724,24
51509,1,0,1
51511,1,199834538,3
51535,1,0,1
51540,1,0,1
51542,1,0,1
51549,1,15189480,3
51550,6,0,1
51562,1,0,1
51585,1,0,1
51590,6,37924236,6
51593,6,137564499,3
51601,6,3310422,23
51602,1,0,1
51603,6,29328074,3
51624,6,86177558,5
51626,6,3131782,14
51633,17,0,1
51636,17,7769630,2
51638,17,0,1
51639,17,0,1
51648,6,101570747,2
51659,6,44510842,2
51660,1,0,1
51664,6,11779285,4
51671,6,0,1
51677,1,0,1
51681,1,0,1
51687,6,0,1
51690,1,0,1
51696,1,0,1
51700,6,22660127,4
51701,1,0,1
51707,1,0,1
51719,1,0,1
51733,6,53480367,8
51735,6,0,1
51738,6,0,1
51739,17,0,1
51743,1,0,1
51744,6,10884229,2
51746,6,0,1
51767,17,21500287,7
51772,6,0,1
51773,17,0,1
51777,6,21442292,3
51779,1,0,1
51784,6,161088595,16
51792,6,278943713,123
51795,6,18746123,2
51796,1,0,1
51803,6,31946839,6
51828,1,0,1
51834,6,93765963,2
51847,1,130637034,2
51848,6,0,1
51857,6,27655338,5
51879,1,0,1
51883,6,56633465,8
51885,17,0,1
51886,6,25949968,5
51891,6,269671472,23
51896,6,33155049,4
51901,6,8869785,8
51906,1,0,1
51924,6,133600,3
51925,6,0,1
51930,1,0,1
51937,6,3177658,5
51940,1,0,1
51943,6,33193312,2
51957,1,0,1
51964,6,54631293,21
51974,6,32607178,6
51985,6,224599246,19
51986,6,29479268,2
51990,1,0,1
51995,6,9887208,2
51999,6,13786109,3
52001,1,0,1
52003,1,0,1
52004,6,0,1
52006,1,200878550,2
52008,6,133023124,5
52010,6,3194062,14
52011,6,0,1
52013,6,24525,2
52014,1,0,1
52020,1,0,1
52025,17,0,1
52027,1,0,1
52033,17,0,1
52034,1,0,1
52040,6,60110765,5
52042,1,105808921,3
52044,6,0,1
52045,17,0,1
52046,6,25948796,5
52056,6,39770829,8
52057,6,0,1
52061,1,0,1
52062,17,0,1
52064,6,7131018,31
52067,1,0,1
52077,6,0,1
52083,6,188823585,11
52092,6,56487108,4
52094,6,0,1
52100,1,0,1
52103,6,0,1
52129,6,3102895,5
52146,6,0,1
52160,6,0,1
52162,1,0,1
52163,6,8225,3
52167,6,0,1
52169,1,0,1
52188,1,202282751,3
52190,17,0,1
52196,1,0,1
52209,1,149250574,2
52212,1,0,1
52217,1,0,1
52221,6,14962990,8
52239,6,8392880,3
52240,17,0,1
52242,6,48306792,8
52244,6,0,1
52245,1,0,1
52246,6,64320392,10
52255,17,0,1
52257,6,3512675,5
52277,1,0,1
52278,6,951623,2
52286,17,0,1
52288,6,0,1
52307,17,0,1
52311,1,0,1
52312,17,0,1
52320,6,19363642,4
52328,6,276592192,79
52329,6,1368399,2
52336,1,0,1
52341,17,233744007,13
52342,1,0,1
52348,6,255572936,351
52352,1,0,1
52358,17,0,1
52361,6,77726393,6
52369,6,3050517,14
52370,6,515648,4
52378,6,267979946,24
52392,17,0,1
52394,6,45479875,15
52395,6,0,1
52396,17,0,1
52397,1,0,1
52399,6,0,1
52404,17,0,1
52410,6,0,1
52427,6,0,1
52430,6,18926616,5
52434,1,0,1
52435,1,0,1
52446,6,7408276,5
52448,6,193351117,10
52449,6,0,1
52451,6,84451622,2
52454,6,183105533,7
52455,17,0,1
52456,1,0,1
52461,6,0,1
52466,6,30973727,5
52468,6,53569834,5
52471,17,0,1
52486,6,9398818,5
52494,1,0,1
52496,6,280911539,130
52501,6,0,1
52524,1,0,1
52526,6,18927024,5
52534,6,241814438,12
52536,6,36760754,4
52537,6,24412522,7
52544,6,280411351,117
52547,17,0,1
52548,1,0,1
52549,6,363159,2
52553,1,0,1
52556,6,0,1
52560,6,85779858,2
52572,6,0,1
52577,6,3071390,6
52585,6,81732737,4
52592,1,0,1
52611,1,0,1
52615,1,0,1
52617,6,165970865,2
52619,6,277706437,121
52628,1,9489870,2
52633,6,30761161,3
52640,6,0,1
52652,1,0,1
52660,6,22621004,4
52673,1,0,1
52674,6,57596565,8
52681,6,0,1
52698,6,0,1
52700,6,0,1
52704,17,0,1
52710,6,0,1
52712,6,73451486,4
52716,17,0,1
52726,6,72098234,9
52737,17,0,1
52745,6,0,1
52747,1,261578389,2
52750,6,0,1
52752,1,0,1
52753,6,3009750,14
52770,1,0,1
52778,6,3126735,14
52779,6,0,1
52783,17,0,1
52787,1,0,1
52789,6,0,1
52794,6,0,1
52801,17,0,1
52807,6,226281991,7
52812,6,0,1
52813,1,0,1
52814,6,209917842,35
52819,1,0,1
52821,1,0,1
52832,6,0,1
52836,6,4420278,5
52837,17,0,1
52840,17,502,2
52845,1,0,1
52851,17,0,1
52860,1,0,1
52867,6,28059991,7
52871,1,0,1
52880,6,0,1
52885,17,0,1
52890,1,0,1
52897,6,3489816,6
52900,1,0,1
52901,6,79701208,3
52913,6,14386298,5
52916,6,0,1
52918,6,0,1
52919,6,204722891,6
52922,1,200891877,3
52923,6,11232430,2
52926,1,0,1
52931,6,0,1
52932,17,0,1
52944,6,225718465,11
52954,1,0,1
52960,17,0,1
52970,6,0,1
52972,1,0,1
52974,17,242957167,6
52976,1,200797051,3
52991,17,0,1
53001,6,0,1
53010,6,42695431,5
53020,1,0,1
53021,1,0,1
53037,6,0,1
53041,17,0,1
53042,6,3116756,2
53043,6,0,1
53044,6,21649752,4
53054,17,0,1
53055,17,0,1
53057,1,0,1
53061,17,0,1
53063,17,0,1
53065,6,319,2
53068,17,0,1
53073,6,14510883,5
53077,6,94724165,7
53079,6,251354869,8
53094,6,29470806,2
53096,6,73381662,4
53103,1,0,1
53110,1,200815895,3
53114,6,45491570,6
53115,6,39971874,2
53118,6,0,1
53123,6,48363919,5
53132,6,11580586,4
53139,1,0,1
53144,1,201161788,3
53148,1,181598934,2
53150,17,0,1
53151,1,0,1
53156,1,0,1
53160,1,0,1
53168,1,0,1
53176,6,40076838,4
53180,1,0,1
53181,6,8900562,6
53194,1,96870413,2
53205,1,73640916,2
53206,1,0,1
53211,1,0,1
53214,17,0,1
53228,1,0,1
53232,6,0,1
53234,1,0,1
53236,1,0,1
53243,6,28536600,6
53251,1,0,1
53258,6,504,3
53270,6,82241,2
53272,1,0,1
53273,1,123976623,3
53278,6,0,1
53279,1,0,1
53281,6,5930373,2
53290,6,28713822,30
53297,1,0,1
53307,6,40160578,2
53310,1,0,1
53315,6,2010889,6
53322,1,0,1
53334,6,0,1
53346,17,0,1
53350,6,0,1
53355,17,0,1
53363,6,0,1
53364,1,167654870,3
53374,6,171902699,7
53382,17,0,1
53384,1,0,1
53385,1,0,1
53391,6,30189654,2
53402,6,0,1
53407,1,0,1
53409,6,11975429,10
53413,17,200864693,10
53429,1,0,1
53430,6,0,1
53433,1,0,1
53438,17,0,1
53439,6,0,1
53441,17,0,1
53450,17,0,1
53454,6,6132942,11
53456,17,0,1
53470,1,0,1
53472,1,0,1
53473,6,227465457,5
53480,1,0,1
53486,6,11231681,4
53489,1,0,1
53494,6,20385427,6
53497,17,0,1
53503,1,0,1
53507,6,215962922,21
53510,1,0,1
53513,6,126209759,3
53514,17,0,1
53515,1,0,1
53518,6,11220538,4
53521,6,0,1
53523,1,0,1
53525,1,0,1
53526,6,0,1
53527,6,90197,2
53532,6,0,1
53536,1,0,1
53540,1,201679175,2
53542,6,0,1
53548,1,0,1
53550,6,0,1
53554,6,65444359,6
53558,6,193790875,11
53559,1,0,1
53560,1,0,1
53564,6,0,1
53569,6,21246357,3
53573,1,208259037,3
53577,6,0,1
53584,17,0,1
53586,17,37580416,2
53588,1,0,1
53589,17,0,1
53595,6,16413478,5
53600,17,0,1
53608,1,0,1
53612,1,0,1
53623,17,0,1
53625,17,32058197,2
53627,17,265875962,121
53636,6,183748530,2
53639,6,0,1
53646,6,4625355,5
53658,6,0,1
53659,6,0,1
53669,6,0,1
53680,1,0,1
53682,1,0,1
53683,17,215464517,7
53688,17,0,1
53689,6,112595187,3
53698,1,41354204,2
53699,1,0,1
53708,1,151522952,2
53711,1,0,1
53715,1,0,1
53720,1,0,1
53722,6,0,1
53728,1,0,1
53729,6,13795915,25
53734,6,137502869,7
53738,17,28379157,2
53743,17,100374006,2
53750,6,0,1
53759,6,287514597,1047
53765,6,12044113,4
53767,6,0,1
53768,17,0,1
53777,1,0,1
53791,1,0,1
53802,6,286803284,5087
53806,6,87813354,3
53810,6,139798448,26
53813,1,0,1
53817,17,0,1
53821,17,20194365,2
53827,6,0,1
53828,1,0,1
53829,1,0,1
53840,1,0,1
53843,1,0,1
53844,6,220062663,9
53845,6,0,1
53862,6,233196312,3
53867,6,120436585,6
53869,1,0,1
53872,1,0,1
53883,1,0,1
53889,6,6461857,2
53895,1,224650,2
53896,6,1833099,2
53902,17,0,1
53915,6,16588846,5
53917,1,99282000,2
53922,6,0,1
53930,6,3039285,14
53932,1,0,1
53938,17,0,1
53940,1,0,1
53941,6,23019356,3
53943,6,43684308,4
53946,6,8468384,5
53947,6,38490128,2
53952,1,0,1
53955,6,49341127,16
53966,6,12439138,4
53970,1,0,1
53971,1,0,1
53977,6,0,1
53979,6,0,1
53983,1,0,1
53984,1,0,1
53986,6,0,1
53993,17,0,1
53994,6,270721530,37
53995,1,0,1
53996,1,0,1
53999,1,0,1
54001,1,0,1
54003,6,3288832,2
54008,1,0,1
54009,1,0,1
54011,1,0,1
54025,1,0,1
54036,6,2060826,6
54048,1,21909087,2
54052,1,0,1
54062,6,12449548,4
54070,6,20576164,6
54075,1,201186897,4
54080,6,276278718,192
54086,17,0,1
54093,1,0,1
54107,1,0,1
54116,1,0,1
54137,17,0,1
54147,6,52898526,12
54148,1,0,1
54169,1,0,1
54171,6,63679316,20
54187,6,0,1
54197,6,0,1
54202,1,0,1
54218,1,0,1
54223,1,0,1
54237,6,0,1
54239,1,0,1
54241,1,0,1
54259,6,278784093,17
54278,6,0,1
54280,1,0,1
54283,6,16370599,5
54293,6,46606601,4
54297,1,0,1
54299,6,0,1
54300,6,40229211,2
54303,1,0,1
54311,6,147899434,12
54313,17,0,1
54316,6,27618188,3
54321,1,0,1
54327,1,0,1
54329,6,5861097,2
54335,17,138389523,2
54342,17,0,1
54344,17,0,1
54346,6,24603844,4
54347,1,200815748,3
54350,6,28947613,6
54360,6,0,1
54361,1,0,1
54363,1,0,1
54377,6,91977618,14
54385,1,0,1
54394,6,123266951,2
54396,1,0,1
54399,1,0,1
54401,17,0,1
54407,17,0,1
54420,1,0,1
54426,1,0,1
54429,1,0,1
54430,1,0,1
54434,1,0,1
54440,6,216234525,2
54442,6,10664444,2
54443,6,0,1
54444,17,0,1
54446,6,19898294,5
54449,6,0,1
54454,17,0,1
54478,6,0,1
54480,1,0,1
54488,6,0,1
54490,6,8938616,6
54513,6,26664328,2
54515,6,268410671,139
54519,1,0,1
54524,1,0,1
54534,1,0,1
54537,6,144725316,6
54538,1,0,1
54550,6,0,1
54556,6,0,1
54570,6,7774166,22
54580,1,0,1
54582,6,0,1
54584,17,0,1
54586,6,10633205,7
54587,17,0,1
54593,6,30024220,2
54597,1,200904387,2
54600,1,0,1
54602,6,280416748,93
54606,6,19899221,5
54610,1,0,1
54616,1,0,1
54634,17,0,1
54637,17,0,1
54639,6,29022229,4
54644,6,0,1
54645,6,0,1
54646,6,0,1
54651,17,0,1
54679,6,0,1
54684,1,0,1
54685,6,267644085,41
54689,6,739422,3
54692,6,0,1
54696,6,356,2
54701,1,0,1
54703,1,201182230,3
54710,1,0,1
54715,6,0,1
54719,6,0,1
54724,6,0,1
54730,6,9785390,9
54745,6,62372484,10
54755,17,0,1
54757,1,200760753,3
54760,6,0,1
54764,1,0,1
54773,6,206188253,10
54777,1,0,1
54782,1,0,1
54792,6,235807694,4
54793,17,0,1
54800,6,234379825,3
54803,6,278395698,119
54809,1,0,1
54810,6,225436392,27
54812,17,0,1
54824,6,0,1
54827,6,16912785,5
54828,1,0,1
54833,1,0,1
54839,1,0,1
54841,1,0,1
54844,1,0,1
54850,1,0,1
54851,6,3108518,2
54853,6,1093792,3
54858,1,0,1
54859,1,0,1
54866,17,0,1
54867,17,36291466,3
54872,17,269587971,26
54878,6,0,1
54881,1,0,1
54886,6,229892859,6
54887,1,0,1
54894,17,117777110,2
54905,1,0,1
54925,17,200864810,3
54926,1,0,1
54928,6,0,1
54929,6,3360812,3
54934,1,0,1
54944,6,15100446,2
54950,1,0,1
54956,17,0,1
54962,6,191177530,13
54965,1,0,1
54972,17,0,1
54977,6,12244,3
54982,1,0,1
54988,17,0,1
54989,1,0,1
54991,17,0,1
54994,6,23957308,3
54997,1,0,1
54998,17,0,1
55000,1,0,1
55008,17,0,1
55018,17,0,1
55020,1,0,1
55023,6,0,1
55031,1,0,1
55032,6,68572681,7
55034,6,15146249,9
55041,6,0,1
55045,6,1088835,3
55046,1,0,1
55048,6,278783517,14
55054,17,0,1
55059,6,11209953,3
55063,6,8415806,2
55071,6,0,1
55072,17,0,1
55073,6,5535327,7
55080,6,201750589,12
55087,17,0,1
55101,1,0,1
55102,1,0,1
55137,1,0,1
55140,1,0,1
55146,6,18165486,5
55150,6,11220453,4
55152,1,0,1
55170,1,0,1
55171,6,0,1
55173,1,0,1
55175,6,0,1
55187,6,14689815,2
55192,6,146430094,2
55195,1,0,1
55196,6,0,1
55197,6,0,1
55204,1,0,1
55207,1,0,1
55210,6,3000975,14
55214,6,52740999,7
55219,6,0,1
55220,17,0,1
55223,1,0,1
55224,1,5003181,2
55225,6,0,1
55227,6,39946076,2
55231,1,200927269,2
55232,6,37774590,5
55234,6,0,1
55237,6,0,1
55263,17,0,1
55270,1,0,1
55277,17,0,1
55278,6,265244406,52
55284,6,0,1
55296,1,0,1
55298,6,32506925,7
55306,17,15542,15
55309,6,0,1
55316,1,53672459,2
55319,1,0,1
55320,6,5979664,6
55334,6,188675949,17
55336,17,0,1
55340,1,0,1
55341,1,0,1
55342,6,0,1
55348,1,0,1
55355,17,0,1
55359,17,182383214,2
55373,6,250003200,37
55374,6,123867992,6
55377,1,100270565,2
55384,6,11061696,4
55396,17,0,1
55399,17,0,1
55408,1,0,1
55417,1,0,1
55433,6,0,1
55434,1,0,1
55444,17,17972988,2
55462,6,61995649,10
55463,17,0,1
55466,6,3072698,14
55467,1,0,1
55473,6,0,1
55479,6,436982,2
55482,6,0,1
55486,17,0,1
55488,1,0,1
55501,17,0,1
55503,1,0,1
55520,1,0,1
55521,6,29777429,4
55522,1,0,1
55528,6,8318744,5
55532,17,0,1
55540,6,22412279,4
55548,6,274593157,237
55551,17,0,1
55552,6,0,1
55553,1,0,1
55557,6,44275392,5
55558,6,0,1
55563,6,418230,2
55566,1,2727079,2
55570,1,0,1
55572,6,0,1
55575,1,0,1
55580,1,0,1
55586,17,0,1
55588,6,220923676,30
55598,1,0,1
55599,6,20093204,3
55603,1,0,1
55608,17,0,1
55611,6,0,1
55616,6,0,1
55625,6,57695188,3
55628,6,123330938,10
55631,6,30982282,3
55633,1,80458735,2
55637,17,0,1
55640,1,0,1
55641,6,56620442,10
55651,6,65546655,114
55652,1,0,1
55654,6,0,1
55659,6,22072742,4
55661,1,0,1
55662,1,0,1
55665,1,0,1
55671,1,0,1
55673,6,0,1
55675,1,40505960,3
55677,6,163079779,8
55681,1,0,1
55689,6,0,1
55698,6,0,1
55703,6,55030715,5
55705,6,214446205,35
55708,1,0,1
55713,6,11724945,5
55715,1,0,1
55718,6,0,1
55722,1,201632296,3
55732,1,0,1
55738,1,0,1
55743,17,0,1
55756,1,0,1
55768,1,0,1
55790,1,0,1
55793,6,19120831,4
55800,6,24763961,2
55801,6,13786,2
55804,6,0,1
55805,1,0,1
55806,6,274920971,101
55812,17,279,2
55814,1,0,1
55816,6,81363949,26
55829,6,0,1
55831,17,0,1
55843,6,0,1
55850,1,118797811,15
55853,1,125766028,3
55856,6,0,1
55866,6,0,1
55873,17,0,1
55875,17,9037966,2
55894,1,0,1
55896,1,0,1
55898,17,0,1
55902,1,0,1
55906,6,61387138,14
55918,17,0,1
55922,6,0,1
55923,6,0,1
55925,6,72212336,5
55926,1,0,1
55927,6,0,1
55928,1,0,1
55932,17,0,1
55944,1,0,1
55945,1,0,1
55947,1,0,1
55949,6,15979843,2
55952,17,0,1
55963,6,30730458,2
55965,6,0,1
55972,1,115834288,2
55973,1,76489377,2
55978,17,0,1
55984,1,0,1
55991,1,0,1
55997,6,11787490,4
56002,17,0,1
56005,6,178589111,5
56009,6,177075,2
56010,1,0,1
56016,1,0,1
56019,6,0,1
56040,1,207019043,3
56041,17,161381726,6
56054,17,0,1
56059,1,0,1
56061,6,115558047,4
56063,1,0,1
56064,6,0,1
56067,1,0,1
56071,17,0,1
56076,6,0,1
56079,1,0,1
56084,1,0,1
56086,1,0,1
56087,1,0,1
56095,6,0,1
56096,6,0,1
56099,1,0,1
56117,6,462543,2
56123,17,286928722,109
56125,17,0,1
56127,6,0,1
56130,6,18617654,3
56134,17,0,1
56137,17,0,1
56144,1,0,1
56145,6,0,1
56148,6,133663751,7
56168,6,34324072,3
56170,17,0,1
56187,1,106221624,2
56193,6,17187415,5
56200,1,0,1
56207,6,0,1
56213,1,0,1
56221,6,0,1
56222,1,0,1
56227,1,0,1
56238,17,0,1
56246,17,0,1
56248,1,0,1
56252,1,0,1
56255,6,63941585,23
56256,6,0,1
56262,1,0,1
56268,6,0,1
56275,1,100502698,2
56280,6,177195652,6
56286,6,0,1
56287,17,0,1
56289,17,0,1
56292,6,0,1
56294,1,0,1
56302,6,18404820,5
56307,1,0,1
56316,6,0,1
56319,6,11117791,2
56321,1,0,1
56323,6,0,1
56330,6,0,1
56333,17,0,1
56334,6,143417363,8
56338,17,0,1
56340,6,279787519,118
56346,1,0,1
56350,6,0,1
56366,1,201919768,2
56392,17,0,1
56396,1,0,1
56402,6,24032123,5
56408,6,48929926,3
56411,1,200903043,3
56413,6,18464564,2
56418,6,41494796,5
56422,6,265880937,89
56425,1,0,1
56448,1,0,1
56466,1,0,1
56469,1,0,1
56470,6,224141749,12
56473,1,0,1
56474,1,35231921,2
56480,6,0,1
56488,6,4213870,2
56489,17,53825384,2
56491,6,342278,2
56498,6,38196959,5
56499,6,0,1
56500,6,0,1
56502,17,0,1
56509,6,338478,2
56512,6,4047622,13
56529,1,0,1
56532,6,0,1
56533,6,2148840,6
56535,1,826815,2
56536,17,0,1
56557,1,0,1
56563,1,24731631,4
56570,1,76929481,2
56571,6,0,1
56575,17,0,1
56580,6,202399663,6
56588,6,91063332,9
56592,17,237561414,39
56594,6,36676699,7
56601,1,0,1
56602,17,0,1
56604,1,0,1
56609,1,0,1
56619,6,47650827,5
56621,1,0,1
56625,6,0,1
56640,6,0,1
56648,6,7786506,6
56654,6,143367006,2
56664,6,240932566,2
56666,17,0,1
56671,17,0,1
56689,1,0,1
56692,6,287129543,179
56702,1,0,1
56705,17,0,1
56707,1,0,1
56711,1,0,1
56719,17,0,1
56724,6,0,1
56725,17,0,1
56731,6,63061177,4
56742,6,264756945,96
56746,6,2984009,14
56752,6,0,1
56757,6,36855498,2
56759,6,0,1
56760,6,226012735,6
56764,17,0,1
56774,1,0,1
56776,1,0,1
56780,6,20249126,2
56803,17,406,2
56810,6,0,1
56823,6,0,1
56839,1,0,1
56842,1,0,1
56846,6,12439073,4
56853,1,0,1
56854,17,0,1
56856,1,0,1
56868,1,0,1
56869,6,252407549,9
56870,6,16115911,4
56882,6,198230666,20
56884,6,0,1
56885,1,0,1
56895,6,0,1
56896,6,105493665,22
56902,1,0,1
56903,17,0,1
56917,6,9141177,34
56921,6,248189823,3
56923,1,0,1
56924,6,0,1
56930,6,35438647,5
56936,6,202709466,12
56938,17,0,1
56939,1,0,1
56942,6,0,1
56945,1,0,1
56946,6,0,1
56947,6,153166929,7
56952,6,153268493,9
56955,6,175390807,2
56956,17,0,1
56966,6,283548274,222
56970,1,0,1
56974,6,0,1
56975,1,0,1
56976,1,0,1
56977,1,0,1
56979,6,0,1
56980,1,111448482,2
56984,1,20738799,2
56988,1,0,1
57001,6,101228084,7
57008,1,0,1
57009,17,0,1
57011,1,0,1
57028,6,246400814,5
57029,1,0,1
57036,1,0,1
57042,6,31341276,6
57043,6,0,1
57047,1,0,1
57052,1,0,1
57054,6,83899444,2
57071,17,0,1
57082,17,0,1
57088,1,0,1
57090,6,63362609,5
57094,6,526048,3
57099,6,0,1
57102,1,49133227,3
57104,1,0,1
57105,17,0,1
57114,6,208862088,5
57127,6,0,1
57130,6,2671236,14
57131,6,0,1
57133,17,0,1
57140,6,12241472,9
57146,6,7053432,5
57151,1,0,1
57176,6,0,1
57182,6,0,1
57186,1,0,1
57187,1,0,1
57195,1,9955276,2
57205,6,1104,3
57209,1,0,1
57212,1,0,1
57213,17,0,1
57216,17,0,1
57228,17,0,1
57231,1,200759635,3
57247,6,0,1
57250,6,0,1
57253,6,1053311,2
57262,6,211046259,57
57269,17,0,1
57277,17,0,1
57283,1,0,1
57289,17,100235352,2
57293,6,0,1
57294,6,0,1
57296,17,0,1
57304,6,255041574,92
57319,6,11842598,4
57327,1,0,1
57337,6,114485879,2
57343,17,0,1
57346,6,34706556,4
57347,6,29167785,2
57356,1,0,1
57359,1,0,1
57363,6,40597671,6
57379,6,67970446,4
57390,6,0,1
57392,6,23402312,2
57394,1,0,1
57401,1,0,1
57403,6,161479150,8
57408,17,0,1
57412,1,0,1
57414,1,0,1
57433,1,99479309,2
57443,6,8728963,2
57444,17,281589486,3
57447,17,0,1
57449,6,27517654,2
57454,1,0,1
57455,6,98223534,4
57456,1,0,1
57459,6,1938599,6
57462,1,0,1
57464,1,28801239,2
57465,6,20386489,2
57470,1,0,1
57476,6,0,1
57487,1,0,1
57491,6,0,1
57508,6,0,1
57509,1,47837624,2
57513,1,0,1
57515,6,18713428,4
57523,6,8282662,8
57529,1,200993571,2
57535,6,0,1
57542,1,0,1
57544,17,0,1
57546,6,0,1
57553,1,0,1
57554,1,0,1
57556,1,0,1
57557,6,0,1
57560,1,0,1
57567,1,0,1
57571,17,99131352,2
57581,6,0,1
57604,6,0,1
57613,1,245119522,2
57615,17,0,1
57622,1,200981041,2
57628,6,267896458,92
57629,17,0,1
57632,6,77979332,3
57639,6,264294656,55
57642,6,0,1
57643,6,15354613,5
57647,1,0,1
57659,1,0,1
57666,1,0,1
57672,17,0,1
57674,1,0,1
57675,6,236955059,7
57677,17,0,1
57682,17,2449616,2
57685,6,0,1
57699,1,0,1
57703,6,30086525,3
57704,1,0,1
57705,17,0,1
57706,17,0,1
57713,6,0,1
57715,6,562,2
57716,1,0,1
57720,1,191106006,2
57721,6,0,1
57722,1,128226237,6
57723,6,154646963,2
57727,1,0,1
57729,6,72632598,16
57730,1,0,1
57731,17,0,1
57732,6,103556247,6
57736,6,269826079,12
57739,1,0,1
57740,1,200962168,2
57755,1,0,1
57762,17,224668760,2
57767,17,0,1
57769,17,0,1
57777,1,0,1
57785,1,152444311,2
57786,1,0,1
57793,1,200889552,3
57798,6,0,1
57804,1,0,1
57809,6,11734453,2
57811,1,0,1
57814,1,0,1
57819,6,14065310,5
57821,1,0,1
57837,1,2894438,2
57841,17,0,1
57843,1,0,1
57845,17,0,1
57856,1,201257099,3
57857,6,0,1
57863,6,0,1
57867,1,0,1
57868,6,295,2
57872,1,0,1
57883,6,21901215,5
57887,1,170627469,2
57888,17,31105609,2
57891,17,0,1
57898,6,36029323,7
57899,17,0,1
57901,6,37833881,6
57903,6,209906293,14
57906,6,32159230,5
57911,1,0,1
57912,1,0,1
57923,6,235592647,88
57928,6,141632976,7
57931,17,0,1
57949,17,0,1
57952,17,0,1
57953,6,0,1
57955,6,254061820,6
57965,1,0,1
57974,6,72043222,2
57985,6,0,1
57986,1,0,1
57988,1,172454678,2
58002,17,0,1
58004,6,4433852,7
58021,1,0,1
58024,6,25050476,5
58030,6,32307571,6
58034,6,279799614,32
58037,1,0,1
58043,1,0,1
58049,6,51336320,3
58055,6,29177934,6
58059,1,0,1
58066,6,0,1
58070,6,0,1
58071,1,0,1
58076,6,0,1
58086,1,215582454,2
58088,17,0,1
58089,6,0,1
58091,17,270947653,25
58092,1,0,1
58094,1,0,1
58103,6,0,1
58106,6,0,1
58108,1,0,1
58109,1,0,1
58114,1,0,1
58115,6,178611623,6
58122,6,255889946,260
58145,1,0,1
58167,17,66686397,3
58173,6,0,1
58175,6,750765,3
58182,6,28685286,4
58185,1,0,1
58192,1,0,1
58193,6,259761330,128
58194,17,0,1
58201,6,13283277,2
58204,17,0,1
58207,1,30790755,2
58217,1,0,1
58223,1,0,1
58233,1,0,1
58240,1,0,1
58246,17,0,1
58250,17,0,1
58251,1,0,1
58254,6,217236334,12
58262,6,0,1
58265,1,0,1
58266,17,0,1
58271,17,0,1
58273,6,0,1
58274,1,0,1
58276,6,28032024,10
58277,1,0,1
58291,1,0,1
58292,1,0,1
58293,17,0,1
58300,17,0,1
58302,17,0,1
58305,1,4066567,2
58318,1,42403221,3
58340,6,205144148,2
58341,1,0,1
58347,6,31773437,3
58350,6,23634654,6
58363,6,608,3
58368,17,281286957,131
58373,6,50209564,2
58386,6,0,1
58389,1,0,1
58397,1,0,1
58399,1,0,1
58401,6,52429523,2
58403,6,0,1
58405,6,0,1
58414,1,0,1
58422,1,0,1
58423,6,16908202,46
58429,6,0,1
58430,6,0,1
58440,1,0,1
58443,6,177737627,2
58457,1,0,1
58458,17,49319323,2
58463,1,0,1
58467,1,0,1
58468,6,0,1
58470,1,0,1
58473,6,0,1
58479,6,138914,2
58481,17,0,1
58486,6,0,1
58487,6,23442151,4
58503,1,0,1
58505,1,0,1
58506,1,0,1
58516,1,9343812,2
58531,1,0,1
58532,6,0,1
58534,6,0,1
58542,17,0,1
58543,17,0,1
58560,17,0,1
58563,1,185465584,4
58564,6,0,1
58577,17,0,1
58589,17,0,1
58592,17,0,1
58603,6,0,1
58604,1,0,1
58620,6,0,1
58623,1,0,1
58626,1,0,1
58627,6,0,1
58629,6,91924034,5
58634,1,161864585,2
58636,1,0,1
58657,17,0,1
58658,1,0,1
58661,1,0,1
58662,17,0,1
58663,1,0,1
58664,6,0,1
58666,17,0,1
58673,1,0,1
58677,6,50081615,7
58679,6,21681909,4
58682,17,0,1
58683,6,0,1
58685,17,0,1
58686,6,0,1
58689,17,799,3
58693,17,0,1
58694,6,100714963,5
58696,6,0,1
58699,1,0,1
58706,17,50468158,2
58709,6,64418596,2
58710,1,0,1
58711,6,0,1
58715,1,0,1
58718,1,0,1
58721,1,0,1
58722,17,0,1
58728,6,280424037,72
58733,6,67950554,2
58747,1,0,1
58753,6,0,1
58754,1,0,1
58769,1,0,1
58771,6,2709279,2
58772,1,0,1
58784,6,0,1
58792,1,0,1
58796,1,0,1
58801,1,0,1
58802,1,0,1
58804,1,0,1
58810,1,89509194,2
58815,6,3416030,7
58819,6,0,1
58826,6,0,1
58836,1,200755835,3
58848,17,0,1
58852,6,667776,14
58854,1,0,1
58858,6,0,1
58861,1,0,1
58863,6,0,1
58868,1,0,1
58873,1,157390024,2
58883,6,44291709,5
58887,17,0,1
58888,1,0,1
58892,17,0,1
58902,17,0,1
58905,1,9299931,2
58906,1,0,1
58908,1,0,1
58911,6,0,1
58914,6,0,1
58926,17,0,1
58929,6,0,1
58933,17,0,1
58938,17,0,1
58940,6,0,1
58942,1,0,1
58951,6,0,1
58953,1,0,1
58956,1,41382460,2
58957,17,0,1
58960,6,0,1
58968,17,0,1
58975,6,0,1
58979,6,0,1
58984,17,0,1
58985,17,0,1
58988,17,0,1
59000,1,0,1
59001,17,0,1
59005,1,0,1
59006,17,0,1
59007,6,270018501,9
59008,1,0,1
59016,6,15093539,4
59021,6,0,1
59030,1,0,1
59031,6,283006241,123
59033,6,18035417,3
59035,1,0,1
59046,6,79334526,9
59055,17,0,1
59061,1,1455651,2
59063,6,133388058,6
59066,17,0,1
59068,17,0,1
59069,1,0,1
59071,6,187156634,3
59073,6,0,1
59082,6,104704432,2
59086,1,0,1
59093,6,0,1
59095,17,0,1
59096,6,0,1
59107,6,2547635,5
59118,1,0,1
59120,1,0,1
59127,6,45320320,6
59130,6,8349528,4
59131,1,0,1
59138,1,0,1
59149,17,0,1
59153,6,0,1
59162,1,0,1
59167,17,0,1
59168,17,0,1
59169,1,0,1
59170,6,0,1
59171,6,0,1
59173,17,0,1
59177,6,0,1
59181,1,118505776,5
59182,6,0,1
59189,1,0,1
59191,1,0,1
59192,1,0,1
59197,17,285685873,58
59200,1,0,1
59206,1,95874837,2
59208,17,0,1
59209,17,0,1
59214,6,0,1
59216,6,281563912,83
59225,1,0,1
59227,6,0,1
59231,1,55742133,2
59232,6,28383936,2
59233,6,47733840,106
59252,6,0,1
59253,1,0,1
59254,6,0,1
59259,17,0,1
59265,17,0,1
59272,1,0,1
59274,1,0,1
59283,17,0,1
59288,6,18373185,2
59291,1,0,1
59296,6,285010082,115
59300,6,0,1
59303,1,0,1
59305,17,0,1
59309,17,0,1
59313,17,0,1
59318,17,0,1
59335,17,0,1
59339,1,200988060,2
59340,17,0,1
59346,6,208307621,23
59349,6,100712978,6
59354,6,0,1
59357,6,107220032,3
59363,17,0,1
59373,6,0,1
59379,1,4971051,2
59393,17,165868967,2
59401,6,10499135,5
59411,1,0,1
59426,6,0,1
59432,17,0,1
59433,1,0,1
59435,17,0,1
59440,6,0,1
59449,17,0,1
59450,6,26163159,5
59452,6,4180847,7
59460,6,0,1
59462,1,0,1
59466,1,0,1
59470,6,99488448,3
59476,1,0,1
59482,6,0,1
59495,17,0,1
59496,6,80746097,4
59500,6,0,1
59501,6,2880266,2
59508,6,9849358,11
59509,1,198813984,3
59510,1,0,1
59511,6,17818515,2
59512,1,0,1
59514,17,0,1
59516,6,200969,2
59519,1,0,1
59549,1,0,1
59550,17,284294746,107
59551,17,109909486,2
59558,17,0,1
59568,6,16161861,2
59570,6,24560365,8
59580,17,0,1
59590,6,284961759,96
59602,6,36490900,5
59604,6,0,1
59613,1,0,1
59616,6,54381893,7
59617,17,0,1
59620,17,0,1
59623,1,0,1
59628,1,0,1
59637,6,0,1
59640,6,264660385,39
59644,17,209091199,23
59646,1,0,1
59649,6,0,1
59651,1,0,1
59670,17,0,1
59674,17,0,1
59679,6,0,1
59680,1,0,1
59685,1,0,1
59686,6,273000462,192
59695,1,90258785,3
59701,6,176906796,2
59706,1,0,1
59714,1,59547677,4
59732,17,0,1
59736,6,0,1
59741,17,141239868,2
59742,1,0,1
59744,17,0,1
59746,6,257405975,115
59754,6,107786031,6
59761,1,0,1
59765,1,0,1
59784,6,35996164,7
59787,1,0,1
59792,6,11717502,5
59798,17,0,1
59800,17,0,1
59807,17,0,1
59809,6,3074862,7
59816,6,0,1
59820,6,111322393,2
59827,1,0,1
59834,1,0,1
59839,1,0,1
59845,6,0,1
59848,17,0,1
59853,17,0,1
59854,6,0,1
59856,1,0,1
59858,1,0,1
59859,17,270600624,16
59874,1,0,1
59881,1,166534764,2
59900,1,52345981,3
59901,6,88664763,7
59906,6,43344745,5
59908,6,18711797,2
59910,6,124943518,19
59912,1,0,1
59924,1,0,1
59927,6,0,1
59928,17,0,1
59929,6,0,1
59930,1,0,1
59936,1,651033,2
59938,1,0,1
59939,6,0,1
59940,6,0,1
59941,6,0,1
59943,1,0,1
59950,17,0,1
59955,1,0,1
59959,1,0,1
59963,6,109099240,2
59965,1,0,1
59968,1,0,1
59971,6,14944438,5
59974,1,0,1
59975,6,10137349,6
59980,1,0,1
59983,1,0,1
59984,6,9498355,5
59985,1,0,1
59987,17,0,1
59997,6,18773235,3
59998,17,0,1
60001,6,23071470,45
60004,6,13997,2
60008,1,0,1
60009,1,0,1
60028,17,0,1
60029,1,161193675,2
60033,6,0,1
60041,1,0,1
60052,1,100590272,2
60068,1,149333781,2
60069,1,200836557,2
60075,6,0,1
60076,6,263769538,131
60077,6,33261485,4
60088,6,29547876,2
60089,1,0,1
60091,6,16457591,4
60097,6,954242,2
60100,6,0,1
60103,1,0,1
60105,17,0,1
60109,1,0,1
60116,1,0,1
60121,1,0,1
60123,17,0,1
60129,1,0,1
60130,6,188636468,113
60137,6,0,1
60140,1,0,1
60143,6,0,1
60149,6,0,1
60152,6,0,1
60155,1,0,1
60157,6,0,1
60167,6,161140308,9
60168,17,0,1
60183,6,18613363,2
60190,17,0,1
60192,1,202301603,3
60193,6,3417114,6
60195,1,0,1
60198,1,0,1
60200,6,1714549,10
60202,17,0,1
60203,1,0,1
60204,1,0,1
60212,6,202711526,21
60223,1,0,1
60234,1,0,1
60238,1,236431555,2
60247,6,27474088,3
60258,6,0,1
60260,6,0,1
60261,1,0,1
60263,6,142852198,2
60267,1,0,1
60271,17,0,1
60273,17,8482331,2
60274,1,0,1
60277,6,175174222,14
60279,6,0,1
60281,6,0,1
60282,17,0,1
60283,6,110278120,2
60284,1,43242752,2
60291,17,0,1
60296,1,0,1
60299,1,0,1
60314,1,0,1
60322,17,100924042,2
60323,1,0,1
60324,6,0,1
60327,6,146182238,5
60329,6,0,1
60337,6,42516819,6
60345,1,0,1
60348,1,0,1
60353,1,0,1
60364,1,0,1
60365,6,150077447,17
60382,1,0,1
60383,17,0,1
60389,6,0,1
60390,6,42211880,7
60392,6,0,1
60410,6,234139576,5
60425,1,0,1
60442,6,0,1
60450,6,116410548,7
60455,17,0,1
60465,1,109392311,4
60468,1,145733164,2
60479,6,181784901,2
60493,1,0,1
60495,17,0,1
60496,6,0,1
60498,17,1654043,2
60503,6,0,1
60506,17,0,1
60507,6,0,1
60508,1,0,1
60513,17,0,1
60517,6,63333480,6
60523,17,1327539,3
60528,6,114641095,9
60530,6,71625129,2
60531,6,100694237,2
60533,6,30127895,3
60535,6,106763015,15
60548,1,0,1
60551,1,0,1
60567,6,88633722,4
60571,6,2096460,8
60579,1,0,1
60580,1,0,1
60581,17,0,1
60589,1,0,1
60596,1,0,1
60605,17,0,1
60606,1,0,1
60607,6,0,1
60619,17,0,1
60622,1,0,1
60624,6,0,1
60628,6,58289977,2
60640,1,0,1
60645,6,158215150,7
60647,6,185069192,2
60650,1,0,1
60657,1,201701882,2
60665,6,0,1
60667,6,0,1
60683,1,0,1
60688,6,214743316,2
60691,1,0,1
60693,6,26398884,3
60697,1,0,1
60698,17,244296845,12
60699,17,0,1
60710,17,0,1
60711,17,0,1
60712,6,0,1
60713,6,473339,6
60714,1,9041157,2
60724,6,203708492,4
60727,6,0,1
60739,17,0,1
60755,6,0,1
60758,17,0,1
60762,6,0,1
60764,6,33531250,2
60771,1,0,1
60775,1,0,1
60790,1,24252576,2
60803,6,66796423,5
60810,6,0,1
60812,6,0,1
60817,6,0,1
60818,6,250353166,3
60824,6,38018550,8
60828,6,0,1
60833,6,0,1
60852,1,149232253,2
60854,17,215445766,5
60857,1,198594811,4
60861,6,0,1
60866,6,159568427,16
60872,1,0,1
60874,6,0,1
60875,1,0,1
60876,6,0,1
60885,1,0,1
60887,1,0,1
60888,1,0,1
60900,6,1064712,6
60904,6,0,1
60915,1,0,1
60920,1,0,1
60922,1,0,1
60926,17,0,1
60930,6,57114752,6
60932,1,0,1
60936,1,0,1
60946,17,129157927,2
60947,6,287917077,1693
60948,17,0,1
60954,1,0,1
60958,1,0,1
60962,1,0,1
60973,1,0,1
60985,6,793912,12
60999,17,0,1
61009,1,0,1
61010,6,0,1
61017,1,113876769,2
61022,1,0,1
61031,1,0,1
61033,6,12776257,3
61046,6,0,1
61051,6,0,1
61056,6,0,1
61069,1,0,1
61073,1,0,1
61083,17,0,1
61093,1,0,1
61096,17,0,1
61098,1,0,1
61099,1,0,1
61112,1,0,1
61114,1,0,1
61116,17,0,1
61139,17,0,1
61140,1,0,1
61147,6,0,1
61154,17,0,1
61155,1,0,1
61160,1,0,1
61164,6,0,1
61170,6,127704930,12
61172,6,225209313,5
61185,1,0,1
61186,17,0,1
61187,6,0,1
61190,6,17221512,2
61192,17,0,1
61205,1,0,1
61219,1,0,1
61220,1,0,1
61230,6,0,1
61232,6,0,1
61233,1,0,1
61234,6,75892922,8
61254,6,0,1
61263,6,41696,2
61266,6,864840,8
61267,1,0,1
61278,1,0,1
61284,1,0,1
61288,6,38115174,2
61289,17,121287476,3
61290,1,0,1
61301,1,196564945,2
61304,1,149888986,2
61313,1,0,1
61315,1,0,1
61329,1,0,1
61332,17,0,1
61338,6,10767956,2
61348,6,15229979,20
61358,6,40489712,17
61363,6,118841042,14
61364,6,203645384,4
61365,6,232896530,11
61366,17,0,1
61372,1,0,1
61386,6,0,1
61387,6,0,1
61395,1,80439808,2
61396,1,0,1
61397,6,0,1
61401,6,0,1
61416,6,7089534,4
61433,6,177785731,8
61437,6,0,1
61439,6,0,1
61443,1,0,1
61452,6,160963861,18
61453,1,200904432,4
61459,1,0,1
61463,6,64191297,20
61472,1,192856119,2
61473,6,71292928,8
61508,1,0,1
61511,1,200912343,3
61518,6,28169239,2
61520,1,0,1
61525,6,213417199,11
61527,6,0,1
61548,1,201552724,3
61550,1,0,1
61551,1,0,1
61557,1,0,1
61558,17,1409,2
61561,17,0,1
61573,6,0,1
61579,6,4446690,6
61580,1,0,1
61582,6,0,1
61583,6,35032759,5
61586,6,18093900,2
61588,1,0,1
61594,6,0,1
61595,6,123661865,5
61597,6,14038136,2
61602,6,283812134,469
61603,1,0,1
61607,6,0,1
61619,1,95215140,3
61630,1,0,1
61633,6,66112853,213
61635,1,0,1
61660,6,0,1
61671,6,56171940,18
61673,1,0,1
61675,1,0,1
61677,17,0,1
61680,6,4609539,3
61689,1,201793115,3
61693,17,0,1
61697,17,9616845,2
61699,6,0,1
61710,6,0,1
61715,1,0,1
61721,6,120325221,5
61742,6,0,1
61744,6,0,1
61746,6,0,1
61747,6,479582,6
61748,1,202087472,2
61764,1,0,1
61779,17,0,1
61780,6,190042521,3
61789,1,0,1
61797,1,0,1
61798,6,965919,8
61802,1,0,1
61808,17,0,1
61810,6,15793454,14
61820,1,100422481,2
61821,6,149879997,12
61822,17,201931009,18
61823,6,0,1
61825,17,0,1
61831,1,0,1
61833,17,269739002,30
61840,6,0,1
61841,1,0,1
61844,1,0,1
61845,17,0,1
61849,17,0,1
61851,6,207644465,9
61853,6,12909,2
61858,6,0,1
61861,6,76841560,6
61865,1,258323427,2
61866,6,25399347,6
61869,6,19939273,3
61875,17,0,1
61879,1,0,1
61881,1,0,1
61897,6,5467648,2
61904,1,0,1
61914,6,0,1
61916,1,0,1
61919,1,0,1
61921,1,0,1
61922,1,0,1
61926,6,212204496,6
61930,6,3168691,21
61943,6,46667134,18
61946,1,207968622,4
61966,17,0,1
61972,1,0,1
61977,6,0,1
61980,6,11601226,2
61985,1,0,1
61989,6,15367580,6
61993,1,0,1
61994,6,3708402,14
61999,6,0,1
62001,17,0,1
62008,1,0,1
62010,17,74966673,3
62012,6,145396571,5
62018,1,0,1
62022,6,30865547,5
62029,1,0,1
62035,6,20716877,6
62044,1,0,1
62047,1,200722494,3
62061,6,25910039,2
62079,1,0,1
62100,1,0,1
62101,17,0,1
62103,1,0,1
62104,6,0,1
62105,17,4367,15
62114,1,100494280,3
62118,6,138499434,5
62124,6,57258259,2
62129,1,0,1
62130,6,14759460,8
62135,1,0,1
62140,17,0,1
62146,6,0,1
62151,1,0,1
62155,1,0,1
62156,6,32431135,6
62164,6,86138608,3
62166,1,0,1
62178,1,165776123,2
62188,6,9639957,2
62218,1,155392826,2
62239,1,0,1
62242,1,0,1
62243,6,41085370,5
62255,6,231534035,144
62260,6,75431043,11
62261,1,0,1
62264,1,16511759,2
62269,17,38463,2
62270,6,283984427,223
62274,17,0,1
62276,17,204204773,44
62277,1,0,1
62279,17,0,1
62284,1,0,1
62287,6,277957358,87
62291,1,0,1
62296,1,0,1
62307,1,0,1
62309,6,14060192,6
62314,1,0,1
62316,1,0,1
62319,17,0,1
62336,6,93810033,2
62337,1,0,1
62338,6,13406361,4
62341,17,0,1
62344,1,0,1
62345,6,0,1
62350,17,0,1
62352,17,0,1
62354,6,0,1
62356,6,0,1
62358,1,0,1
62364,17,0,1
62371,1,0,1
62378,1,190667390,2
62382,6,0,1
62386,1,0,1
62389,6,98559418,10
62400,17,0,1
62401,6,270212621,294
62404,6,17432754,5
62420,6,88197984,3
62438,6,0,1
62442,1,0,1
62448,6,192813929,4
62450,6,13906483,6
62457,1,0,1
62471,1,116009496,2
62483,17,0,1
62505,6,192156594,8
62511,1,86748804,33
62516,1,0,1
62518,1,0,1
62521,1,202249937,4
62532,17,0,1
62540,1,0,1
62543,17,286350020,489
62548,6,0,1
62556,6,6962756,5
62566,6,0,1
62567,6,0,1
62595,17,0,1
62603,6,0,1
62609,6,0,1
62614,6,13003844,3
62615,1,200348227,3
62636,6,198863381,16
62638,6,81343808,3
62640,1,0,1
62648,6,36559285,7
62655,6,123438528,2
62663,6,0,1
62672,6,278258361,62
62675,6,0,1
62676,1,136101459,2
62684,17,0,1
62687,17,0,1
62693,6,0,1
62704,6,0,1
62705,1,0,1
62721,1,0,1
62723,1,200888500,5
62725,6,287480853,51
62737,17,190787699,2
62738,1,0,1
62751,1,0,1
62754,17,239261947,2
62762,1,0,1
62795,1,0,1
62812,17,0,1
62813,17,0,1
62815,1,0,1
62819,1,0,1
62830,1,0,1
62837,1,0,1
62838,1,0,1
62850,6,31601870,4
62855,1,0,1
62861,6,0,1
62871,1,200877876,2
62886,17,0,1
62887,6,193736683,8
62891,6,61190509,2
62895,17,0,1
62901,6,26529459,3
62906,6,0,1
62907,17,0,1
62911,6,123679605,4
62918,6,0,1
62930,1,0,1
62931,6,6954764,3
62940,1,0,1
62941,1,200949048,2
62948,6,0,1
62949,6,155259792,9
62952,1,0,1
62968,6,0,1
62970,6,273648024,207
62975,6,88902694,97
62982,6,55327189,15
62983,17,0,1
62987,1,0,1
62989,6,0,1
62998,6,0,1
63011,6,45738058,3
63016,1,101061765,2
63017,1,0,1
63019,6,0,1
63021,6,0,1
63028,6,86431935,7
63029,6,181389908,28
63031,17,11470535,3
63032,17,0,1
63040,1,0,1
63045,1,100621398,2
63052,1,16006074,2
63064,17,0,1
63070,1,0,1
63072,1,0,1
63077,6,21912013,6
63083,1,0,1
63085,6,0,1
63099,6,39580071,2
63102,6,61426420,18
63105,6,233183376,4
63107,6,0,1
63109,6,14767,7
63129,6,125461,2
63133,17,100433356,2
63149,17,0,1
63158,17,0,1
63164,1,0,1
63171,17,0,1
63172,1,0,1
63178,6,0,1
63182,6,0,1
63183,6,0,1
63184,17,0,1
63186,1,211089324,5
63187,1,0,1
63192,1,0,1
63198,1,0,1
63208,1,0,1
63221,1,0,1
63224,6,51593841,3
63231,1,30111909,2
63234,1,0,1
63244,1,0,1
63247,6,0,1
63253,6,0,1
63254,1,0,1
63259,1,0,1
63262,17,0,1
63269,6,228189028,17
63294,17,0,1
63301,17,0,1
63302,6,0,1
63304,6,80287752,6
63311,1,0,1
63322,17,0,1
63324,1,0,1
63343,17,0,1
63351,6,31590742,5
63353,6,525658,2
63355,6,0,1
63356,17,0,1
63361,1,0,1
63368,17,0,1
63369,6,239917208,3
63374,1,0,1
63376,6,820,4
63384,17,0,1
63390,6,0,1
63391,6,38528708,4
63399,1,118402796,2
63411,6,0,1
63412,6,278797047,18
63416,6,0,1
63428,1,0,1
63430,6,216900176,7
63432,1,0,1
63439,1,0,1
63445,6,0,1
63448,1,0,1
63450,6,17154280,2
63452,6,0,1
63453,1,0,1
63457,17,0,1
63464,1,0,1
63468,6,9243798,2
63473,1,0,1
63482,1,105805286,3
63484,6,276454558,127
63486,1,0,1
63490,1,200943380,2
63491,1,0,1
63502,1,0,1
63507,6,0,1
63511,6,216093102,3
63517,17,0,1
63529,6,0,1
63539,6,0,1
63540,6,171018912,6
63546,6,0,1
63548,6,267119527,23
63553,6,0,1
63558,1,0,1
63569,17,0,1
63572,17,0,1
63579,6,47436255,2
63583,6,17635655,2
63585,6,11811939,2
63587,17,0,1
63588,1,0,1
63608,6,78302676,7
63622,1,0,1
63640,17,43670839,3
63641,6,20820618,5
63642,1,0,1
63644,6,53549861,4
63650,6,62900366,2
63654,1,0,1
63655,1,101308658,2
63657,1,0,1
63658,6,0,1
63659,17,0,1
63689,17,0,1
63691,6,326016,2
63695,17,251421340,5
63701,1,0,1
63708,6,0,1
63713,17,0,1
63715,1,60725593,5
63738,6,0,1
63750,1,0,1
63751,6,0,1
63762,1,0,1
63770,6,16006633,5
63776,6,0,1
63778,6,0,1
63779,6,0,1
63785,1,0,1
63791,6,0,1
63802,1,0,1
63816,17,0,1
63818,6,225600357,13
63819,17,0,1
63827,6,0,1
63828,1,200749782,3
63837,1,0,1
63841,1,61593880,4
63843,17,0,1
63855,1,67202201,3
63856,6,0,1
63865,6,11859070,4
63867,6,39316834,2
63868,6,0,1
63871,1,200148355,3
63876,6,0,1
63877,6,188717521,2
63880,1,0,1
63882,1,28431715,3
63889,6,77443799,2
63891,17,0,1
63904,17,0,1
63907,6,79002520,2
63920,1,0,1
63923,6,50679239,4
63951,1,0,1
63952,6,234454895,6
63954,17,0,1
63962,17,0,1
63967,1,0,1
63979,1,0,1
63984,1,199613789,4
63988,6,18753180,3
63994,6,272481230,35
64004,17,0,1
64005,6,52251630,5
64007,1,0,1
64016,6,0,1
64020,6,247054045,7
64022,1,0,1
64030,6,116100840,5
64042,17,0,1
64044,6,37260991,5
64051,1,0,1
64054,6,265605171,42
64060,1,0,1
64065,6,38785488,4
64082,1,0,1
64090,17,0,1
64132,1,101544121,2
64133,1,0,1
64150,1,0,1
64153,1,0,1
64155,17,0,1
64157,6,0,1
64164,6,50966491,2
64175,1,0,1
64176,1,0,1
64183,17,6218433,2
64184,17,0,1
64185,1,0,1
64186,6,0,1
64187,6,39439413,2
64191,17,0,1
64198,1,0,1
64208,1,0,1
64218,6,41734780,5
64221,1,0,1
64224,6,0,1
64226,6,0,1
64242,1,13857,3
64244,1,0,1
64245,6,241454566,11
64250,6,13252289,4
64258,1,0,1
64261,17,0,1
64264,6,70507060,9
64271,6,4334659,6
64274,17,1153059,2
64275,1,0,1
64277,6,237498318,26
64279,17,0,1
64294,1,65482456,5
64306,6,55460692,19
64311,6,1051970,2
64312,1,0,1
64313,17,0,1
64314,6,16071431,5
64317,1,0,1
64322,1,0,1
64329,1,0,1
64331,1,0,1
64336,6,0,1
64338,1,0,1
64348,6,0,1
64349,1,0,1
64356,6,0,1
64361,1,0,1
64362,1,167969870,2
64379,1,0,1
64380,17,0,1
64384,1,186279545,2
64385,1,0,1
64392,6,278659439,101
64400,6,0,1
64405,6,243015311,4
64407,1,0,1
64416,6,20923321,4
64417,17,0,1
64421,6,51637967,5
64445,6,0,1
64457,1,99526943,2
64458,6,15494422,5
64459,1,80916512,2
64462,1,0,1
64469,6,7655214,4
64475,6,90559075,41
64484,6,150552514,26
64485,6,75658345,7
64488,1,0,1
64491,17,0,1
64495,6,82265240,4
64506,1,201423549,4
64508,17,0,1
64509,1,0,1
64510,6,161866062,3
64523,6,0,1
64527,1,0,1
64529,6,0,1
64530,1,0,1
64536,1,0,1
64537,6,0,1
64553,6,21979049,4
64555,1,0,1
64563,1,0,1
64584,1,201124594,3
64587,1,0,1
64605,6,0,1
64611,6,287143024,115
64613,6,0,1
64614,17,0,1
64621,6,0,1
64624,6,0,1
64632,17,0,1
64634,6,20806821,5
64638,1,0,1
64642,6,190562724,2
64646,1,33956811,2
64651,6,0,1
64652,6,0,1
64654,1,0,1
64662,6,0,1
64663,6,1584045,5
64665,6,36212006,7
64666,1,0,1
64667,6,0,1
64668,1,0,1
64676,6,0,1
64677,6,101894721,2
64679,17,0,1
64684,1,0,1
64691,17,0,1
64692,1,0,1
64693,1,0,1
64700,6,1723362,5
64720,1,0,1
64722,50,201926750,11
64727,6,35054384,3
64736,6,259945790,16
64739,1,0,1
64741,1,0,1
64744,17,0,1
64752,1,0,1
64760,1,0,1
64765,6,0,1
64766,6,10622505,2
64780,1,0,1
64781,1,0,1
64786,6,16923259,2
64800,1,0,1
64801,6,34325443,2
64805,1,0,1
64811,6,193391976,2
64815,6,0,1
64816,6,36112577,5
64837,6,0,1
64847,1,0,1
64850,1,0,1
64851,1,0,1
64859,6,0,1
64861,6,32844237,2
64862,6,281692861,15
64872,6,0,1
64900,17,50944107,2
64912,6,0,1
64913,6,101518429,7
64915,1,124122696,40
64916,17,49745936,2
64918,6,45810213,2
64920,1,0,1
64927,6,0,1
64932,6,80636476,12
64935,1,0,1
64940,1,0,1
64955,6,155549234,7
64960,1,0,1
64971,6,243644100,3
64976,6,0,1
64996,1,0,1
65002,6,11713510,2
65006,6,0,1
65016,6,97978871,2
65020,1,200751993,3
65021,6,285413773,5449
65026,17,0,1
65029,6,134032099,3
65045,17,0,1
65047,1,0,1
65048,1,400658,2
65062,1,0,1
65063,1,0,1
65065,17,0,1
65068,17,0,1
65071,1,0,1
65074,1,0,1
65084,6,0,1
65091,6,0,1
65100,17,0,1
65104,6,0,1
65119,6,9176362,4
65125,1,0,1
65135,1,98213566,2
65136,17,0,1
65138,6,12716126,3
65145,17,0,1
65146,1,0,1
65160,1,0,1
65173,6,94619852,4
65189,6,157775114,5
65191,1,182874124,2
65194,1,0,1
65204,1,0,1
65215,1,0,1
65216,17,0,1
65218,17,0,1
65232,17,0,1
65236,1,80389111,2
65239,6,223453896,21
65241,6,142770390,3
65246,6,38315441,8
65247,1,0,1
65250,6,136526585,4
65252,1,0,1
65259,17,0,1
65267,6,250013948,4
65272,6,0,1
65277,1,0,1
65278,17,200070560,2
65284,6,53169319,3
65288,6,0,1
65308,1,0,1
65317,6,0,1
65325,1,0,1
65345,17,4293004,2
65348,6,0,1
65359,6,261451884,41
65364,6,0,1
65372,1,0,1
65375,17,0,1
65397,1,0,1
65403,6,0,1
65405,1,0,1
65409,1,11088,2
65411,6,0,1
65416,1,0,1
65422,6,0,1
65424,1,0,1
65449,17,230218354,23
65451,6,154860140,22
65454,1,0,1
65457,1,86946886,3
65468,1,0,1
65472,6,200115254,10
65478,17,236704,2
65483,17,0,1
65490,1,0,1
65492,17,267105825,49
65496,6,0,1
65502,1,0,1
65505,6,0,1
65512,6,0,1
65524,17,0,1
65533,1,0,1
