flow_index,protocol,duration_us
1,1,0
8,6,262340348
17,1,0
21,6,272362352
23,1,0
24,1,0
27,6,0
32,6,0
42,17,0
49,1,0
51,1,0
60,1,0
64,6,269162863
67,6,0
69,17,0
82,1,0
89,6,12372276
95,1,0
102,6,177603899
105,6,43658671
106,1,0
109,17,0
110,1,0
112,6,529137
113,1,0
114,6,72536264
126,17,0
129,6,137556342
134,17,0
135,6,37360545
144,6,3835297
152,1,195710079
153,6,197309511
158,6,46968266
162,6,13920004
169,6,12379767
171,6,3689897
174,1,216319838
175,6,24125685
181,1,0
185,6,42462625
187,6,85405351
192,1,0
193,6,0
210,1,0
212,17,0
213,1,0
214,17,0
218,6,50284395
225,6,143010717
231,6,0
234,6,1370
235,6,54355414
237,17,0
245,6,23558961
254,1,0
259,6,148574627
260,1,0
263,17,116218676
265,6,269253351
269,1,160635201
274,1,0
276,1,0
277,1,0
287,6,0
296,1,0
297,1,36565033
299,6,28572724
302,6,1556747
308,1,0
315,1,0
317,17,0
327,1,0
328,1,101761782
329,6,12310396
330,6,0
334,17,30505873
335,17,4374
337,6,205882457
341,1,0
348,1,0
358,17,0
364,1,0
366,1,0
370,6,5127068
371,6,10294327
372,1,0
373,1,204724600
383,6,0
387,1,186429394
391,6,464409
401,6,25971
405,1,0
409,6,449
413,17,0
427,6,52207501
431,1,0
449,6,11112258
458,6,127116788
459,17,0
464,1,0
472,1,0
473,17,0
474,1,24856650
486,17,0
495,1,0
505,6,91542537
506,6,51238325
511,1,0
513,6,0
528,6,3115682
530,1,0
538,6,5492939
544,6,0
545,17,0
555,6,2956480
561,17,0
562,17,0
566,6,21823755
568,6,63780291
570,6,39075443
577,6,258918562
585,6,0
589,6,0
590,6,0
603,6,0
605,17,0
619,6,0
620,6,71745624
624,1,0
629,6,21006793
633,6,12184459
635,1,0
636,6,39652119
649,6,118213616
651,6,276741640
653,1,0
655,1,0
656,6,66107844
657,17,0
664,17,0
669,6,55449855
672,6,5683693
678,1,0
681,1,0
691,1,196268698
694,6,2454989
701,6,0
709,6,276564606
713,1,0
722,6,0
725,1,0
729,17,0
733,1,0
741,6,0
745,1,0
747,1,201083651
759,6,3383161
765,1,0
773,1,0
779,17,0
785,6,0
800,6,42667011
803,6,0
806,6,39886685
807,1,0
815,1,202717857
817,1,0
823,6,44260352
825,1,0
826,1,0
829,1,0
831,17,11495824
839,6,0
840,6,22155685
849,1,203356722
864,17,0
866,17,0
867,1,0
869,1,0
873,1,0
889,17,272826953
902,1,112924978
906,1,0
908,6,0
909,17,0
921,6,12413125
922,6,21442057
926,6,0
929,6,278928666
931,6,18738723
945,1,0
961,6,203441685
976,17,0
985,17,0
988,6,31555365
993,6,0
1021,1,0
1022,6,0
1024,1,0
1028,17,0
1030,17,279736670
1031,1,0
1037,1,0
1038,1,0
1042,17,110901294
1044,17,0
1065,1,0
1067,6,3816278
1069,1,222968631
1073,17,0
1074,6,14871094
1075,17,81191365
1080,1,0
1082,6,0
1084,1,0
1087,6,21823342
1088,1,27960457
1089,6,106620139
1090,1,0
1103,6,0
1105,17,0
1110,1,0
1114,17,16643620
1120,6,3465339
1124,17,0
1127,6,228769471
1133,6,0
1135,1,0
1137,6,85013510
1138,6,5305832
1140,17,0
1148,17,0
1149,6,0
1150,1,201062564
1153,1,0
1155,17,0
1165,6,0
1169,6,0
1172,1,0
1176,6,0
1183,6,5593979
1184,6,0
1194,1,0
1199,1,0
1206,6,283972817
1217,1,0
1218,1,0
1222,1,0
1224,6,12247494
1235,6,224578597
1239,6,0
1244,1,100547654
1250,1,0
1254,1,200055838
1257,1,0
1258,6,841216
1259,1,0
1261,1,0
1262,6,0
1263,6,23173227
1274,17,66892617
1277,6,166217790
1280,17,0
1295,6,218438868
1297,17,0
1303,6,0
1308,17,0
1313,17,0
1315,6,1301
1320,1,0
1334,1,0
1342,6,41659393
1344,1,201016031
1349,1,0
1353,17,0
1356,6,17453810
1358,1,0
1367,1,0
1370,17,0
1372,6,2872199
1379,6,11051868
1387,1,0
1390,1,0
1391,17,0
1393,6,0
1394,17,0
1403,17,0
1405,6,2611643
1407,6,270803315
1417,17,0
1420,17,0
1430,17,0
1434,17,0
1437,6,0
1438,1,0
1443,6,0
1451,6,5592233
1458,17,0
1463,17,0
1466,1,141064063
1468,1,0
1473,1,0
1476,6,1093530
1480,6,0
1481,1,0
1482,1,0
1488,6,0
1490,6,133094732
1498,17,0
1502,6,20503888
1506,1,0
1522,6,30795308
1523,6,3081412
1525,6,21990553
1532,6,13538210
1541,6,7756553
1546,17,0
1547,1,222955632
1558,1,0
1572,1,0
1573,17,0
1576,1,40489941
1578,6,11666677
1582,1,0
1587,1,0
1593,6,27446271
1605,6,0
1608,6,0
1611,17,0
1614,6,11815
1616,6,3777976
1620,1,0
1621,17,0
1623,17,0
1629,17,0
1640,1,0
1644,1,0
1658,1,0
1664,1,0
1667,6,0
1681,1,200072417
1686,17,0
1689,17,129378041
1692,1,0
1695,6,34387832
1703,1,0
1709,6,0
1710,17,61831608
1712,1,0
1713,6,0
1715,1,0
1721,6,136683182
1723,6,0
1724,6,14018595
1727,1,10031852
1729,17,0
1737,6,12411138
1738,1,0
1741,6,18739866
1743,17,240398654
1745,6,38049035
1760,6,9539429
1766,1,0
1768,17,0
1780,1,0
1795,1,0
1807,1,0
1808,6,3381897
1814,1,0
1820,17,0
1833,6,76757304
1835,6,23954598
1837,6,0
1838,1,0
1839,6,23175795
1857,6,726564
1858,6,624832
1872,1,0
1873,6,0
1875,17,0
1877,1,0
1878,17,0
1881,17,0
1883,6,255794616
1898,6,96975
1904,17,0
1905,1,0
1907,6,3218777
1909,6,29701044
1914,6,0
1923,1,0
1925,1,0
1936,6,0
1937,17,0
1943,17,0
1947,6,16027482
1957,1,0
1967,1,200994285
1971,6,0
1979,6,279901848
1981,6,0
1996,6,81849139
1998,6,0
1999,17,0
2003,1,0
2009,6,12778913
2011,1,0
2017,17,0
2022,1,0
2024,6,50096294
2025,6,0
2027,6,3793664
2028,6,0
2036,6,0
2040,6,0
2041,1,0
2043,1,0
2048,1,0
2056,6,0
2058,17,0
2064,6,113171172
2066,17,0
2075,1,0
2079,6,0
2081,17,0
2088,1,0
2089,6,86213389
2091,6,3055462
2092,1,0
2097,6,0
2100,1,0
2112,17,0
2117,17,0
2118,6,0
2122,6,0
2129,6,0
2137,1,0
2149,17,0
2163,6,281870391
2170,1,43893989
2173,6,16481926
2185,1,160518789
2193,1,0
2195,1,200883415
2197,6,144478050
2199,1,0
2205,1,0
2208,6,3139615
2211,6,0
2225,6,68022206
2230,1,0
2231,6,9641513
2234,6,247473048
2242,6,0
2243,1,124476554
2250,6,17681258
2255,6,0
2263,1,0
2269,6,228719041
2271,6,178890710
2291,1,0
2300,6,8949751
2303,1,0
2320,17,0
2327,1,0
2332,1,0
2333,17,0
2337,17,155489706
2344,6,26699707
2356,6,205806305
2357,6,73254814
2363,6,0
2375,6,37766588
2379,6,25314037
2380,1,0
2398,1,0
2401,17,0
2407,1,0
2419,6,72255000
2427,6,0
2434,6,0
2435,6,29573324
2438,6,0
2444,6,0
2458,1,0
2462,1,0
2465,1,0
2471,6,282744816
2476,6,0
2478,1,0
2488,6,7324086
2492,1,200142991
2498,6,161027475
2511,1,126750178
2522,1,0
2524,1,0
2528,6,3139398
2533,1,0
2534,17,0
2536,17,0
2543,1,0
2545,6,9424181
2555,6,214651526
2562,6,211111113
2564,1,0
2575,6,25938481
2581,6,112336
2585,6,0
2588,6,0
2592,6,99235699
2599,6,50474244
2608,6,124816879
2610,17,0
2611,1,0
2614,1,0
2616,6,36849388
2625,6,155410256
2635,1,75151
2640,17,0
2641,6,19185870
2656,1,0
2670,6,24034510
2673,6,0
2684,6,10626834
2686,6,0
2689,6,0
2695,1,0
2699,6,52027182
2704,6,3732562
2714,6,5470494
2715,1,0
2729,1,29501163
2731,6,23985650
2732,6,0
2737,1,0
2754,6,0
2758,1,0
2763,6,0
2767,6,253947309
2773,1,0
2776,17,0
2777,17,0
2782,17,0
2784,17,0
2786,1,0
2788,1,0
2796,1,0
2798,6,0
2802,6,28652061
2814,17,0
2815,17,0
2816,6,152066844
2822,1,22187824
2842,6,29060928
2843,1,0
2866,1,0
2873,6,270046984
2876,6,9802399
2878,6,75502523
2881,17,0
2885,17,0
2892,17,65264990
2898,1,0
2899,6,49931751
2901,6,51162
2912,6,3052595
2915,1,0
2919,17,0
2928,17,277616365
2931,6,1193014
2934,6,16656862
2937,17,0
2950,17,0
2951,17,0
2961,6,0
2962,6,3259058
2964,6,60831104
2969,6,64980336
2972,17,0
2973,17,0
2980,1,0
2990,6,0
2992,1,0
2997,6,23638123
2999,6,0
3001,1,0
3002,1,0
3004,1,0
3005,6,76150221
3010,6,0
3011,1,0
3019,6,39396601
3020,1,0
3021,6,48387627
3025,6,247839878
3027,1,0
3028,17,0
3048,6,0
3055,6,25940330
3063,6,0
3066,6,310
3075,1,0
3087,1,0
3088,17,32581482
3099,6,4096410
3103,6,14182272
3105,1,0
3112,6,11184957
3113,6,21749640
3137,1,231825939
3138,17,0
3140,17,0
3143,6,9345110
3144,1,0
3153,1,0
3171,17,0
3174,1,0
3178,1,0
3181,1,0
3183,6,19898213
3185,17,0
3195,6,0
3198,1,0
3201,1,0
3202,6,0
3224,6,42995523
3227,1,241971854
3231,6,0
3233,1,0
3238,6,0
3241,17,0
3242,6,0
3245,1,0
3250,6,84503090
3255,17,214220347
3257,6,0
3265,6,19451066
3267,1,0
3273,17,0
3277,17,115459124
3280,6,0
3281,17,0
3284,6,20126975
3288,6,29222693
3296,6,3014770
3306,1,0
3307,6,63530652
3308,17,0
3316,1,0
3320,1,0
3321,6,0
3322,6,26572975
3328,6,0
3329,1,0
3330,1,0
3332,1,0
3341,1,0
3344,6,2919305
3360,6,0
3363,1,0
3366,6,0
3369,6,73486654
3371,6,109990481
3373,1,247528507
3374,6,0
3379,1,200978022
3380,17,0
3384,6,26660285
3395,1,0
3404,1,0
3406,17,0
3408,6,18554923
3410,1,0
3414,1,0
3415,6,9670718
3417,6,149417363
3419,6,193407672
3432,17,0
3437,17,20460938
3441,6,136203071
3445,6,139312849
3448,1,0
3449,1,0
3451,1,0
3453,1,0
3455,1,0
3471,6,18289890
3473,17,0
3475,6,37159929
3476,17,0
3482,1,0
3488,6,3089404
3495,6,9623522
3496,1,0
3500,17,317
3504,6,0
3509,1,0
3522,6,0
3523,1,0
3527,6,0
3542,17,285315259
3543,1,0
3550,1,0
3564,1,0
3570,17,226033291
3576,6,36472312
3577,6,31647011
3594,1,0
3600,1,0
3601,1,0
3606,6,203366298
3617,6,0
3621,6,275579151
3623,1,0
3627,6,2486318
3638,17,0
3641,6,42020357
3653,6,0
3661,1,0
3662,6,26003726
3663,6,18914728
3672,6,252200018
3673,6,0
3679,1,0
3680,6,3508328
3682,17,0
3684,6,64253481
3702,6,35774364
3709,6,0
3714,6,0
3717,17,0
3726,1,107185482
3729,1,0
3731,1,0
3733,6,0
3742,6,0
3752,17,0
3755,17,0
3758,6,0
3763,6,0
3765,6,20739803
3775,1,0
3783,6,24706578
3784,6,0
3788,17,0
3791,6,0
3793,6,0
3810,1,477068
3814,6,205108702
3815,6,112220924
3821,17,0
3835,6,0
3845,1,0
3846,6,204771079
3858,6,0
3859,6,48971293
3860,1,0
3862,1,0
3867,6,0
3869,6,0
3875,1,0
3876,6,83526313
3883,17,0
3898,6,0
3906,6,186927398
3907,17,0
3910,1,0
3914,6,0
3919,1,0
3925,1,201118663
3927,17,0
3930,6,27608012
3931,17,0
3933,6,0
3935,1,0
3937,1,80598773
3939,1,0
3940,1,0
3942,6,0
3946,6,87565766
3948,17,0
3961,6,39232593
3964,6,15092716
3968,1,0
3969,6,55028999
3984,6,2993737
3986,1,0
3988,6,0
4002,6,162574569
4010,1,0
4011,6,6386986
4012,1,0
4019,6,0
4021,1,0
4022,17,0
4026,6,38979749
4027,6,0
4028,17,0
4039,1,0
4052,17,0
4065,1,15240823
4077,6,0
4083,6,3202649
4084,1,0
4094,1,0
4095,17,100322966
4098,6,826045
4101,1,0
4104,6,119841569
4105,6,0
4107,6,0
4111,6,6699703
4112,17,47040176
4122,6,16366649
4124,17,0
4134,6,91612584
4140,6,0
4142,17,0
4145,6,32215814
4148,6,42710367
4158,17,0
4160,6,0
4175,6,71947979
4185,1,0
4186,17,0
4192,6,12006706
4196,6,98534045
4198,1,0
4199,6,0
4205,6,0
4207,1,147941323
4220,17,0
4226,1,1850728
4232,1,33328766
4236,1,0
4239,6,27905995
4249,1,0
4251,17,0
4253,17,0
4257,1,200788527
4263,6,230312201
4264,1,201200951
4269,6,0
4274,6,0
4276,1,200870202
4279,1,0
4284,1,80004927
4286,17,0
4290,6,0
4292,1,124241612
4293,1,0
4297,17,0
4300,17,0
4310,17,0
4331,6,0
4336,1,0
4337,1,0
4343,1,0
4344,1,0
4346,6,39949057
4347,6,40720738
4351,1,0
4352,6,0
4358,6,0
4359,6,10963099
4365,1,0
4366,1,0
4369,1,0
4374,6,0
4375,1,0
4376,6,0
4382,6,40542033
4387,1,0
4395,6,0
4403,6,270003330
4409,1,0
4417,17,0
4423,6,21222359
4424,1,0
4431,6,0
4432,1,0
4437,17,0
4442,6,200921180
4446,1,0
4449,1,0
4454,6,0
4455,17,0
4459,1,0
4467,1,0
4468,6,23359030
4477,1,0
4489,1,19038110
4495,6,0
4498,6,0
4501,6,14607675
4506,1,0
4507,6,0
4521,1,0
4523,6,3338446
4527,6,216514096
4531,1,0
4539,1,0
4540,1,0
4547,6,10773784
4550,17,278458102
4565,1,0
4566,1,0
4567,6,15510242
4573,1,0
4579,1,201022294
4580,1,0
4584,6,75397657
4587,1,0
4598,6,17360526
4599,1,0
4602,6,259709815
4603,6,0
4610,6,59771143
4616,17,0
4624,6,11212370
4630,6,72010703
4636,1,201049212
4643,6,0
4661,1,0
4666,6,22792111
4675,6,164026986
4676,6,0
4680,17,0
4683,6,0
4699,1,0
4713,6,0
4719,6,12439978
4721,1,0
4723,6,0
4728,17,0
4731,6,0
4733,1,0
4741,1,0
4743,1,0
4744,17,0
4745,17,0
4749,6,0
4751,17,0
4758,17,283664187
4759,1,0
4770,1,0
4773,6,0
4774,17,233466201
4781,1,0
4791,17,0
4797,1,200253759
4804,6,13203387
4812,6,0
4815,17,0
4816,1,0
4821,6,0
4826,1,0
4837,6,0
4843,17,0
4844,1,0
4850,1,0
4853,6,0
4860,6,147330792
4861,6,267303349
4873,17,40754555
4876,1,0
4877,1,106055163
4879,1,201100025
4884,17,0
4901,6,615211
4902,17,231042317
4905,1,0
4906,6,16391580
4907,6,4355987
4922,6,38592218
4923,6,0
4930,1,112857469
4931,17,0
4936,1,0
4937,1,0
4938,1,0
4951,1,0
4953,6,9066315
4954,1,0
4955,1,0
4956,6,313056
4959,6,115429700
4963,6,0
4967,6,22622853
4972,1,0
4974,17,0
4982,6,0
4990,6,282696131
4993,1,0
4995,17,37611
4996,1,48775487
5007,6,11234687
5015,17,0
5016,1,0
5022,1,0
5026,1,0
5039,6,88553650
5040,1,0
5048,1,9658803
5050,6,29250137
5064,1,0
5067,6,213743360
5077,1,201017539
5082,6,16454061
5090,6,0
5097,6,0
5098,6,100473551
5100,6,0
5108,1,0
5111,6,29765252
5115,1,0
5119,1,0
5126,6,189000626
5129,6,0
5135,6,19898065
5137,6,40466640
5152,6,2967387
5167,6,0
5171,1,0
5172,1,0
5174,1,0
5179,17,29699916
5181,6,0
5185,17,0
5188,1,100550122
5194,1,200978025
5206,6,261264834
5210,6,16439549
5218,6,97697426
5221,6,1277023
5222,1,0
5223,17,54586347
5224,1,0
5225,17,162157172
5227,17,0
5230,1,0
5251,17,0
5253,6,0
5259,6,10285915
5260,17,0
5266,6,0
5270,47,275914163
5278,17,0
5285,1,0
5289,17,0
5291,6,2773218
5292,1,0
5297,1,0
5298,6,69752790
5300,6,0
5305,6,0
5307,6,0
5308,6,17161418
5328,1,200406229
5344,6,32846203
5346,6,283270233
5348,1,0
5350,6,169957854
5356,1,0
5357,6,0
5380,1,0
5385,1,0
5390,6,30014029
5392,6,0
5404,1,0
5417,6,0
5432,1,201557193
5433,6,0
5438,6,29832391
5441,17,0
5450,6,17221063
5457,17,0
5481,6,0
5483,6,8901055
5496,6,0
5500,6,253555452
5510,6,0
5520,1,0
5524,6,63633725
5531,6,35211112
5533,17,0
5536,1,0
5542,17,0
5543,1,0
5544,1,0
5548,6,0
5552,17,0
5558,1,0
5559,6,10784285
5562,6,17602724
5564,1,0
5566,6,0
5572,6,100017727
5576,17,0
5580,6,0
5581,6,193883221
5583,1,0
5593,17,279609365
5597,6,24289
5607,1,201254880
5609,1,0
5610,6,0
5612,17,0
5615,6,19897966
5623,6,27509020
5627,1,0
5630,1,0
5637,6,0
5646,1,0
5648,6,0
5654,6,210461601
5659,1,0
5662,17,0
5665,17,0
5666,6,0
5670,6,11019901
5675,6,2689050
5679,6,72293343
5691,1,0
5697,17,0
5706,1,0
5707,6,0
5708,1,0
5714,17,0
5722,1,0
5742,1,0
5748,1,0
5752,1,0
5754,6,16165367
5764,6,22218450
5770,1,0
5788,6,0
5789,6,0
5800,6,524
5801,6,88981037
5803,6,8911508
5807,1,0
5824,6,27192008
5827,1,0
5830,1,0
5831,1,0
5832,1,0
5846,6,34009735
5851,17,0
5852,1,0
5854,6,0
5865,6,0
5868,1,0
5876,6,0
5881,1,0
5894,6,101232571
5896,1,0
5910,1,201098743
5916,6,0
5918,1,0
5923,6,280928441
5927,6,20753201
5933,6,132460363
5944,6,0
5953,6,116681239
5954,1,0
5956,17,0
5967,17,0
5973,1,0
5976,6,256282659
5980,1,0
5985,1,0
5986,6,0
5994,1,98421553
5998,1,0
6012,6,0
6018,6,19583511
6022,6,28090244
6023,17,0
6024,17,0
6025,1,14636262
6028,1,0
6033,17,0
6034,17,0
6042,6,16304454
6043,17,0
6049,17,0
6053,1,0
6057,6,268288634
6059,6,17769728
6060,1,0
6065,6,15703642
6070,17,15645
6074,17,107285419
6082,6,0
6084,6,1102786
6089,1,0
6093,17,178729123
6103,6,0
6111,6,22303801
6112,6,8568338
6124,1,100473856
6129,1,0
6147,17,0
6149,1,0
6153,17,0
6166,1,0
6171,1,0
6176,6,29015904
6182,17,81058745
6194,6,0
6199,17,0
6200,6,0
6202,1,0
6216,1,0
6217,6,6624526
6219,17,0
6223,6,240463134
6228,1,0
6234,1,0
6235,17,0
6238,17,0
6240,1,0
6243,17,0
6244,6,2005283
6246,6,0
6252,1,0
6258,1,0
6263,6,166958471
6264,6,11740
6265,6,12414970
6266,6,0
6267,6,0
6275,6,0
6277,17,0
6278,6,0
6285,1,1478569
6293,1,100675518
6296,6,0
6298,17,0
6311,17,0
6312,17,0
6317,6,76378829
6318,6,190971358
6321,6,0
6325,1,10381675
6326,17,0
6328,17,0
6329,6,0
6330,17,0
6332,6,97026790
6337,17,0
6338,6,0
6344,6,0
6347,6,0
6364,1,0
6380,1,0
6393,6,111405077
6396,17,0
6400,17,178445192
6402,17,207234417
6410,1,0
6411,1,0
6415,17,0
6418,17,0
6433,6,22954664
6443,6,118258520
6444,6,0
6448,6,62005917
6450,1,0
6456,6,155008499
6466,1,0
6471,1,214620591
6481,6,0
6489,17,0
6490,1,0
6494,6,0
6498,1,0
6505,1,0
6506,17,0
6514,6,0
6517,6,204415391
6522,1,0
6524,1,0
6534,6,0
6538,1,0
6541,1,0
6549,1,0
6554,1,0
6561,1,0
6566,1,0
6572,1,199889246
6584,1,0
6589,6,0
6595,6,61027802
6597,6,0
6600,1,0
6604,6,54834799
6615,6,255398196
6618,6,0
6620,6,32183384
6629,1,0
6639,6,0
6657,1,0
6663,1,0
6676,1,0
6678,17,0
6684,6,88630789
6689,6,0
6698,17,0
6700,6,0
6702,17,0
6704,1,0
6708,6,0
6713,6,92677042
6718,6,0
6728,6,258081798
6734,6,31203786
6740,1,0
6748,1,51507154
6752,6,264588054
6757,6,0
6762,1,0
6763,6,90358620
6768,1,0
6774,17,0
6777,6,0
6787,1,0
6788,6,0
6791,6,280516498
6792,17,172365324
6793,1,0
6806,6,297
6807,1,0
6808,1,0
6819,6,42493034
6820,1,0
6821,17,0
6824,6,34201645
6837,6,838706
6840,17,0
6841,17,286379782
6847,1,0
6849,6,204176271
6851,17,0
6859,6,156571067
6874,6,0
6876,6,28882968
6877,6,251287294
6879,1,126728281
6886,1,0
6902,17,0
6906,6,0
6907,6,0
6909,1,0
6914,6,0
6920,17,0
6924,1,0
6925,6,135399156
6929,1,0
6934,1,0
6943,6,0
6949,6,0
6952,1,0
6968,1,0
6972,6,0
6974,1,201074601
6976,1,0
6979,6,21208637
6999,6,12704544
7005,1,0
7007,1,180869044
7008,6,11115457
7009,1,0
7017,17,139256396
7023,6,0
7025,6,0
7030,17,0
7033,6,0
7049,1,0
7051,6,59942567
7058,1,0
7059,6,0
7067,1,201013852
7070,6,0
7073,6,0
7082,1,197682385
7083,6,2942688
7105,6,0
7106,17,213213265
7115,6,122470020
7116,6,0
7127,1,0
7131,17,226223385
7134,1,0
7138,1,153089770
7140,1,0
7141,1,180444276
7148,6,0
7150,1,0
7156,1,0
7157,6,86795
7162,1,0
7163,1,178909891
7166,6,12518
7169,6,0
7176,1,0
7177,6,5196497
7179,6,200594798
7187,1,0
7189,6,1632303
7191,1,0
7193,1,0
7199,17,113341
7211,6,2820318
7222,1,0
7226,6,0
7229,6,5880786
7233,1,0
7244,6,216934945
7249,6,31316584
7251,1,0
7254,1,200926466
7259,1,0
7264,6,0
7266,17,0
7270,6,121038263
7291,1,0
7296,1,0
7300,17,91100983
7310,1,0
7315,6,30063479
7319,1,0
7335,6,197321104
7337,6,0
7347,1,0
7354,6,23834618
7371,6,77246879
7373,6,1030188
7377,1,0
7380,6,0
7384,1,100486308
7385,17,178001450
7389,17,0
7390,6,0
7396,17,0
7405,1,120503191
7407,17,0
7408,1,0
7416,1,0
7417,6,4206620
7423,6,0
7442,1,0
7444,6,0
7447,6,155768975
7450,6,0
7452,1,0
7454,6,0
7456,6,0
7464,1,0
7467,17,0
7481,1,0
7484,17,0
7497,6,165668015
7502,6,0
7508,6,0
7509,6,1653925
7513,6,217544286
7514,6,72357114
7515,6,236471685
7520,1,200979686
7525,1,0
7526,1,10047219
7536,1,0
7547,1,31962856
7552,17,0
7567,6,0
7573,1,201011834
7574,1,0
7577,1,0
7585,17,0
7594,6,0
7599,17,0
7603,6,148937369
7613,1,2525935
7616,17,0
7617,17,0
7632,6,0
7635,6,36253306
7639,17,0
7649,6,0
7652,6,187433657
7657,6,4788886
7658,6,40754611
7664,1,0
7669,6,118473235
7671,6,271815094
7672,1,303
7684,1,0
7692,1,0
7693,1,78327542
7696,6,0
7699,6,24156253
7711,6,0
7713,6,0
7718,1,0
7732,1,0
7743,1,0
7750,17,0
7755,6,9422748
7756,6,0
7759,6,0
7763,1,0
7768,1,0
7780,6,0
7791,1,0
7801,6,0
7805,6,242032537
7816,6,11424
7817,1,0
7821,17,0
7826,17,0
7847,17,0
7851,6,2873016
7852,17,267724112
7861,1,0
7873,1,0
7875,1,0
7887,1,0
7889,6,31606115
7890,6,7961693
7894,6,0
7897,1,0
7909,1,0
7910,17,0
7917,1,0
7930,6,9192445
7935,17,0
7939,6,22303212
7950,1,201915531
7951,1,23382653
7952,17,0
7962,6,12904704
7965,6,26963921
7981,6,0
7983,50,201990029
7985,6,0
7998,1,0
8002,1,0
8003,17,0
8013,6,201386189
8032,6,4871569
8050,1,151175429
8055,17,32564571
8060,6,20268105
8070,6,14805
8084,1,254049022
8096,1,0
8108,1,207110141
8113,6,0
8115,1,271388876
8116,6,247643409
8121,1,0
8124,1,0
8130,6,114195138
8143,6,274028304
8148,17,0
8151,1,0
8155,6,0
8159,1,0
8172,6,0
8176,6,0
8178,6,26081620
8179,6,0
8185,1,0
8186,6,0
8187,6,0
8191,6,60976080
8198,6,281213798
8202,17,0
8213,1,0
8219,1,201098021
8240,6,0
8244,6,19394957
8245,1,0
8251,6,16455073
8252,17,0
8257,1,0
8263,6,165226722
8268,1,0
8285,6,206
8286,6,71481810
8290,17,0
8298,6,893330
8307,6,0
8312,6,164532121
8314,1,200874286
8322,6,0
8323,17,0
8334,1,0
8336,1,0
8338,1,0
8340,1,0
8345,1,0
8355,6,65798125
8365,1,0
8367,1,0
8383,6,0
8386,6,26279792
8394,1,100115830
8395,1,0
8404,6,40381638
8420,17,1342315
8430,6,35445849
8436,6,102648388
8444,1,0
8462,17,0
8467,6,52809205
8470,1,0
8471,1,0
8472,1,0
8474,17,32441516
8476,17,0
8478,6,0
8480,17,0
8491,6,16951629
8493,1,0
8500,1,0
8503,1,0
8504,6,0
8514,6,27524325
8517,6,114683213
8523,1,0
8526,6,253894444
8535,17,0
8539,1,0
8540,6,0
8553,1,0
8564,6,0
8566,1,0
8570,6,10093064
8571,1,0
8584,1,0
8586,6,30701916
8598,6,198124329
8610,1,0
8613,17,0
8626,1,0
8643,6,33588248
8657,6,191051097
8659,6,255460776
8662,17,123388404
8664,6,0
8679,6,0
8684,17,11477679
8689,17,74292398
8692,1,0
8693,6,19584870
8702,1,0
8703,6,201011
8704,1,0
8707,17,0
8709,1,0
8710,6,1128184
8713,17,283696857
8722,6,0
8727,1,27057880
8729,1,201093365
8731,6,16260041
8743,6,0
8746,17,0
8747,1,0
8762,1,0
8770,17,0
8771,6,43875411
8778,6,13660366
8786,6,2079978
8793,1,0
8796,17,0
8797,6,0
8805,6,0
8811,17,19360402
8816,1,0
8819,17,0
8824,6,222660575
8826,1,4439049
8827,6,26284341
8830,6,39622382
8841,6,0
8845,1,0
8853,1,0
8854,17,0
8857,1,0
8869,1,199795336
8870,17,0
8873,17,0
8885,6,0
8887,1,0
8890,6,47020302
8891,6,0
8892,6,14826447
8893,17,0
8898,6,281817154
8904,1,199714509
8912,6,283813351
8913,1,0
8915,1,201893519
8921,17,0
8928,6,0
8941,1,0
8948,17,0
8951,6,25811
8952,1,0
8954,6,0
8956,17,0
8962,6,0
8964,17,0
8967,17,0
8969,1,0
8979,1,0
8982,17,0
8986,6,0
8989,17,0
8994,6,265521366
9000,1,0
9003,17,0
9009,1,0
9020,6,22294905
9027,1,0
9031,6,145008029
9032,1,29414218
9040,6,125885528
9047,6,0
9048,1,36563202
9059,1,0
9066,6,265303320
9071,1,0
9086,1,0
9089,17,0
9110,17,209284698
9113,6,0
9115,1,0
9123,1,100581064
9128,6,0
9138,6,0
9140,17,0
9152,1,0
9167,6,189725176
9172,6,0
9173,1,0
9176,17,0
9183,6,0
9189,1,0
9199,1,225809146
9205,6,28110137
9207,1,0
9208,1,0
9210,17,0
9211,1,61142750
9214,6,0
9219,6,0
9221,6,276526968
9223,6,0
9226,1,0
9227,6,133798551
9236,1,0
9240,1,0
9249,1,0
9250,17,0
9254,1,0
9258,17,174126862
9267,6,1204543
9289,17,93042486
9291,6,32388210
9295,17,0
9309,1,0
9315,6,0
9319,1,0
9320,17,0
9329,6,0
9332,1,0
9336,17,206045388
9343,1,0
9345,6,0
9351,6,136486295
9354,6,0
9360,17,0
9365,1,0
9379,1,0
9383,6,0
9384,6,0
9386,1,0
9387,1,200620849
9398,6,21773958
9401,17,0
9402,6,0
9403,17,0
9406,1,0
9409,6,19449347
9418,17,0
9433,1,0
9441,6,0
9452,17,0
9454,1,0
9457,1,0
9458,6,14960204
9460,17,109349771
9463,6,231037336
9469,17,0
9473,1,0
9476,6,76051292
9477,6,72575679
9480,6,0
9481,6,67948734
9482,6,105378131
9489,6,58756420
9490,1,0
9493,1,0
9504,1,0
9505,1,0
9507,17,0
9508,1,0
9509,17,0
9519,1,0
9520,6,0
9526,6,281502752
9536,1,0
9537,6,0
9543,17,0
9551,1,0
9556,6,48557340
9575,17,0
9584,6,0
9589,1,0
9595,17,0
9600,6,49615
9604,6,0
9609,6,48686003
9624,6,308
9625,17,0
9629,17,0
9638,1,0
9658,1,0
9659,6,0
9660,1,0
9665,1,0
9670,1,0
9681,17,0
9691,1,0
9696,6,282157062
9701,17,0
9707,1,0
9711,1,0
9712,1,0
9718,6,23495030
9721,1,0
9722,6,164867365
9727,1,0
9728,6,0
9740,1,0
9743,6,253277219
9757,6,256115818
9762,6,15054684
9767,6,0
9771,1,0
9772,17,0
9782,6,45278633
9795,17,0
9800,17,0
9809,1,98169926
9821,1,0
9825,17,0
9840,6,267026476
9848,1,0
9853,1,226363408
9854,1,240173760
9865,17,0
9890,6,0
9898,17,0
9899,6,15482402
9900,1,0
9901,1,0
9904,17,0
9909,1,0
9926,17,0
9938,6,14992374
9940,6,0
9942,1,0
9959,1,0
9960,6,25858247
9965,1,0
9969,1,0
9970,17,0
9975,6,37162296
9979,1,135980965
9985,1,0
9987,17,0
9989,17,0
9991,17,0
9992,1,0
9993,6,95192361
9997,1,0
10001,1,0
10008,17,0
10010,1,0
10013,17,0
10026,1,0
10029,1,0
10032,6,518
10049,1,43476943
10053,17,0
10058,1,0
10068,6,181808585
10070,1,0
10075,17,0
10077,1,0
10080,1,0
10089,1,0
10090,1,0
10115,6,28296042
10116,17,0
10121,6,37376592
10122,17,0
10126,1,0
10133,17,0
10136,1,0
10137,17,0
10142,6,23990743
10148,1,0
10155,6,0
10156,6,10584681
10159,17,0
10161,6,141757009
10167,17,0
10171,17,66061866
10185,6,17545128
10189,17,111602340
10191,6,157112173
10198,1,0
10200,6,0
10206,1,0
10210,6,0
10211,17,0
10212,1,0
10235,6,1231948
10237,1,0
10241,6,0
10242,1,80992960
10244,6,678833
10247,6,0
10252,1,0
10262,6,144011710
10265,17,0
10266,1,0
10273,6,9450709
10282,6,0
10283,6,74722
10285,17,0
10286,6,195260498
10291,17,0
10301,6,35939063
10303,6,262981350
10325,1,207837182
10326,6,0
10328,1,0
10332,1,0
10336,1,94938977
10339,1,0
10347,17,0
10351,6,200985648
10370,6,44264789
10371,6,0
10372,6,0
10374,6,259361815
10379,17,200994266
10385,1,0
10389,1,0
10396,17,0
10397,1,0
10398,6,0
10402,6,82574298
10403,1,0
10406,17,273842501
10408,1,0
10409,6,111847997
10416,6,9449275
10420,6,0
10424,6,28943698
10425,6,0
10432,6,0
10435,17,0
10447,1,0
10450,1,376
10456,6,271890032
10459,17,0
10473,6,13305014
10481,1,0
10486,6,144459991
10491,1,0
10493,17,0
10494,17,233695238
10498,6,0
10509,17,0
10518,6,262197126
10520,1,192492839
10527,1,0
10530,6,14995036
10542,6,64774387
10543,6,0
10553,1,219331709
10566,1,0
10571,1,24979056
10577,6,101254361
10590,6,0
10592,6,5368407
10593,1,0
10598,1,0
10605,6,0
10624,6,156165387
10625,6,0
10633,1,0
10637,1,0
10638,6,71054
10645,6,0
10646,6,0
10648,1,0
10649,17,0
10651,6,0
10652,17,0
10666,17,0
10679,17,0
10681,6,0
10683,6,26938264
10692,6,121417039
10694,6,245953723
10700,6,57958002
10706,6,15020778
10711,1,0
10720,17,0
10721,6,54943142
10722,1,95016630
10725,6,0
10732,6,215097227
10736,6,9444891
10743,6,190224034
10748,1,195482041
10749,6,244528656
10752,1,0
10758,6,284862430
10764,17,0
10765,6,0
10766,1,0
10771,17,0
10774,1,0
10777,6,0
10784,6,85741874
10786,6,0
10788,1,105503238
10795,17,0
10817,6,0
10820,1,0
10821,1,0
10830,17,0
10834,6,0
10846,6,74923209
10854,1,0
10857,17,0
10859,6,126226
10860,6,0
10868,6,73853354
10880,6,0
10886,1,40599424
10897,1,0
10901,6,67412188
10925,6,0
10937,6,12787016
10947,6,65514568
10953,6,10784530
10954,6,135169928
10957,1,0
10965,1,0
10967,1,0
10972,17,0
10977,1,0
10993,6,9264737
10996,17,0
11003,17,0
11004,1,0
11006,6,31567380
11011,6,260648316
11014,6,30655116
11018,1,0
11021,6,0
11024,1,201578110
11025,17,0
11037,6,0
11049,6,72000062
11052,6,53839889
11057,1,0
11062,17,0
11072,6,0
11077,17,0
11085,1,198629111
11091,1,0
11092,6,0
11100,6,0
11110,1,0
11111,1,0
11115,17,0
11116,6,0
11125,17,0
11127,6,12308230
11129,6,61619652
11138,6,0
11145,1,0
11146,6,173182885
11149,6,189138150
11152,6,0
11155,6,50757492
11162,1,102427846
11163,17,237718744
11167,6,18564188
11177,6,12765501
11179,17,0
11182,1,0
11183,17,0
11187,1,0
11189,17,0
11190,17,0
11198,1,0
11200,6,0
11205,6,104426700
11206,6,10647423
11213,1,201160338
11218,6,0
11221,6,0
11225,6,261591839
11233,1,0
11241,17,17779792
11251,6,87499158
11264,1,0
11266,6,27196217
11292,6,0
11299,1,0
11304,1,0
11313,17,0
11315,6,0
11316,17,0
11321,1,0
11334,1,101224215
11343,6,132592021
11349,1,0
11360,1,0
11363,1,0
11364,6,0
11369,6,0
11371,1,201904480
11376,6,0
11379,6,45778830
11385,6,14175580
11387,6,45729373
11391,1,140677584
11392,6,0
11395,6,13613176
11398,6,0
11402,6,0
11408,1,0
11410,17,195171679
11412,6,0
11413,1,21796214
11428,6,0
11435,17,0
11437,1,0
11438,17,197010225
11451,17,0
11453,1,0
11454,17,0
11461,1,222948508
11466,17,0
11469,6,100403658
11474,17,9907
11477,1,0
11481,6,0
11483,6,13111422
11487,17,0
11503,6,0
11508,17,0
11515,6,279840758
11521,6,1347018
11546,1,0
11561,6,41075196
11562,1,0
11573,1,0
11577,6,274973324
11586,6,0
11588,1,0
11590,17,0
11595,1,201170723
11617,17,0
11622,1,0
11633,6,0
11640,6,187525003
11645,6,0
11649,6,0
11652,6,78147428
11660,6,0
11667,6,56512139
11675,6,29849840
11679,1,0
11684,1,0
11691,1,0
11692,1,0
11699,6,0
11700,1,0
11719,17,40544946
11722,6,0
11744,1,0
11749,6,164217165
11751,1,0
11752,1,0
11753,1,0
11757,6,27760086
11765,6,203689775
11766,6,0
11771,6,26485293
11785,17,0
11787,1,0
11793,17,0
11803,1,0
11805,1,0
11807,6,0
11809,6,200593772
11825,6,0
11829,6,202298929
11847,6,32038624
11852,1,0
11865,6,0
11872,1,0
11881,17,0
11883,1,0
11893,6,0
11894,17,47863514
11898,17,0
11901,17,0
11909,6,50869452
11931,6,0
11937,1,0
11939,6,226112240
11946,1,0
11954,6,40474595
11962,6,0
11964,6,0
11972,6,24058663
11977,6,26586593
11980,1,0
11983,6,16830735
11992,6,234616585
11998,6,10816642
12001,6,0
12004,6,179301734
12005,1,0
12008,17,0
12009,17,5771187
12014,6,0
12017,1,0
12030,6,14181230
12050,1,0
12056,6,0
12059,6,0
12065,6,0
12073,6,0
12080,6,267204348
12083,17,0
12085,1,0
12088,6,0
12093,1,0
12095,6,8449348
12101,1,39272583
12103,6,0
12111,1,0
12114,17,0
12116,6,0
12117,17,0
12126,6,34330209
12130,6,0
12136,1,198267362
12139,6,0
12140,1,0
12149,6,257083461
12152,1,0
12169,6,36513452
12173,6,220744425
12175,1,0
12181,1,129803129
12183,17,0
12190,1,0
12194,1,0
12196,6,282430072
12199,1,0
12204,17,0
12212,17,0
12217,6,257368467
12224,6,11946736
12227,1,201213788
12228,6,40522739
12232,6,0
12244,6,2204281
12246,1,0
12255,17,0
12258,6,269292819
12260,6,113025931
12261,17,0
12263,1,0
12270,6,95365
12271,1,0
12276,1,0
12280,1,0
12286,17,201239107
12289,6,0
12294,6,0
12296,1,0
12305,6,0
12310,6,0
12314,6,0
12316,1,0
12321,6,0
12328,1,0
12333,1,0
12343,1,0
12347,17,0
12350,17,135683540
12352,6,0
12356,6,144694501
12358,6,64353781
12362,6,93255771
12366,17,76152127
12367,1,51388569
12373,6,0
12376,6,138807702
12405,1,0
12415,1,0
12418,1,0
12419,6,34254154
12420,6,2565473
12433,6,0
12437,6,0
12452,6,123063963
12470,6,13172162
12474,1,0
12475,1,0
12481,17,68727170
12490,6,278
12492,1,0
12497,1,201864690
12499,6,0
12500,6,7238096
12504,17,0
12505,1,0
12512,6,3441982
12518,6,270585363
12523,6,29113132
12525,6,139248460
12531,1,242610001
12532,6,239282961
12538,1,0
12541,6,0
12544,6,0
12551,6,0
12559,6,172950
12563,1,0
12565,1,0
12566,6,0
12570,17,84548605
12574,17,0
12587,6,3062815
12597,1,64766956
12599,6,1065605
12601,17,0
12603,17,0
12605,1,0
12608,6,212346229
12616,6,167664618
12624,17,0
12630,6,37862531
12632,17,83275558
12634,1,0
12658,6,19339294
12662,6,0
12680,6,0
12693,6,92671768
12706,17,0
12708,6,130228524
12710,6,40432728
12713,1,0
12714,1,0
12715,1,0
12717,17,0
12718,1,0
12723,6,15328002
12725,17,0
12727,1,0
12728,17,204
12731,6,0
12732,1,0
12742,6,26634621
12753,1,0
12754,6,38419157
12769,17,0
12774,6,0
12790,1,0
12791,6,0
12800,6,0
12803,6,17073229
12806,1,0
12810,6,146058203
12822,1,0
12823,1,201068971
12825,1,0
12827,1,0
12851,1,200876718
12854,6,280591810
12865,6,0
12878,6,4883234
12885,6,30789614
12886,6,0
12892,6,0
12893,6,62854552
12898,1,0
12915,6,12320131
12924,17,0
12930,6,269049637
12935,1,0
12948,6,204637119
12961,1,0
12972,17,0
12977,1,0
12980,1,0
12981,6,0
12986,1,0
12991,17,0
12995,6,0
12999,1,0
13004,6,0
13007,1,1002969
13016,1,0
13017,1,0
13019,6,25060258
13020,17,48058715
13022,1,0
13023,1,0
13027,6,10473984
13028,6,32718619
13036,6,273789989
13050,6,18013541
13051,6,0
13052,1,0
13054,1,0
13068,6,0
13071,1,42949454
13074,17,9040648
13077,6,29774258
13093,6,0
13099,6,25634274
13106,17,0
13107,6,13815358
13111,1,201077289
13112,1,0
13122,6,0
13123,6,268417710
13125,1,0
13130,6,0
13133,6,0
13137,1,0
13141,1,0
13148,1,29080074
13158,6,1884737
13165,6,9290294
13168,1,200175914
13175,1,0
13176,17,0
13180,1,0
13181,6,229220757
13185,6,0
13186,6,0
13187,17,0
13201,1,289947
13204,6,9997803
13205,6,107717811
13206,6,29641215
13214,17,0
13215,1,0
13220,6,30698254
13227,1,162895388
13229,1,0
13242,17,0
13251,17,0
13263,1,0
13275,17,0
13301,6,74161
13302,1,0
13309,1,0
13315,6,54893415
13318,1,0
13321,6,237704
13326,6,0
13329,1,62318179
13342,6,0
13353,6,0
13356,6,0
13364,1,0
13367,6,180168551
13369,6,35843
13373,6,0
13375,17,200805888
13383,6,0
13385,6,162567424
13394,17,0
13395,17,0
13401,1,0
13403,6,50598
13406,6,253164253
13409,6,19210545
13412,17,73732635
13419,1,0
13420,6,25123
13431,1,0
13434,6,69315881
13436,17,0
13444,6,12270792
13450,1,0
13454,6,157476673
13457,6,9199572
13461,17,0
13466,17,0
13468,1,201089672
13470,6,73641481
13478,6,825
13480,1,0
13481,6,81993595
13486,6,194257777
13496,17,0
13504,6,50863499
13517,6,0
13518,6,109720681
13528,6,0
13537,1,84692849
13539,6,153258890
13545,1,201488699
13550,6,0
13558,1,0
13559,17,0
13562,17,145374338
13572,6,261643344
13575,6,0
13577,1,19015689
13584,17,0
13586,6,0
13591,17,0
13596,1,114401440
13621,1,0
13626,1,0
13635,1,0
13639,6,95702907
13643,6,0
13648,1,0
13652,6,274395748
13660,1,200907471
13663,6,0
13665,1,0
13672,6,0
13675,1,0
13681,17,0
13691,17,135815447
13697,6,30103029
13709,1,0
13721,1,0
13723,17,0
13727,1,0
13728,6,0
13730,6,355
13732,6,0
13734,1,0
13738,6,12265579
13742,6,109451364
13743,1,0
13749,1,0
13751,6,116657831
13752,6,114414396
13754,1,0
13757,1,0
13758,17,0
13771,1,0
13778,17,0
13780,1,0
13781,6,0
13783,6,142163344
13785,1,0
13794,17,0
13795,1,201041931
13803,6,156810560
13810,6,17265208
13817,6,33013635
13820,6,0
13821,1,0
13823,17,0
13836,6,194783005
13838,1,0
13839,6,0
13842,6,0
13849,1,99017997
13862,6,0
13864,1,201109653
13867,1,0
13871,6,54699382
13879,1,0
13880,6,86944
13890,6,0
13892,1,0
13895,17,0
13897,17,0
13902,6,26622410
13903,1,0
13904,6,217826091
13907,1,0
13928,1,0
13938,1,0
13939,1,0
13942,6,0
13952,6,9616640
13956,1,0
13961,1,0
13977,1,0
13981,6,0
13986,17,0
13988,6,13652874
13992,1,0
13994,1,0
13996,17,0
14000,6,0
14004,1,0
14007,17,0
14014,1,0
14020,6,160014438
14029,6,0
14031,6,28796834
14032,17,0
14034,6,52633
14040,6,0
14041,6,279147317
14049,6,0
14050,1,0
14055,1,0
14057,1,0
14060,6,0
14068,6,181622998
14080,6,0
14082,6,68724962
14086,17,0
14087,6,0
14089,6,603023
14099,6,0
14104,6,0
14116,1,0
14118,1,201278762
14124,1,0
14127,1,0
14142,6,0
14144,6,279009848
14157,1,0
14160,1,0
14166,17,0
14171,17,0
14178,17,0
14179,1,0
14186,1,0
14195,17,0
14202,17,248018
14205,6,0
14206,17,251233725
14207,17,0
14219,1,0
14223,6,0
14225,6,0
14242,17,0
14246,1,0
14248,1,0
14250,1,0
14257,6,0
14260,1,0
14264,1,0
14266,1,110448508
14272,6,21581049
14274,6,63636033
14280,1,0
14284,6,0
14286,1,0
14294,1,0
14296,6,41749258
14304,17,282193159
14308,6,68987245
14309,1,0
14326,6,284311813
14331,6,0
14334,1,0
14339,6,109980321
14346,6,0
14348,17,0
14357,6,0
14359,6,66752856
14375,6,0
14376,1,0
14377,6,83817168
14393,1,0
14395,17,0
14403,1,94437144
14407,1,0
14415,6,192129372
14417,6,0
14419,6,138631004
14420,1,0
14423,6,0
14425,17,255474600
14433,6,0
14438,6,283946733
14445,1,201126356
14447,17,0
14448,1,0
14451,1,0
14456,1,50636904
14462,1,0
14472,1,0
14474,1,0
14493,6,0
14497,17,0
14512,6,264043144
14516,6,12053513
14523,6,27216986
14536,6,0
14546,1,0
14547,17,0
14552,1,0
14556,17,0
14562,1,0
14573,1,0
14594,1,101122209
14607,6,253137713
14631,1,0
14636,17,0
14639,6,0
14642,1,0
14645,6,0
14658,6,174922933
14663,1,0
14666,6,11896974
14667,17,87932539
14668,6,0
14670,6,273
14680,1,201064034
14705,6,0
14709,17,0
14710,6,282922021
14711,1,0
14714,17,0
14717,1,0
14721,6,0
14733,1,0
14736,17,143000616
14746,1,0
14754,17,247407549
14768,6,9438644
14776,6,13608
14778,6,39543252
14779,6,0
14782,1,0
14785,1,0
14786,17,0
14794,1,0
14797,1,0
14799,1,0
14805,1,0
14808,6,0
14810,1,0
14811,17,0
14816,6,1206037
14821,17,0
14825,6,0
14829,17,270946340
14834,1,0
14835,1,216699573
14837,1,0
14847,1,0
14849,6,0
14854,1,200824325
14864,6,300609
14866,6,0
14868,6,0
14870,6,191284859
14890,17,0
14897,6,0
14898,1,201056672
14900,1,0
14902,6,21135365
14905,6,0
14912,17,0
14913,6,0
14914,6,128354673
14915,6,138804139
14922,6,11536308
14924,17,0
14926,6,0
14932,6,52318849
14937,17,0
14944,1,0
14947,6,767257
14948,17,0
14952,1,0
14957,1,245219378
14960,6,5644820
14974,1,0
14978,6,67681253
14991,1,0
14997,17,0
15002,1,0
15012,6,52281063
15022,1,0
15025,1,0
15030,1,0
15033,1,0
15034,6,603018
15039,17,0
15040,1,0
15051,6,625
15052,17,0
15074,1,0
15081,17,0
15085,17,17888591
15103,1,0
15110,1,0
15124,17,0
15126,1,0
15130,6,90644322
15132,1,0
15137,6,174524757
15140,1,0
15141,1,0
15147,1,0
15153,17,0
15157,1,0
15163,6,0
15168,17,0
15172,6,223947835
15173,6,227138623
15189,6,18550447
15195,1,233926261
15198,6,18773159
15199,6,0
15200,6,0
15210,6,23446048
15211,6,15739536
15230,6,0
15232,6,250409786
15238,6,23951901
15241,1,0
15243,6,154929712
15245,1,0
15247,1,0
15252,17,0
15261,6,59085631
15270,6,0
15274,1,0
15284,6,75760679
15293,1,0
15296,1,0
15298,6,0
15315,17,0
15316,1,0
15317,1,0
15323,17,979029
15324,1,0
15325,17,0
15338,6,0
15346,1,0
15348,1,0
15349,6,0
15355,6,0
15356,6,0
15357,1,0
15360,6,0
15370,1,0
15374,1,0
15384,6,0
15385,17,0
15413,6,6584052
15417,1,0
15424,1,0
15425,6,75135175
15427,6,0
15428,1,0
15431,6,0
15455,6,0
15458,1,0
15459,6,271311194
15463,6,0
15473,17,0
15484,6,0
15485,6,0
15489,1,0
15495,1,0
15504,6,93920297
15517,1,0
15524,17,0
15535,1,0
15543,1,0
15546,6,3588292
15549,6,0
15550,1,108000317
15552,17,0
15555,1,0
15560,6,35683824
15576,1,0
15580,1,0
15584,6,254938213
15585,6,0
15588,1,0
15595,6,32496413
15601,17,0
15613,17,0
15631,1,0
15637,17,0
15640,1,0
15647,1,0
15650,6,280451543
15653,1,0
15654,1,0
15657,6,199612732
15662,1,0
15665,6,0
15667,6,24802884
15671,17,0
15678,6,95438982
15694,17,0
15695,6,0
15697,6,194321871
15705,6,60705923
15706,6,38921930
15716,1,0
15730,1,0
15737,6,40795805
15742,1,0
15746,6,0
15759,6,74148432
15767,17,0
15772,1,0
15779,1,201120791
15789,1,0
15791,17,0
15796,6,18366010
15809,6,0
15811,1,0
15813,1,0
15821,1,0
15822,1,0
15824,6,263058445
15829,6,0
15835,1,0
15839,17,149859153
15853,1,125190917
15856,6,2417567
15860,6,0
15867,6,0
15884,1,0
15886,6,10922205
15892,6,235355115
15907,6,2689734
15917,1,0
15930,1,0
15931,1,203617752
15933,17,33156912
15937,6,0
15944,6,31941215
15950,6,0
15951,17,0
15952,1,0
15957,6,50317762
15964,17,0
15966,1,0
15968,1,40867536
15971,1,0
15973,1,0
15977,6,0
15978,1,0
15982,1,0
15986,6,0
15987,6,427
15989,1,0
16015,1,0
16018,17,0
16028,6,0
16029,6,44858391
16031,1,0
16036,6,11810
16039,1,0
16053,17,0
16056,17,0
16057,6,171588374
16066,17,0
16068,6,128174424
16070,1,0
16072,6,0
16073,6,0
16079,1,0
16094,6,0
16100,6,215776001
16113,6,0
16127,6,0
16128,1,201022672
16132,1,0
16141,1,0
16144,17,165308704
16145,6,0
16149,6,168722319
16164,1,0
16168,1,0
16172,6,0
16173,17,0
16175,6,0
16177,1,0
16194,6,56198959
16195,6,0
16203,6,344
16211,6,0
16216,1,0
16230,17,0
16243,6,110827110
16251,6,0
16255,17,0
16258,6,0
16266,6,16797814
16269,1,0
16273,17,0
16281,6,27681971
16291,1,0
16312,1,0
16319,17,0
16332,1,0
16334,6,168957025
16351,1,0
16365,1,0
16371,1,0
16387,6,0
16389,1,103410571
16390,1,0
16396,1,0
16398,6,0
16416,1,0
16419,17,0
16422,6,55149846
16430,17,0
16432,6,0
16433,6,10620167
16437,6,12618
16439,1,0
16443,6,0
16445,1,0
16462,6,25095169
16473,17,0
16475,17,277150264
16477,6,0
16484,17,0
16489,6,268424877
16496,6,3941667
16498,17,0
16503,6,0
16507,1,0
16509,6,0
16522,17,0
16529,6,46373078
16545,1,0
16557,6,276678369
16566,1,0
16570,1,0
16577,6,63987535
16588,17,0
16589,1,0
16594,6,0
16605,6,39762007
16612,1,0
16613,1,0
16623,6,0
16625,1,0
16631,6,28739279
16635,6,0
16637,1,207871673
16639,17,0
16640,6,10707142
16641,17,0
16647,17,26065392
16655,6,0
16658,17,0
16659,6,0
16668,6,0
16671,17,0
16673,6,0
16683,17,0
16687,6,35457933
16701,6,0
16708,1,0
16709,6,39566464
16716,6,0
16718,1,0
16724,17,118412109
16729,17,0
16744,1,0
16751,1,0
16763,6,71135628
16766,6,0
16771,6,10340704
16777,1,216047866
16784,6,3110978
16787,6,7415738
16789,6,285413864
16799,17,0
16805,6,147715051
16816,6,0
16822,1,211325485
16828,1,0
16832,6,72444969
16833,1,0
16834,1,0
16835,6,16337356
16842,6,13691359
16849,6,0
16855,17,0
16871,6,54784812
16894,6,686042
16898,6,0
16906,6,0
16909,17,0
16911,6,168212584
16914,1,0
16918,6,13539277
16923,6,50475624
16929,1,9246057
16939,1,0
16941,6,31310953
16946,1,113192597
16960,6,19338571
16962,1,0
16980,6,249133516
16981,6,270883812
16986,17,0
16990,6,79019053
17000,17,0
17007,6,213529511
17010,17,0
17019,6,0
17021,1,0
17027,6,0
17028,6,0
17029,6,45053858
17032,6,477104
17033,6,0
17040,6,0
17041,1,80494389
17051,17,0
17055,17,0
17057,1,0
17058,6,0
17059,6,0
17064,17,178083597
17065,17,0
17078,1,0
17083,6,29514348
17085,1,201203044
17098,17,0
17099,17,191836003
17100,1,201171611
17102,6,0
17110,6,0
17113,6,7111401
17125,6,289013
17126,17,0
17131,6,0
17132,6,45176671
17138,17,65889520
17139,17,0
17151,6,34716909
17153,6,10282445
17158,17,0
17165,1,261744603
17166,17,0
17167,1,0
17168,6,2695214
17183,1,0
17193,6,2764567
17197,6,40875556
17199,1,0
17209,1,0
17219,6,0
17225,6,0
17229,6,0
17231,17,0
17232,17,0
17235,6,0
17236,6,19191163
17237,6,0
17251,17,0
17259,6,19682189
17261,1,0
17263,6,0
17265,1,201089060
17268,1,100594603
17271,17,0
17272,6,0
17283,1,0
17291,6,220079552
17309,6,214269940
17312,1,0
17337,1,0
17340,17,0
17345,6,0
17346,6,51111151
17347,6,249943499
17348,6,0
17353,1,0
17357,17,0
17358,6,0
17359,17,0
17360,1,0
17364,6,0
17370,6,0
17382,6,17343139
17388,1,0
17389,6,0
17391,6,46938972
17407,1,0
17423,1,0
17428,1,0
17431,6,0
17432,1,0
17444,6,31621646
17447,1,199810601
17453,6,17959830
17458,1,0
17473,17,235915380
17477,1,0
17495,6,80373177
17496,17,0
17501,6,19510476
17503,1,0
17505,1,0
17506,6,0
17510,6,73503676
17511,6,1574873
17514,1,0
17516,6,0
17517,6,0
17519,6,80483437
17522,1,0
17527,6,161248225
17530,6,0
17532,6,0
17533,6,42284977
17534,1,50486051
17544,6,25502314
17549,6,56177179
17550,17,286606956
17552,6,2966356
17557,1,0
17562,6,13667527
17564,17,159500837
17571,17,0
17595,6,5295797
17601,17,0
17602,1,0
17607,6,12299350
17613,1,0
17619,1,0
17624,1,0
17629,1,0
17641,6,61780429
17645,17,0
17650,1,0
17661,17,200938009
17662,17,0
17665,1,0
17666,6,144693156
17667,17,0
17681,6,35695284
17685,1,0
17700,1,0
17707,6,32678754
17711,1,0
17712,1,0
17715,17,0
17720,6,242273465
17724,1,0
17726,6,125022913
17729,1,0
17736,6,0
17738,6,0
17744,6,203934877
17752,6,0
17757,6,69292217
17759,17,0
17761,1,0
17764,1,85720156
17770,17,264323630
17773,6,56463308
17775,1,0
17788,1,0
17795,1,0
17815,17,0
17821,6,63114902
17835,1,36529387
17846,17,0
17860,1,0
17872,6,174868418
17873,1,0
17883,1,78938889
17887,6,49523211
17891,1,0
17902,1,0
17912,1,0
17915,6,0
17916,1,0
17918,17,0
17920,6,0
17922,1,201095755
17926,1,0
17930,6,0
17936,6,3092625
17940,17,0
17957,6,282416940
17960,6,85958772
17961,1,0
17968,1,0
17975,6,10421740
17981,17,0
17987,1,0
17991,1,199021088
18002,1,0
18004,6,514
18005,1,0
18016,6,54195748
18022,17,0
18024,6,5965024
18031,6,0
18043,6,0
18044,6,0
18048,17,65792843
18053,1,0
18054,6,0
18059,17,261750930
18063,6,0
18064,6,61177161
18072,17,78037775
18080,6,9548108
18091,6,29993895
18092,1,0
18108,1,0
18116,1,198706726
18120,17,0
18121,1,241444271
18124,17,200986835
18125,1,0
18134,1,0
18144,1,0
18150,1,0
18151,6,1405915
18155,6,31917914
18166,1,0
18168,6,0
18170,1,0
18172,6,42802701
18174,6,87794634
18175,17,0
18178,1,0
18189,1,0
18211,1,0
18215,1,95505665
18216,1,0
18227,1,0
18231,6,0
18232,6,0
18246,6,41213540
18252,1,173040481
18255,1,0
18258,6,7057716
18268,6,0
18271,6,1651726
18273,6,0
18278,17,0
18284,6,10440648
18287,6,149385937
18288,6,14853790
18295,6,109992050
18296,6,0
18300,17,0
18303,1,0
18304,6,46761654
18310,1,0
18312,1,0
18321,6,0
18324,6,14301408
18341,6,285602407
18342,1,0
18343,6,1256657
18345,1,0
18351,6,86619553
18361,6,39203069
18363,6,0
18364,17,19430824
18370,1,0
18371,1,57801111
18379,6,263
18389,17,0
18395,1,0
18398,17,0
18400,6,11202523
18401,6,166691438
18402,1,0
18405,1,0
18430,1,42490234
18436,17,0
18444,1,0
18446,6,0
18448,6,135380303
18449,6,0
18460,1,0
18463,6,0
18465,6,0
18469,17,501043
18477,1,0
18485,6,286140662
18492,1,0
18493,1,0
18495,1,0
18501,17,0
18503,1,0
18507,6,33078001
18508,17,234022711
18514,17,0
18515,1,0
18531,1,0
18533,6,0
18536,1,0
18540,6,276714656
18553,6,0
18554,6,0
18562,6,0
18563,17,0
18566,1,0
18569,6,6043366
18577,17,0
18581,1,0
18582,6,202410678
18588,1,0
18591,1,0
18610,1,0
18616,1,0
18619,6,0
18622,6,0
18626,6,54625
18641,1,140781535
18644,1,0
18656,6,3050125
18663,1,0
18666,6,0
18678,6,0
18679,1,0
18692,1,0
18704,6,2712105
18710,6,0
18739,1,0
18743,6,10418985
18747,6,0
18756,6,0
18769,1,0
18781,1,0
18789,1,0
18802,6,138777285
18804,6,0
18811,6,21289286
18820,6,4972488
18831,6,28497967
18834,17,150711
18841,17,0
18843,6,142259471
18847,6,7132448
18848,6,3177398
18851,1,0
18853,6,41740020
18856,1,0
18860,1,202689906
18864,17,0
18880,6,5780089
18887,1,23865925
18890,17,0
18895,6,0
18902,6,202716120
18907,1,0
18912,17,222763173
18916,6,44844480
18918,6,13105236
18920,17,0
18922,1,0
18923,1,0
18925,6,0
18934,6,11573
18935,1,0
18936,6,114145014
18952,17,0
18957,1,0
18959,1,0
18961,6,45874789
18963,6,0
18968,6,0
18971,17,0
18979,6,97704524
18980,6,281540695
18989,6,85355022
18995,1,0
19000,6,113649865
19003,6,0
19005,6,0
19007,6,0
19009,6,0
19010,6,106058757
19012,6,174613996
19016,17,0
19019,1,0
19020,6,12250801
19023,6,28494499
19040,6,4991192
19048,6,0
19049,1,0
19059,1,0
19061,1,0
19067,17,0
19100,17,0
19101,6,0
19109,1,234104250
19113,1,0
19123,1,207923664
19131,6,0
19138,1,0
19144,17,371816
19146,6,46188819
19147,6,0
19172,6,278920614
19173,6,26538451
19176,6,0
19180,1,0
19193,1,0
19195,6,0
19198,17,185236100
19200,6,113613139
19212,6,0
19219,1,0
19229,6,26171723
19230,1,0
19233,6,206628547
19234,17,0
19235,17,0
19246,6,245442165
19247,1,0
19252,1,200937445
19259,17,0
19263,1,0
19270,6,254293011
19271,1,200885528
19276,6,262544577
19286,6,203167037
19289,6,87430854
19300,17,77008090
19307,6,0
19313,1,0
19315,1,0
19322,6,0
19327,17,0
19332,6,34673211
19335,1,0
19340,1,0
19342,1,0
19344,6,3628619
19352,17,0
19363,1,0
19367,6,0
19368,1,0
19373,1,0
19374,17,0
19375,6,27477572
19385,6,108308679
19386,6,0
19387,6,0
19393,17,0
19402,6,0
19404,1,0
19413,1,88626144
19421,6,0
19429,6,0
19430,6,287135299
19432,1,0
19438,17,0
19452,6,17363981
19454,6,0
19460,6,37375991
19465,1,0
19466,6,84486829
19467,1,0
19472,6,2676333
19478,6,0
19486,6,19780647
19489,6,0
19490,1,0
19496,17,0
19498,1,202255470
19500,1,0
19502,1,0
19503,6,27294771
19509,17,0
19510,1,108482494
19511,6,10183321
19521,17,0
19525,1,233016815
19537,6,0
19540,6,0
19543,6,0
19546,1,201066870
19548,17,0
19550,1,0
19553,6,0
19556,6,0
19563,6,266159941
19567,1,0
19571,1,0
19584,17,0
19585,6,0
19602,1,0
19616,6,163196002
19623,6,13644831
19630,6,33592941
19633,17,0
19646,1,0
19665,17,0
19675,6,0
19680,1,0
19692,1,0
19694,6,19542034
19695,1,0
19701,17,0
19708,6,0
19725,6,0
19735,6,0
19744,1,0
19746,1,0
19758,1,0
19768,6,0
19771,6,136015645
19773,1,0
19777,6,0
19780,1,0
19790,6,35162351
19797,6,0
19798,17,0
19802,6,74038437
19810,1,0
19815,1,0
19819,1,0
19822,1,0
19826,1,0
19831,1,0
19832,17,0
19835,17,0
19838,1,0
19845,17,0
19864,1,171146264
19894,17,0
19899,6,190999767
19908,1,0
19911,6,0
19919,6,25780878
19920,1,0
19928,17,0
19933,1,0
19936,6,4592756
19945,1,100621263
19947,6,261278044
19959,1,0
19988,6,161368473
19990,6,0
20000,6,8394054
20010,1,0
20011,6,90758865
20015,6,10102488
20020,17,0
20029,1,0
20030,6,0
20040,6,236393239
20054,17,0
20067,6,0
20084,17,0
20103,1,0
20108,6,19089163
20111,17,2239147
20112,6,4036601
20117,1,0
20123,1,0
20124,1,0
20143,6,273912832
20146,6,0
20149,1,0
20150,17,207314857
20151,6,10980278
20152,1,0
20155,6,249997870
20167,17,0
20168,17,0
20180,17,0
20182,1,0
20187,6,260376678
20190,1,0
20191,6,0
20212,1,0
20223,6,0
20224,6,242819989
20233,1,0
20235,6,0
20242,1,0
20243,1,0
20248,17,0
20256,1,0
20259,6,31333567
20272,1,0
20277,17,30895920
20280,1,0
20282,6,0
20283,17,44700032
20285,17,0
20286,1,0
20293,1,0
20296,17,0
20298,1,0
20300,1,0
20304,1,0
20305,6,0
20311,17,0
20320,6,10377041
20323,17,0
20334,6,244251429
20346,6,0
20363,1,201066874
20367,17,0
20373,1,0
20376,17,0
20377,1,0
20386,6,0
20394,1,0
20398,17,0
20399,1,0
20402,6,0
20404,17,271770465
20407,1,0
20411,6,12150485
20419,6,46114827
20420,6,178223600
20430,6,0
20431,6,40932674
20432,17,0
20433,6,1576803
20451,1,0
20453,1,0
20458,6,0
20463,6,25768304
20467,6,0
20473,6,0
20482,6,0
20483,17,0
20494,1,0
20508,6,7186579
20517,41,287858672
20520,1,0
20521,6,86269001
20522,1,0
20531,6,0
20533,6,198763602
20535,6,20174640
20541,6,0
20553,17,0
20556,1,0
20564,6,1317771
20567,6,86749495
20572,6,0
20573,6,44721143
20584,1,0
20588,17,0
20591,6,0
20598,17,0
20601,1,0
20603,6,150847676
20606,6,0
20608,1,0
20609,6,0
20615,1,0
20623,1,0
20624,6,1442376
20635,17,0
20639,6,26191294
20643,6,131483500
20644,6,1306319
20649,1,0
20653,6,1405625
20655,1,0
20657,17,0
20659,1,0
20660,1,116488142
20661,1,162362890
20663,6,284925022
20671,6,0
20673,1,0
20698,17,0
20700,17,0
20702,6,20266756
20705,17,0
20706,17,0
20707,6,202366852
20710,6,120300047
20713,17,0
20717,6,66642279
20732,17,285088939
20737,1,0
20741,17,0
20752,6,0
20756,1,0
20765,1,0
20773,1,0
20776,6,127536032
20779,1,0
20798,6,0
20799,1,0
20808,6,0
20813,6,0
20814,1,200955917
20822,6,29091807
20824,1,0
20837,6,702515
20838,1,0
20840,6,0
20841,1,0
20843,6,0
20846,6,45204952
20853,17,0
20854,1,0
20857,17,39426817
20862,6,0
20865,17,230004043
20870,6,0
20875,1,0
20879,1,0
20881,6,18087977
20887,17,0
20892,6,0
20897,6,0
20906,1,0
20918,6,0
20922,1,0
20931,6,47321418
20934,17,200989403
20943,6,76215
20953,17,0
20954,6,0
20959,6,26570286
20960,6,0
20969,1,0
20971,1,0
20977,1,0
20979,17,0
20982,1,0
20985,1,0
20986,1,0
20996,1,0
21008,6,3182567
21013,6,0
21016,6,0
21017,1,0
21018,6,0
21020,6,0
21034,1,0
21036,6,0
21039,6,27418771
21042,1,596104
21058,17,0
21060,17,0
21063,6,41737131
21065,1,0
21074,6,0
21077,6,22398386
21081,6,19390283
21105,17,0
21113,1,0
21118,6,0
21119,17,0
21134,6,2495168
21135,6,0
21137,6,162469822
21153,1,153120065
21164,6,128950222
21171,17,0
21176,17,0
21177,17,0
21188,17,0
21195,1,0
21197,6,0
21211,6,11344799
21213,6,41870596
21216,1,0
21217,17,0
21221,6,0
21223,6,225359581
21228,6,0
21238,17,0
21246,6,166210629
21250,6,114733435
21251,6,10180093
21253,6,270470030
21255,6,0
21266,1,0
21269,1,0
21271,1,214542277
21277,17,0
21278,6,0
21283,6,14082270
21290,6,9054
21291,17,0
21296,1,0
21300,1,0
21303,1,1665657
21306,6,0
21313,6,0
21318,1,231647174
21327,6,46264143
21329,1,0
21340,17,0
21343,6,30457291
21346,17,0
21362,6,277463689
21370,6,6229339
21371,6,40857650
21374,1,0
21385,6,0
21425,6,135716774
21428,6,0
21430,1,0
21439,17,0
21444,6,0
21446,1,0
21455,6,27420860
21459,6,0
21464,17,0
21465,1,0
21474,1,0
21475,17,0
21480,6,11763770
21483,1,0
21485,6,0
21493,6,0
21494,6,0
21506,6,0
21513,1,0
21515,6,0
21519,6,0
21521,6,56009800
21528,6,0
21536,6,0
21540,17,0
21546,1,0
21552,6,12600076
21553,17,0
21554,1,0
21557,6,0
21561,1,0
21562,6,0
21567,1,0
21578,6,270507638
21583,6,25429941
21586,6,7651144
21596,17,0
21597,6,38493566
21601,6,0
21613,6,21401096
21628,1,0
21637,6,100469042
21643,6,0
21649,17,177849885
21652,6,1700730
21659,17,0
21663,1,0
21674,6,0
21678,6,279261165
21681,17,0
21695,6,47384319
21696,6,13334588
21701,17,0
21703,6,0
21706,17,0
21714,6,0
21729,17,0
21740,1,202017346
21747,6,0
21754,6,0
21755,1,37044882
21763,1,110464039
21773,6,18982369
21778,1,0
21779,1,0
21792,6,22750960
21800,6,0
21813,1,0
21830,6,0
21832,1,0
21840,6,0
21845,6,0
21849,1,0
21856,1,0
21861,1,0
21872,1,201064125
21874,6,25314189
21886,6,0
21888,17,30821150
21900,17,0
21904,6,21007534
21918,1,0
21919,6,26154679
21921,1,65672030
21922,1,206540334
21927,1,0
21931,17,263097595
21935,6,25429663
21938,6,7628233
21959,1,12659
21971,1,0
21990,1,0
21996,1,0
22000,1,0
22012,1,0
22013,1,0
22015,1,90833123
22025,6,0
22027,6,0
22032,1,0
22040,17,278395219
22050,1,0
22054,1,0
22070,1,0
22071,1,0
22072,6,0
22076,6,0
22083,6,21831938
22087,17,0
22092,41,287168421
22095,6,274557318
22103,6,0
22107,1,0
22115,6,26552398
22117,6,0
22118,6,0
22120,17,0
22122,1,0
22124,17,0
22125,6,12399633
22128,17,249570554
22135,1,0
22139,1,0
22140,6,0
22141,6,66580410
22146,1,0
22160,1,0
22162,6,0
22167,17,0
22169,1,0
22171,1,0
22177,6,199894117
22178,1,0
22199,1,201057622
22200,17,0
22205,1,151274528
22208,6,0
22219,1,0
22225,6,75177276
22230,1,0
22236,1,0
22237,17,0
22246,1,0
22250,1,240676582
22255,17,34875
22261,6,0
22271,1,0
22283,1,0
22286,6,190324667
22288,6,2875193
22293,6,0
22295,6,255605285
22301,6,30079406
22307,6,0
22315,17,0
22330,6,226978405
22332,1,0
22337,1,0
22340,17,0
22355,17,0
22374,17,0
22376,1,241387183
22388,1,194289577
22390,6,0
22391,1,0
22397,17,226085887
22399,1,0
22404,6,0
22415,6,204711018
22417,1,13099488
22423,1,0
22429,1,0
22437,1,0
22440,1,0
22454,6,0
22470,17,0
22480,6,0
22484,1,0
22491,1,0
22493,6,40430023
22501,6,207351383
22505,1,0
22512,1,0
22522,6,0
22523,6,100638350
22524,17,0
22526,6,0
22529,6,101737865
22536,6,0
22555,6,0
22557,6,338645
22558,1,198860640
22572,6,10366407
22579,1,200989371
22583,6,280075286
22590,17,0
22595,17,44257148
22597,6,12613660
22603,17,0
22608,6,16290426
22610,6,23567430
22620,1,0
22628,17,0
22641,6,0
22651,1,0
22655,17,3851
22660,6,37430097
22668,17,0
22671,6,21866204
22684,1,0
22687,6,0
22688,1,0
22695,6,4279795
22720,17,0
22732,1,0
22736,6,0
22744,6,0
22747,1,0
22753,1,0
22762,6,0
22763,6,218135851
22766,17,0
22769,6,27275
22773,17,0
22778,6,0
22782,6,0
22786,1,0
22793,6,0
22797,1,0
22810,6,71790862
22812,1,0
22817,6,282907127
22825,6,0
22835,17,0
22843,6,0
22849,1,0
22853,17,0
22859,17,0
22860,1,0
22861,1,0
22865,1,0
22869,6,0
22879,6,29242419
22884,6,286842683
22886,1,0
22891,17,142418920
22892,17,0
22895,6,231094672
22897,6,0
22898,6,0
22900,1,0
22910,1,0
22922,6,74025253
22926,6,219046225
22934,1,0
22945,6,221368860
22966,17,0
22967,1,170691156
22970,6,0
22973,1,0
22979,17,0
22981,6,0
22984,6,216948018
22990,1,200908392
22994,1,98115860
23002,6,0
23004,6,0
23008,6,0
23019,6,0
23020,17,0
23026,1,0
23038,6,0
23040,1,0
23046,1,0
23047,6,0
23048,17,0
23052,17,275560486
23058,6,0
23064,17,0
23067,17,0
23069,17,0
23076,1,0
23077,17,0
23079,6,5447411
23087,6,0
23092,1,0
23094,6,88038358
23107,17,0
23109,1,0
23110,6,0
23111,6,0
23131,1,0
23135,6,1557979
23138,1,0
23140,6,229031221
23143,17,150741141
23145,6,49141188
23147,17,0
23148,1,0
23149,6,0
23156,6,284674624
23161,1,0
23163,1,0
23168,1,0
23169,6,0
23171,1,220259448
23174,47,49469212
23180,17,0
23188,1,0
23193,6,49893749
23199,17,0
23215,6,0
23216,1,0
23221,1,0
23222,17,0
23223,6,1066353
23224,1,0
23225,6,138369
23230,1,0
23231,6,202428904
23233,6,0
23235,17,0
23239,1,0
23249,6,0
23261,1,153858285
23263,6,94562417
23267,6,105502223
23272,6,102981233
23278,1,0
23279,1,0
23283,1,0
23284,6,0
23288,1,147017851
23291,6,1182
23293,1,0
23298,1,0
23301,17,0
23308,6,19747838
23309,1,0
23316,6,24047413
23325,17,0
23332,1,0
23335,1,0
23344,1,0
23346,17,0
23353,17,200804516
23356,1,0
23364,1,0
23371,17,0
23372,1,0
23379,6,118363160
23391,1,0
23392,6,9145985
23399,6,4266190
23407,1,6729347
23409,17,0
23411,1,0
23414,17,0
23416,17,200992808
23419,17,184573047
23423,6,258810117
23431,6,207843515
23434,1,0
23445,1,0
23455,1,0
23462,6,29442833
23471,1,0
23474,1,200264069
23483,17,0
23492,6,63300615
23493,1,0
23501,6,168680261
23505,6,0
23510,1,0
23515,1,0
23519,6,25999786
23522,17,0
23527,6,33677676
23532,6,69327623
23533,6,0
23534,1,12904509
23537,1,0
23551,6,0
23555,1,0
23561,6,55048110
23566,6,0
23576,6,87429863
23578,6,0
23579,17,271780471
23583,17,0
23596,1,0
23602,1,0
23603,6,1152842
23605,17,204089734
23624,6,0
23630,6,33309063
23633,6,0
23637,6,0
23656,6,138574885
23661,1,0
23662,1,231030554
23668,6,0
23681,6,22302880
23694,6,0
23701,6,128668382
23702,17,0
23729,6,0
23732,1,0
23737,6,176997953
23738,6,0
23739,1,0
23742,6,0
23752,6,17767613
23754,1,0
23769,1,0
23772,6,284024146
23773,1,0
23775,6,7187298
23784,17,246821471
23787,6,190822119
23807,1,0
23811,1,23822905
23813,17,0
23817,1,0
23818,6,0
23824,1,0
23828,1,0
23835,1,0
23839,6,0
23855,17,0
23860,6,0
23868,1,0
23876,6,286579726
23889,6,0
23896,6,29062738
23901,1,0
23902,1,0
23915,17,0
23931,17,0
23945,1,0
23948,1,0
23953,17,0
23955,17,5723
23959,6,0
23961,1,0
23964,17,0
23965,6,0
23969,6,0
23976,6,57206953
23988,17,0
23995,17,0
23999,1,0
24002,6,113440205
24009,1,0
24017,1,0
24021,1,0
24023,1,194415883
24049,6,0
24054,6,116244320
24058,6,0
24059,1,0
24062,6,89110819
24067,6,1328778
24074,1,0
24083,6,99938460
24089,1,0
24098,17,0
24102,17,0
24108,1,0
24114,1,0
24115,1,0
24120,6,0
24122,6,0
24126,6,0
24129,1,107398065
24136,6,71491242
24144,17,0
24146,17,0
24151,6,0
24156,17,164009389
24160,1,0
24161,6,0
24168,1,37142
24169,1,0
24173,1,201087256
24175,1,0
24177,1,61938763
24187,6,0
24188,6,0
24193,1,0
24196,6,14225156
24198,1,0
24200,17,0
24204,17,0
24205,6,23499219
24209,6,0
24212,1,200955504
24226,17,0
24233,1,107786452
24235,6,0
24248,17,0
24257,6,0
24268,1,0
24276,1,0
24292,6,0
24296,17,38364994
24297,1,0
24302,17,0
24303,6,21868644
24307,6,74387470
24310,6,34992927
24314,17,0
24319,6,0
24320,1,0
24335,6,21866089
24338,1,201100586
24343,1,201187195
24346,17,0
24349,6,0
24350,17,0
24353,6,148409026
24360,1,0
24364,6,0
24383,17,0
24386,1,0
24387,6,850772
24388,1,0
24399,1,0
24413,1,0
24417,1,0
24418,1,0
24422,1,0
24429,6,0
24433,6,0
24435,17,0
24437,1,0
24441,6,0
24446,6,0
24449,6,0
24456,6,50219603
24467,17,0
24471,1,0
24472,1,0
24482,17,0
24484,17,38365621
24487,1,0
24491,6,205
24500,1,0
24501,1,0
24504,1,0
24509,6,0
24513,17,0
24519,6,0
24533,1,0
24546,6,428607
24554,6,0
24558,17,0
24578,6,0
24584,17,0
24591,17,0
24594,1,0
24602,1,0
24631,17,0
24634,1,0
24653,1,0
24660,6,272125683
24665,6,726
24667,6,19510539
24682,6,0
24687,1,0
24690,1,0
24693,1,0
24713,17,0
24714,1,201012241
24715,6,27868206
24716,1,0
24718,17,0
24722,1,0
24723,6,0
24726,6,0
24733,6,0
24739,1,0
24740,6,262444133
24750,1,154259574
24758,1,0
24759,1,0
24760,17,15534622
24763,17,0
24766,6,0
24769,6,0
24770,17,0
24773,17,7232548
24775,17,240552027
24776,6,18922327
24783,6,14192255
24790,6,151270323
24792,1,0
24801,1,0
24809,6,89135304
24818,17,0
24819,1,175267125
24832,17,0
24833,6,0
24839,6,0
24845,6,0
24855,6,66457633
24861,1,0
24872,6,137531401
24879,6,14191329
24891,1,89300221
24901,1,0
24902,1,1405849
24909,17,0
24930,6,0
24949,6,192364298
24953,6,11820037
24961,17,7794591
24963,1,0
24970,6,18325379
24972,17,0
24974,1,0
24975,1,0
24992,1,0
24993,17,0
24998,1,242758486
25001,1,120569779
25003,6,10151152
25005,1,0
25011,1,0
25019,6,0
25022,1,200468384
25025,17,0
25026,1,129005343
25028,6,29499399
25029,6,0
25034,1,0
25036,1,223922717
25037,1,0
25040,1,0
25045,6,231077261
25046,1,0
25047,6,0
25054,1,0
25070,6,3363882
25071,6,22690018
25074,6,101635586
25078,6,47481329
25080,6,4562794
25082,6,110208714
25085,1,0
25093,1,0
25094,17,0
25095,6,0
25096,6,151386872
25102,17,0
25112,1,0
25123,1,0
25127,1,0
25131,1,153242707
25137,6,0
25138,1,0
25145,17,3193104
25150,6,0
25159,1,0
25172,1,0
25174,1,0
25177,6,0
25179,1,0
25189,1,0
25190,1,0
25192,1,0
25193,1,0
25197,6,0
25203,17,200989873
25205,6,1559201
25213,1,0
25219,6,0
25227,1,0
25228,6,0
25230,6,30227826
25263,1,0
25265,6,0
25268,1,0
25299,1,0
25301,6,0
25307,1,0
25309,1,0
25314,1,0
25315,1,0
25319,6,37417627
25327,6,14191090
25329,6,65172810
25336,6,11301384
25339,1,0
25344,1,0
25349,6,0
25351,17,0
25352,6,204765650
25363,6,253957828
25366,1,0
25374,1,0
25377,1,255826743
25378,17,11543360
25381,6,0
25386,1,0
25388,1,201131110
25393,17,0
25396,6,0
25401,17,150696975
25409,1,0
25412,6,50722481
25417,17,0
25420,6,0
25434,6,135327334
25436,17,7642527
25438,6,0
25454,6,6758778
25455,6,24050085
25461,1,0
25466,6,110150332
25468,17,0
25470,6,0
25472,17,0
25479,1,0
25485,6,0
25493,6,0
25503,6,210059153
25511,6,38481630
25525,6,0
25529,17,402
25535,1,0
25542,6,0
25544,1,0
25561,17,0
25568,6,0
25588,6,14401210
25591,1,0
25598,17,0
25600,6,14938188
25604,1,0
25607,6,0
25610,1,0
25613,17,0
25630,6,0
25632,1,0
25640,6,0
25642,6,16643947
25643,17,0
25644,1,153089729
25659,6,0
25661,1,0
25662,6,192
25665,1,0
25678,6,0
25679,1,0
25682,1,0
25684,17,0
25697,6,0
25698,1,0
25711,6,0
25724,6,1431529
25733,17,0
25738,1,0
25743,6,14194812
25744,1,200931232
25747,6,18922333
25754,1,0
25759,6,0
25761,6,0
25768,6,25070707
25769,17,712
25770,6,265139359
25772,1,0
25777,6,0
25779,17,0
25784,17,0
25785,6,0
25794,6,0
25807,1,0
25809,1,0
25811,6,0
25814,1,201073031
25818,6,16824444
25835,6,0
25838,6,27253570
25840,17,38838340
25844,1,0
25850,1,0
25851,1,0
25854,6,279774266
25858,1,0
25861,6,119293970
25867,1,0
25872,6,15823098
25876,1,0
25878,17,0
25884,6,27607500
25892,1,0
25894,6,25200101
25920,1,0
25930,6,31134092
25938,6,199596625
25940,1,0
25943,17,0
25947,1,0
25951,6,0
25952,17,0
25955,17,0
25956,1,0
25958,1,0
25959,6,38354087
25960,6,0
25961,1,0
25967,17,33385892
25978,6,154388920
25979,6,0
25980,6,0
25984,1,0
26016,17,0
26018,17,90115770
26025,6,0
26030,6,78875082
26031,6,0
26034,6,0
26037,1,0
26039,1,0
26043,6,124209522
26052,6,110917834
26054,1,0
26055,6,4450990
26058,6,16588885
26067,17,0
26068,6,0
26072,6,68064703
26073,6,87151806
26078,17,100533051
26090,6,0
26095,1,0
26099,6,0
26101,6,0
26115,6,246325291
26129,17,0
26133,1,21251011
26135,1,0
26138,6,18472519
26141,17,0
26148,1,0
26153,17,0
26165,6,0
26166,1,0
26170,17,0
26179,17,0
26186,1,36419941
26197,17,0
26198,6,0
26200,6,124557288
26201,1,0
26202,6,10269524
26207,6,0
26208,1,0
26220,1,0
26222,6,1217793
26230,1,0
26234,1,0
26250,1,252529887
26252,1,0
26253,1,0
26260,17,0
26263,1,0
26280,6,230831779
26287,6,14194029
26288,6,18505774
26294,1,0
26308,6,11554726
26314,6,100819295
26315,17,0
26319,6,0
26323,1,0
26324,6,45915416
26330,6,0
26333,6,27336462
26337,6,0
26343,1,0
26362,6,18165842
26373,1,0
26378,1,142116192
26380,6,0
26384,6,0
26386,1,0
26390,6,0
26392,1,0
26394,17,0
26417,6,0
26422,17,69292504
26425,6,258756039
26426,6,108051997
26427,17,20161615
26446,1,0
26447,6,14194185
26450,17,0
26462,17,0
26470,1,0
26473,6,0
26479,1,0
26482,1,0
26487,17,0
26488,1,0
26493,1,0
26495,17,1417
26497,1,52890060
26500,1,0
26508,1,0
26509,6,76350777
26513,1,98925872
26521,17,136968231
26527,17,0
26536,1,208061796
26559,17,0
26562,1,0
26564,1,0
26573,1,201058324
26581,6,0
26585,1,0
26588,1,201092385
26594,1,0
26595,1,0
26596,17,0
26597,6,0
26602,6,16445950
26608,1,0
26612,6,0
26613,1,201062527
26617,17,0
26618,1,0
26620,6,106792688
26626,6,53162723
26632,1,0
26635,1,0
26637,17,0
26639,6,34653947
26640,6,0
26656,17,233427292
26659,17,0
26660,1,0
26667,17,0
26676,1,0
26678,1,0
26695,1,261927949
26698,6,90874885
26699,6,0
26702,6,0
26703,17,71681197
26705,17,0
26707,17,0
26712,6,0
26725,6,19825001
26728,17,219420177
26739,1,26349022
26758,6,0
26761,17,0
26762,17,0
26773,1,0
26775,6,141004242
26779,1,0
26782,6,0
26783,1,0
26784,6,35598479
26786,17,0
26797,6,32181903
26804,6,0
26808,1,89884266
26809,1,0
26826,6,0
26837,17,0
26839,1,0
26843,6,223577167
26848,1,0
26853,1,0
26857,6,0
26858,1,0
26859,17,0
26870,6,942636
26876,17,0
26881,1,0
26893,6,270068549
26904,1,0
26906,6,0
26920,6,0
26922,6,25011322
26925,17,0
26927,1,0
26936,1,0
26942,6,2145917
26947,1,0
26955,1,0
26960,6,0
26966,17,186144804
26970,6,19224977
26975,17,0
26976,1,0
26981,1,92661393
26982,1,199402691
26983,1,0
26995,6,0
26998,1,222105810
27006,6,93367604
27008,6,0
27010,1,0
27018,6,12573607
27034,1,201161803
27039,1,0
27046,17,0
27052,1,9842321
27055,6,18262722
27056,1,0
27066,17,0
27070,1,10505373
27074,1,0
27080,6,6503346
27081,6,37679265
27089,6,0
27090,1,0
27098,1,200977128
27104,6,18033817
27107,17,0
27114,1,0
27120,6,0
27122,17,0
27133,1,0
27146,6,283383888
27147,6,61505332
27150,17,257778747
27153,6,0
27154,6,0
27155,1,0
27158,6,113820278
27176,6,0
27191,6,268350028
27194,6,18747249
27197,17,0
27198,6,87815442
27200,6,12338
27203,1,200947231
27208,1,0
27226,6,0
27233,6,32772760
27240,1,0
27247,6,14195346
27249,17,0
27253,17,0
27272,1,0
27289,17,0
27290,17,0
27291,6,704
27297,6,166849288
27300,6,0
27306,1,0
27314,1,0
27322,6,195511605
27323,6,29869181
27326,17,273372368
27333,17,0
27334,6,89288047
27338,6,17743228
27339,6,0
27344,17,0
27349,1,0
27350,1,0
27358,1,0
27370,1,0
27373,1,0
27378,1,0
27381,1,0
27384,1,0
27394,1,0
27395,17,0
27398,6,0
27402,6,261433000
27407,1,191566326
27409,6,49839172
27411,1,0
27414,6,0
27420,17,0
27426,1,0
27441,1,0
27445,6,0
27448,6,40203820
27455,1,0
27456,6,401423
27457,1,0
27461,6,7503629
27471,17,0
27479,1,0
27488,17,0
27505,6,0
27507,17,0
27510,17,0
27512,1,0
27519,6,82813435
27523,6,0
27539,6,27715444
27542,1,0
27548,17,0
27549,17,0
27552,6,29977126
27553,6,10145234
27571,1,0
27573,17,0
27579,1,0
27586,17,269160897
27588,6,100738784
27589,1,0
27590,17,0
27597,1,0
27613,1,0
27614,6,222517214
27617,17,0
27619,17,0
27623,1,174047242
27627,6,218003434
27628,6,134744178
27634,1,0
27638,1,0
27640,1,200904211
27646,17,0
27656,1,0
27660,1,0
27669,1,0
27670,1,0
27680,1,0
27682,17,0
27685,1,0
27686,1,0
27687,1,0
27694,6,28397621
27703,6,286303020
27706,6,9591449
27720,6,0
27733,1,202480754
27735,6,245023324
27743,1,0
27744,1,0
27745,17,0
27746,1,238037179
27749,1,0
27760,6,268691180
27761,1,0
27769,17,66190756
27770,6,110084541
27778,6,158153406
27780,1,0
27784,17,6228884
27785,6,264638981
27794,6,0
27800,6,108726740
27808,6,13514395
27809,17,162118506
27814,1,0
27817,17,0
27820,1,0
27838,1,245460616
27845,6,200835468
27848,17,200973392
27857,17,0
27861,1,0
27862,1,0
27867,1,0
27871,6,0
27874,6,117874424
27880,1,0
27889,6,228415716
27894,6,0
27895,6,0
27907,1,0
27910,1,0
27919,6,267308577
27920,6,1165993
27922,1,0
27934,6,130338021
27936,6,0
27945,6,57039863
27949,6,0
27951,6,191709224
27956,1,0
27962,6,110375019
27964,17,0
27982,17,261373005
27991,17,1732115
27993,17,0
28000,1,0
28002,1,35353121
28004,6,0
28009,6,0
28010,1,0
28020,6,10010136
28021,6,0
28023,1,0
28027,6,207594473
28041,6,0
28052,6,62699691
28053,17,42830289
28070,1,0
28081,6,0
28084,17,0
28087,6,270205614
28092,1,0
28097,17,0
28100,6,33808186
28103,6,26443961
28106,1,0
28107,6,97670124
28108,1,0
28113,1,0
28114,6,112581060
28125,6,0
28132,17,0
28133,6,188250841
28135,1,0
28139,1,0
28143,6,18269538
28146,6,142063390
28149,6,398
28162,1,0
28163,1,153242023
28170,1,0
28173,6,76865
28183,1,0
28185,1,0
28206,1,0
28207,6,18260048
28215,1,203196796
28219,6,31022998
28224,17,90457762
28230,1,0
28233,1,0
28235,6,221332150
28240,1,0
28246,6,205265654
28251,17,0
28252,6,210742250
28262,17,0
28271,6,193530246
28281,6,958
28291,6,0
28296,17,0
28310,1,0
28321,6,0
28332,1,0
28345,17,0
28347,1,0
28350,1,0
28361,17,0
28367,17,0
28369,1,0
28377,17,0
28378,17,0
28383,1,0
28388,1,0
28389,6,2224855
28391,1,89363283
28393,6,49904671
28398,17,365059
28399,17,0
28401,1,213995261
28405,1,0
28413,6,0
28421,1,223988155
28423,1,0
28440,1,0
28441,6,0
28454,1,0
28456,1,0
28466,17,0
28467,17,0
28470,1,231371691
28478,1,0
28480,1,927900
28491,6,21822447
28492,1,112970881
28503,1,0
28504,1,0
28506,6,225211148
28508,1,0
28524,1,0
28528,1,0
28542,1,0
28544,17,0
28547,6,0
28560,1,0
28565,6,0
28570,17,0
28573,1,0
28576,1,0
28579,1,0
28580,1,0
28585,6,262627224
28588,1,0
28589,17,0
28600,6,0
28601,6,0
28603,6,0
28610,17,65978267
28612,6,3078753
28618,1,0
28623,6,18259748
28628,17,1383541
28629,1,0
28635,17,208635311
28637,6,91957375
28639,1,0
28642,1,0
28646,6,0
28657,6,0
28658,6,28550312
28661,1,0
28662,17,0
28671,1,0
28673,6,0
28678,17,264183927
28680,17,0
28683,6,117125656
28692,1,201044436
28693,6,0
28699,17,0
28707,1,0
28710,6,0
28715,6,34611336
28717,1,0
28730,17,28345776
28731,6,3173007
28741,6,27881933
28747,17,0
28758,17,0
28763,6,39238233
28767,6,159656307
28773,6,0
28780,1,0
28788,6,228443208
28790,1,0
28791,6,59579342
28814,6,43155309
28815,1,0
28823,6,29939143
28829,6,205130521
28833,1,99979822
28835,17,0
28845,6,13033008
28851,6,0
28855,17,107774152
28863,1,0
28867,17,0
28870,17,226173602
28872,1,0
28887,1,0
28889,6,64534019
28893,17,0
28894,17,0
28896,1,0
28897,1,1183492
28898,1,0
28904,1,0
28906,17,0
28908,17,226097451
28910,6,33547516
28913,6,85497913
28923,6,0
28929,17,13077
28934,6,7205827
28937,6,9823035
28940,6,121657962
28943,1,0
28944,1,0
28945,6,0
28960,1,0
28984,17,0
29002,6,216
29003,6,0
29007,6,172023468
29009,6,17158241
29010,1,0
29013,6,0
29014,1,0
29024,1,0
29036,1,0
29039,6,200292669
29046,6,120535809
29052,17,0
29065,1,12102278
29070,1,0
29071,17,0
29073,6,17088905
29082,1,0
29093,1,0
29098,6,28772086
29101,1,0
29102,6,34600675
29105,6,86891865
29107,6,19138868
29112,17,243508241
29114,6,0
29121,6,47420233
29156,6,0
29163,1,0
29171,1,200410734
29191,1,201006176
29198,6,78906132
29199,6,21706328
29212,17,0
29214,1,0
29220,6,79192229
29229,6,178396405
29235,6,14188149
29251,17,0
29260,1,0
29269,6,0
29273,6,815372
29274,1,0
29288,6,6374199
29290,6,4124833
29298,1,0
29299,6,0
29303,1,0
29306,6,126570014
29307,6,0
29315,1,162770928
29329,1,0
29332,6,0
29333,6,0
29338,17,0
29342,1,0
29343,6,0
29346,6,0
29365,1,0
29368,1,0
29369,17,0
29371,6,2650312
29383,6,0
29384,1,201071169
29395,1,0
29398,6,82751338
29400,1,0
29404,6,0
29413,1,0
29414,6,21669041
29415,6,0
29422,1,0
29429,6,256
29434,1,0
29438,6,0
29439,17,0
29446,17,92579859
29449,1,0
29453,6,0
29461,17,0
29472,6,0
29478,1,0
29481,6,50264293
29487,6,65543419
29489,6,0
29492,1,0
29498,6,9868208
29499,1,0
29509,6,39325074
29513,6,0
29518,6,44187796
29519,17,0
29522,6,51708741
29524,6,0
29533,1,0
29540,1,0
29553,6,40848684
29554,1,0
29555,17,171476100
29575,6,0
29581,6,0
29588,6,273724215
29597,6,0
29601,17,7236636
29605,1,0
29613,1,0
29621,6,0
29627,6,0
29632,6,103626654
29640,6,257092559
29642,6,254627325
29645,6,0
29662,6,0
29665,1,0
29672,6,0
29674,6,0
29678,1,0
29679,6,19361698
29688,6,6324943
29691,6,0
29698,17,0
29708,6,178
29719,1,0
29735,17,0
29739,1,8402875
29748,17,0
29751,6,13808235
29752,17,0
29755,17,266664587
29760,1,141250777
29761,6,0
29764,6,0
29766,17,56159057
29767,17,0
29774,1,0
29776,17,0
29786,1,200214466
29788,1,0
29797,1,0
29803,1,0
29805,6,1432889
29807,6,22536950
29815,1,0
29820,17,214
29840,6,0
29844,17,0
29851,1,0
29870,6,35917728
29875,17,0
29878,6,0
29880,1,0
29882,1,0
29883,6,0
29886,6,0
29894,6,101252336
29895,1,0
29897,6,0
29899,6,0
29908,1,0
29924,1,0
29934,6,1239730
29935,6,0
29936,17,0
29937,1,0
29944,1,200874686
29948,1,0
29949,17,0
29956,6,83820322
29963,1,0
29966,6,0
29968,6,0
29973,6,0
29975,1,0
29976,6,26973643
29983,1,0
29990,1,0
29991,1,0
29998,17,0
30002,6,77006399
30009,17,0
30011,6,3026519
30020,6,0
30030,6,0
30031,6,0
30034,6,0
30037,1,0
30040,1,201236660
30041,1,0
30042,1,0
30047,17,0
30054,1,0
30057,1,0
30062,17,98019
30065,17,0
30066,6,0
30068,1,0
30071,6,36085785
30073,1,89806134
30085,17,0
30091,6,0
30093,1,0
30095,6,22509143
30100,1,0
30101,6,199280346
30120,1,0
30122,1,0
30131,6,24148920
30139,17,0
30140,17,7839774
30146,1,0
30149,6,0
30152,1,0
30155,17,8103601
30159,1,0
30160,1,0
30165,1,0
30168,6,0
30169,6,0
30173,6,40241221
30174,1,201069234
30191,17,0
30204,6,0
30210,6,52818704
30218,17,0
30223,6,7581961
30224,6,0
30240,1,0
30243,1,0
30247,1,0
30257,6,251877163
30266,17,0
30274,17,0
30276,17,141337034
30278,1,0
30282,17,0
30283,17,0
30287,6,92716453
30289,1,0
30290,1,0
30301,1,0
30305,6,92828646
30317,1,0
30326,6,0
30335,17,0
30344,1,0
30349,6,0
30361,1,0
30362,1,0
30364,6,230152763
30365,6,0
30375,6,0
30376,1,0
30389,1,245956172
30390,1,0
30393,1,0
30394,1,0
30403,17,0
30409,1,0
30420,17,53613304
30425,1,0
30433,1,0
30434,17,0
30436,6,0
30437,6,9093602
30440,6,0
30444,1,0
30448,1,232395560
30454,6,0
30469,1,0
30485,6,0
30494,6,0
30497,6,20252546
30504,17,0
30523,1,0
30529,6,0
30539,1,0
30540,6,0
30544,1,0
30548,17,78063441
30552,17,0
30559,17,0
30575,6,0
30589,6,11500121
30590,6,0
30591,1,0
30594,1,0
30602,1,0
30604,1,0
30605,6,11560964
30614,1,201003063
30630,17,0
30635,6,132961106
30639,6,22509754
30642,1,0
30650,1,0
30651,6,3781142
30653,6,0
30655,1,0
30656,6,8401308
30658,6,40781076
30664,17,0
30665,6,275937180
30670,17,0
30679,17,5584100
30680,17,0
30684,6,0
30706,6,0
30709,6,305
30711,6,106675817
30717,1,0
30721,1,0
30722,1,0
30732,1,0
30735,6,9226006
30752,1,0
30762,1,204394063
30774,1,0
30777,17,0
30778,6,9262999
30780,6,0
30784,1,0
30788,1,0
30796,6,7422964
30804,17,0
30810,1,0
30817,17,0
30827,1,0
30828,1,0
30830,17,187381190
30837,6,0
30845,6,226540228
30846,1,160169513
30848,17,0
30849,1,0
30855,1,0
30857,6,0
30877,1,0
30883,17,0
30890,17,0
30891,17,0
30895,6,14194008
30905,1,0
30906,6,39194398
30908,17,0
30917,17,0
30918,17,0
30920,6,0
30925,6,15070991
30926,1,0
30932,6,213739591
30933,1,0
30934,6,51855660
30945,1,0
30947,17,0
30950,6,0
30952,1,0
30960,1,0
30961,1,0
30967,1,0
30970,17,0
30971,6,82357318
30974,1,0
30979,1,0
30980,6,31927470
30981,6,0
30993,6,0
30996,17,0
30997,6,1659902
30998,1,0
31000,17,0
31007,6,0
31011,6,47447384
31022,1,0
31025,1,0
31028,6,0
31034,6,110954427
31035,6,0
31055,6,14193160
31057,1,0
31059,6,239966009
31061,1,0
31069,1,0
31070,1,0
31071,6,37786572
31072,17,0
31073,6,0
31074,17,0
31085,17,0
31086,17,0
31093,6,0
31099,6,270950236
31115,1,0
31122,17,0
31123,17,0
31126,6,50979096
31135,1,0
31154,17,0
31161,17,0
31172,1,0
31175,6,127184204
31178,6,650
31182,1,0
31196,6,18423915
31212,6,0
31225,6,0
31233,6,0
31239,6,169633322
31242,6,2266033
31249,17,0
31252,17,0
31258,6,24184505
31265,1,0
31275,6,54706574
31277,6,9641716
31292,1,0
31296,1,0
31306,1,0
31313,17,0
31315,1,0
31318,6,64372143
31319,1,0
31322,17,0
31324,1,0
31329,1,201083619
31334,1,0
31339,1,0
31342,6,274283055
31352,6,0
31362,6,0
31367,6,0
31375,6,14192304
31387,1,0
31388,17,128471115
31398,6,0
31403,1,0
31404,1,200909601
31422,1,0
31424,6,0
31425,17,0
31427,6,0
31443,17,0
31463,1,0
31476,6,162193805
31481,17,0
31482,6,109884872
31486,6,0
31498,17,0
31499,1,0
31503,1,0
31509,17,151206676
31510,6,0
31511,6,0
31529,1,0
31535,1,0
31550,6,0
31551,1,0
31554,6,175439594
31559,6,216
31568,6,0
31573,1,104110054
31574,6,0
31576,17,0
31577,6,746429
31580,1,0
31581,6,42425499
31585,1,0
31587,1,0
31593,6,0
31594,6,0
31599,17,0
31601,17,0
31605,6,0
31607,1,0
31617,1,0
31625,17,0
31629,6,14240066
31636,17,0
31637,6,1206806
31643,6,10413116
31647,1,0
31649,1,0
31656,17,0
31664,1,0
31668,6,879322
31671,1,0
31674,6,109736217
31679,6,284147725
31680,17,0
31683,6,0
31695,1,0
31704,1,0
31716,6,60760945
31719,17,0
31726,6,0
31729,6,0
31730,6,0
31740,1,0
31744,6,0
31745,17,0
31758,6,0
31760,1,0
31761,6,0
31763,1,0
31765,6,0
31767,6,0
31777,1,0
31778,1,0
31779,1,42164903
31801,1,0
31802,6,111083790
31808,6,29994773
31812,6,0
31821,1,0
31833,6,0
31837,6,0
31839,6,0
31841,6,0
31847,6,24040256
31848,1,0
31856,1,0
31870,6,0
31872,6,20254640
31873,1,0
31874,6,69007136
31881,1,202071363
31884,6,93850290
31885,1,0
31889,17,0
31892,6,0
31899,6,257381151
31917,1,0
31922,17,0
31930,17,0
31935,6,18408132
31949,1,0
31952,17,0
31965,1,0
31976,6,260440294
31983,6,21704493
31985,6,0
31989,6,56672387
31991,1,200992718
31998,6,236221651
31999,6,41195071
32007,6,0
32009,6,276679909
32012,1,0
32015,17,47563724
32027,6,125081901
32031,1,201089861
32039,6,370798
32044,6,0
32046,17,0
32048,1,0
32057,17,0
32059,6,269803623
32062,6,124422929
32068,6,131211396
32081,6,0
32082,1,0
32111,6,267764225
32113,17,0
32114,1,0
32117,17,50394759
32123,6,27045490
32125,1,0
32127,6,59191590
32154,6,118656573
32159,6,0
32164,6,0
32171,1,0
32174,17,0
32186,6,39403516
32187,6,3167503
32199,1,0
32210,6,0
32213,1,0
32223,6,0
32228,1,0
32234,17,0
32248,6,220205346
32256,1,0
32257,6,0
32264,6,96096923
32267,6,0
32268,1,0
32273,1,0
32274,1,126624710
32300,1,17134974
32312,6,103877409
32316,1,0
32317,1,0
32326,1,161585006
32328,17,0
32332,6,176864430
32345,6,23786870
32355,1,0
32357,6,225169867
32364,6,12426
32367,1,184430533
32373,17,0
32374,6,0
32376,17,0
32379,6,0
32380,17,99856138
32381,1,0
32388,6,0
32395,6,23407496
32396,1,0
32408,6,0
32410,1,0
32415,6,0
32419,1,0
32422,17,0
32427,1,0
32429,17,100293467
32436,6,119924593
32439,6,0
32443,1,0
32447,17,0
32463,6,19362054
32464,17,0
32465,6,51033155
32466,1,0
32475,17,56990899
32478,1,0
32481,17,0
32492,1,111541404
32494,1,0
32496,1,0
32503,1,0
32510,17,31727737
32513,6,0
32515,6,44258049
32520,1,0
32524,6,146550836
32531,1,0
32533,1,0
32539,1,0
32542,6,0
32543,6,0
32545,1,0
32549,17,0
32557,1,0
32559,6,21707726
32565,17,0
32570,17,85178092
32571,6,245957751
32572,1,0
32577,17,0
32578,1,0
32582,1,0
32588,17,0
32594,17,1506274
32603,6,13362294
32614,6,4728546
32626,17,0
32666,1,0
32667,17,25206
32671,6,0
32680,17,0
32687,1,0
32691,17,0
32692,1,0
32708,6,31270898
32718,6,0
32732,17,0
32735,1,0
32736,17,0
32746,1,0
32757,6,4360510
32761,6,0
32763,17,0
32764,1,230242276
32766,6,0
32767,1,98275406
32768,1,0
32785,6,4620629
32795,6,0
32811,1,207949403
32821,6,138827355
32831,6,240010000
32834,17,70705167
32841,1,0
32846,6,264418860
32852,6,31902828
32861,1,0
32864,6,11424731
32869,17,1078151
32870,17,0
32875,1,0
32881,6,275757030
32889,1,0
32891,6,13624174
32893,1,0
32898,6,145502593
32912,6,10682953
32917,17,0
32935,17,0
32939,17,0
32946,1,0
32953,1,201338720
32959,6,1230543
32982,1,0
33001,1,0
33002,1,0
33003,17,0
33010,6,16183412
33017,1,0
33018,6,0
33019,6,0
33021,6,0
33023,6,0
33024,1,0
33039,1,0
33044,6,232366691
33049,6,11646164
33059,1,0
33060,17,0
33061,1,0
33070,17,0
33085,1,0
33087,17,0
33088,1,0
33091,6,20478247
33093,6,29472651
33094,6,0
33095,6,0
33096,17,0
33117,17,0
33124,6,11830326
33130,6,10254360
33134,17,201037535
33137,1,0
33140,1,0
33144,17,0
33146,6,0
33153,6,250203540
33155,17,0
33157,17,0
33165,17,271552161
33174,1,0
33197,1,0
33198,6,96954852
33199,1,0
33206,17,0
33212,1,0
33214,6,15397185
33218,1,0
33221,17,0
33232,1,0
33247,6,0
33251,6,0
33269,1,125170
33270,17,0
33272,1,0
33273,6,101474036
33274,6,54017809
33283,1,206749140
33294,17,0
33299,1,0
33302,1,0
33316,6,0
33321,1,0
33338,1,0
33343,17,270458920
33354,17,0
33356,6,351236
33358,1,0
33362,1,0
33374,6,0
33376,1,0
33387,6,0
33400,6,9595353
33402,6,0
33419,6,894
33421,6,109934212
33425,6,278468416
33427,1,0
33428,17,0
33432,6,276050611
33447,1,0
33451,6,0
33455,1,0
33460,1,0
33461,17,0
33478,17,0
33493,17,0
33496,6,170108686
33505,17,267434909
33507,6,198979389
33513,6,285437485
33529,17,36006289
33530,1,0
33539,1,0
33540,6,0
33560,1,0
33562,6,0
33566,1,0
33570,1,0
33573,1,0
33574,17,87581694
33580,1,0
33581,6,0
33584,6,0
33588,6,0
33589,6,0
33594,6,0
33604,1,0
33614,6,187115043
33616,6,11738105
33626,17,0
33629,6,0
33638,1,0
33647,17,0
33657,6,15501785
33658,17,0
33665,17,0
33668,1,0
33678,6,121555530
33684,1,189216660
33694,1,0
33696,6,37112074
33713,6,0
33714,1,0
33715,17,0
33716,1,0
33723,6,12404405
33726,1,236594385
33727,6,0
33731,17,0
33737,1,0
33741,1,217561486
33747,1,0
33751,17,0
33755,6,0
33760,17,0
33764,17,0
33765,6,0
33774,6,239260843
33779,1,0
33781,6,177939164
33782,1,0
33783,1,0
33788,6,37853889
33793,17,0
33795,17,0
33807,17,0
33810,1,65586908
33828,1,201061493
33835,1,181125854
33845,6,1333862
33850,6,0
33852,1,0
33854,17,65346076
33855,1,0
33860,17,157142783
33867,6,0
33880,1,0
33881,6,18178599
33882,6,14972285
33883,1,0
33891,1,38013581
33895,6,12511532
33896,1,0
33912,1,49746167
33914,6,0
33918,6,38643144
33927,1,0
33937,17,0
33942,6,187320674
33943,17,59245353
33948,1,0
33949,1,201071092
33951,17,0
33956,1,0
33970,1,200931909
33975,6,0
33977,6,104272158
33978,6,0
33981,1,0
33983,6,0
33984,17,0
33985,1,0
33994,1,200980930
33995,6,36855257
33998,6,0
34003,6,13616127
34005,17,0
34009,6,0
34012,6,76016043
34017,6,278408864
34019,17,0
34023,1,0
34040,6,211
34042,1,0
34043,17,0
34051,17,0
34052,17,0
34055,6,0
34058,1,0
34061,1,0
34063,1,0
34065,6,3812039
34074,17,0
34081,17,0
34086,6,399602
34090,1,99439250
34094,6,0
34097,1,0
34102,6,10700802
34108,6,90094496
34109,1,0
34113,17,0
34121,6,0
34123,1,0
34127,6,27186217
34132,17,0
34134,1,0
34135,1,0
34146,1,0
34147,6,163221788
34153,17,0
34154,1,0
34164,17,254483553
34165,6,78840985
34170,6,32451219
34181,6,0
34186,6,31880506
34199,1,0
34205,1,0
34211,6,0
34214,1,201133241
34220,1,0
34231,17,0
34238,6,0
34250,6,0
34252,6,54902687
34257,6,272675245
34268,6,0
34270,6,0
34271,1,200983928
34274,6,0
34278,1,0
34286,6,0
34289,6,48054618
34305,6,1011720
34312,6,0
34313,1,0
34321,17,0
34323,1,0
34326,1,0
34328,6,98330009
34331,1,0
34333,1,0
34334,1,0
34335,17,0
34337,6,0
34339,6,7542481
34342,6,1459781
34343,6,1392592
34344,1,206543126
34345,17,0
34348,17,0
34350,6,0
34353,1,87798559
34362,6,0
34364,17,269539805
34365,6,0
34381,1,202329814
34383,1,0
34388,1,0
34390,1,0
34391,6,0
34394,6,269817226
34395,6,286153921
34400,17,0
34401,1,0
34402,6,7567116
34403,1,0
34405,1,0
34409,6,0
34419,6,5637848
34420,17,0
34428,1,39924804
34432,17,0
34441,6,0
34443,6,0
34455,17,0
34468,17,93072707
34471,17,0
34490,6,32179248
34491,1,0
34502,6,29377432
34503,1,0
34505,6,84219612
34509,6,0
34513,1,0
34516,6,0
34521,17,142478
34526,1,0
34527,1,201009563
34532,1,100600366
34534,17,0
34544,1,0
34549,1,0
34554,6,0
34563,6,0
34573,6,0
34577,17,0
34579,17,0
34586,17,0
34592,17,0
34593,6,10172444
34599,17,0
34601,6,0
34608,6,0
34613,6,151067
34620,6,258313895
34626,6,0
34628,6,0
34632,6,89038885
34634,17,0
34656,1,0
34657,1,0
34662,6,59571337
34666,1,0
34670,6,236
34675,17,0
34681,6,114244316
34691,6,50994974
34693,1,0
34699,1,0
34700,1,0
34701,6,0
34703,17,16541689
34705,6,2664512
34711,17,5108922
34715,6,27137735
34733,6,15351865
34748,17,235000133
34750,17,246424133
34752,6,0
34755,1,765765
34761,17,0
34766,6,0
34767,1,0
34769,6,50999797
34782,6,0
34789,6,34273089
34793,17,0
34794,17,0
34796,17,0
34797,17,0
34801,1,0
34808,1,201067179
34818,1,0
34820,6,233984688
34824,17,0
34827,1,0
34830,6,150707897
34832,6,91401540
34835,17,125401
34838,1,0
34847,6,8449965
34849,6,3254926
34852,6,44629901
34853,6,253112757
34857,6,77477893
34860,17,28099802
34862,1,0
34868,17,0
34871,1,0
34875,17,0
34879,17,0
34883,6,139963124
34890,6,270120366
34894,6,275764624
34903,6,203543694
34907,6,19607407
34909,6,35285975
34913,6,0
34928,1,0
34938,6,0
34947,6,155432562
34954,6,0
34961,6,2714396
34974,1,0
34983,1,0
34986,1,0
34995,1,0
35000,1,0
35001,6,0
35013,6,2358527
35018,1,232590085
35019,6,13235955
35024,1,0
35026,6,8241000
35028,1,0
35035,1,0
35051,6,167971781
35058,6,29482704
35062,1,0
35063,1,0
35066,6,0
35073,1,0
35074,6,0
35082,1,0
35084,1,0
35085,17,0
35093,6,115406540
35095,6,203005468
35096,1,0
35098,6,162756946
35102,1,0
35130,6,0
35154,17,0
35169,6,10041635
35172,6,280099771
35173,1,0
35184,1,0
35193,1,0
35199,1,0
35202,6,0
35203,6,1594270
35211,6,0
35212,6,60201234
35213,1,0
35225,17,0
35230,6,0
35232,17,0
35236,6,0
35238,1,0
35245,1,0
35260,1,0
35268,1,0
35269,6,0
35272,1,0
35274,6,80238378
35280,1,0
35284,6,0
35289,1,0
35296,6,60252779
35307,6,0
35316,6,0
35317,1,58533243
35318,1,201261945
35321,1,0
35327,47,215520692
35345,6,2998068
35346,1,0
35347,1,0
35351,6,0
35357,1,200935245
35364,6,0
35367,1,200947005
35384,6,0
35386,6,0
35390,6,0
35398,6,156133734
35402,6,0
35403,6,0
35404,6,39131122
35408,1,0
35410,1,0
35421,6,10806475
35428,6,1483560
35429,1,0
35432,6,29699060
35438,1,0
35449,6,114639576
35454,1,0
35466,1,0
35467,6,11332577
35471,1,0
35472,6,209084819
35489,6,3662098
35495,6,0
35496,1,0
35498,6,0
35501,1,0
35507,17,0
35510,6,0
35511,1,880523
35520,1,0
35533,6,0
35534,17,0
35536,17,0
35539,1,0
35541,6,232328655
35551,6,0
35566,6,28495030
35574,17,0
35575,17,0
35583,6,0
35584,6,0
35595,6,0
35598,6,25780324
35608,6,8435812
35617,1,0
35620,6,0
35626,17,0
35627,1,0
35634,1,0
35637,6,38153149
35639,17,0
35646,1,0
35652,6,0
35653,6,0
35655,17,200972000
35658,6,0
35659,6,27962648
35664,6,0
35665,1,0
35672,6,19654183
35673,1,0
35677,1,0
35687,1,0
35689,1,0
35691,17,200974244
35695,6,19990105
35702,1,0
35703,1,0
35705,1,0
35706,6,166798852
35707,6,227105358
35722,1,0
35735,6,202036715
35740,1,21295146
35741,6,108500207
35745,17,0
35751,6,0
35752,1,0
35764,1,0
35765,6,0
35781,17,0
35784,1,0
35794,6,0
35795,6,0
35804,6,170808550
35809,6,3798377
35814,6,102
35821,17,0
35828,1,0
35829,1,0
35835,17,0
35836,6,30374890
35837,17,0
35840,6,0
35842,6,0
35856,17,0
35864,1,200947569
35865,6,27707170
35874,1,66090799
35876,6,28690034
35877,1,0
35884,6,131141995
35895,1,0
35898,6,0
35900,6,0
35902,6,157037155
35903,6,114186182
35904,1,0
35911,17,0
35919,6,19529964
35928,6,0
35929,1,0
35936,1,0
35937,1,0
35947,6,0
35951,6,0
35956,6,109068297
35964,1,0
35966,6,42692520
35975,6,0
35982,6,25767025
35989,6,0
35992,1,0
36006,1,0
36012,6,206283613
36022,17,0
36031,6,19740993
36033,6,43513149
36034,6,137081870
36047,1,0
36049,6,14168365
36052,6,150059641
36059,6,145228615
36064,1,0
36065,17,0
36069,6,0
36071,6,17729373
36072,1,0
36083,17,0
36086,6,10460626
36087,1,0
36095,6,46237008
36104,6,141656410
36105,17,170423037
36112,6,51130484
36114,6,96375741
36116,1,0
36118,6,1041409
36120,1,170788413
36128,6,24534
36129,6,11087786
36133,1,0
36135,6,0
36142,6,54899671
36149,1,0
36151,17,0
36156,1,0
36163,1,200795356
36164,1,0
36168,1,0
36172,6,272058772
36185,1,0
36186,6,9812386
36197,6,274720406
36198,6,73454661
36206,6,25781641
36220,1,0
36231,6,29326131
36241,1,201122463
36262,1,0
36264,6,0
36266,1,0
36267,1,201049843
36280,1,0
36296,6,194511698
36299,1,0
36319,1,0
36320,1,0
36326,6,0
36330,6,163178249
36334,1,200102448
36350,6,0
36361,1,0
36362,1,0
36371,1,0
36374,1,192250391
36385,1,200991893
36386,1,0
36393,1,0
36394,6,202393968
36409,1,233548554
36414,1,0
36421,6,6297750
36425,17,119045970
36439,6,136643293
36443,1,0
36444,1,215576602
36449,1,0
36450,1,0
36451,1,0
36452,6,0
36460,17,0
36462,6,208649934
36474,6,0
36475,6,227040758
36478,6,49452246
36487,6,253321233
36493,1,0
36497,6,112679
36498,1,0
36499,17,0
36504,1,203879967
36513,17,0
36523,17,0
36524,6,147559083
36531,1,0
36543,17,0
36546,17,451976
36551,6,42009607
36559,1,0
36567,6,0
36568,1,172093004
36569,1,0
36570,17,0
36577,17,55986489
36578,6,711
36582,17,0
36583,6,0
36584,1,0
36589,17,0
36593,1,200159862
36598,17,0
36602,1,0
36607,6,222803122
36610,6,5268309
36611,6,0
36612,17,0
36613,6,0
36618,6,239714702
36620,6,0
36623,1,0
36625,6,157204879
36633,17,0
36645,6,0
36662,6,10940434
36665,6,0
36666,6,0
36676,1,0
36691,6,53894531
36702,1,0
36703,6,0
36704,17,0
36720,1,41440027
36725,1,0
36730,17,0
36740,6,0
36761,1,0
36762,6,95854490
36763,1,9530544
36764,6,207808493
36767,6,24295969
36769,6,9070414
36773,17,0
36779,6,0
36781,6,6442302
36786,6,0
36810,6,113157516
36827,6,0
36834,17,0
36841,1,0
36845,6,0
36852,6,0
36853,6,184296834
36857,17,0
36863,1,0
36867,6,231063145
36869,6,146049287
36870,17,0
36874,1,0
36892,6,41194593
36893,6,0
36894,17,391
36898,6,202379258
36901,1,0
36903,17,1459974
36915,1,0
36918,1,0
36927,17,0
36935,17,0
36937,1,0
36954,17,0
36959,6,0
36960,6,13630968
36963,6,0
36965,1,0
36971,6,0
36973,6,106969656
36983,1,0
36986,1,0
36990,6,0
36991,17,0
36994,1,0
36998,6,5776770
36999,6,0
37003,6,86354
37009,6,0
37016,6,675851
37018,1,0
37020,1,160422103
37024,6,0
37027,6,17250570
37036,17,264499178
37039,1,0
37045,6,0
37052,6,37024571
37056,6,0
37057,1,0
37062,1,200870934
37063,6,49373534
37064,1,0
37070,6,0
37077,6,65421617
37080,17,0
37085,6,0
37090,6,0
37109,6,1380585
37115,6,0
37121,1,0
37125,1,0
37127,1,0
37140,6,0
37141,6,0
37147,6,265128163
37154,6,7288793
37160,17,0
37161,17,0
37162,6,126389498
37171,6,180510323
37175,6,0
37181,1,0
37187,6,11602884
37188,1,0
37189,6,0
37196,17,226504245
37198,1,40948852
37202,6,251912576
37205,6,177839441
37208,1,201102041
37213,17,87934450
37217,1,200949998
37218,6,6133549
37222,6,0
37226,1,0
37230,6,0
37235,1,0
37242,1,0
37274,6,249325926
37280,6,263125745
37281,1,0
37288,6,0
37314,1,0
37325,1,0
37341,1,0
37343,17,0
37349,17,0
37353,1,0
37358,1,0
37360,1,0
37363,17,52656892
37371,6,0
37378,1,31474834
37379,6,134202428
37394,1,0
37397,6,0
37398,6,0
37400,1,0
37402,6,3264860
37409,6,111858015
37424,6,19712685
37435,6,0
37436,1,0
37437,6,18750795
37443,6,0
37453,6,0
37455,1,0
37459,1,0
37468,6,0
37470,1,0
37475,6,20627643
37481,6,0
37483,1,0
37484,6,0
37486,6,700
37492,1,199072481
37494,6,95931374
37496,6,878738
37498,6,11737
37502,6,0
37506,6,21760904
37508,1,0
37517,17,0
37518,6,27419021
37519,17,0
37522,6,0
37529,6,173245188
37535,17,0
37539,1,0
37541,6,71491717
37555,6,0
37559,6,0
37570,6,10682706
37575,1,0
37578,1,267889048
37583,6,201536388
37587,17,0
37588,1,4313344
37589,1,200972794
37590,6,0
37592,17,0
37593,17,0
37598,1,139127013
37599,6,157668175
37613,1,0
37616,6,0
37617,6,0
37618,6,11685717
37621,6,148258949
37627,1,0
37628,1,0
37629,6,0
37641,1,0
37643,6,10399984
37648,6,33796661
37659,1,0
37662,17,0
37667,17,1606582
37668,6,0
37672,1,4873845
37674,17,0
37677,17,0
37679,17,0
37685,17,0
37695,6,19237532
37697,6,0
37701,6,21616960
37718,6,0
37720,6,220786108
37722,17,0
37724,1,202411028
37730,17,175589872
37731,1,0
37735,17,0
37742,6,25429247
37743,6,0
37749,17,0
37756,6,35021511
37760,6,0
37762,1,0
37763,6,157909716
37765,1,60742004
37769,6,107050366
37771,17,0
37773,1,0
37775,17,0
37777,6,2875075
37778,1,0
37784,6,0
37785,1,201002242
37795,1,0
37799,6,18895634
37805,6,0
37813,6,0
37815,6,286166318
37817,17,0
37826,1,0
37827,1,0
37834,6,309
37839,1,0
37843,6,99273602
37844,1,0
37846,1,0
37848,6,0
37853,1,205137763
37856,6,26767865
37857,1,0
37861,6,16990741
37871,6,0
37877,1,0
37891,6,7586133
37899,1,0
37905,6,3239412
37908,6,0
37910,6,0
37911,1,160752713
37918,6,26276599
37934,6,213520335
37941,1,0
37951,1,0
37953,17,0
37954,1,20145554
37957,1,0
37958,6,0
37970,6,0
37976,1,0
37978,17,0
37979,1,0
37985,6,14139544
37989,17,0
37991,6,24632
37993,6,0
37998,17,0
38004,6,0
38016,1,0
38018,6,515596
38024,17,0
38027,1,0
38030,6,0
38032,6,0
38033,6,14965530
38034,17,0
38037,6,0
38041,1,0
38043,6,81039679
38051,6,202507246
38054,6,0
38067,1,0
38070,1,0
38079,6,0
38089,1,0
38101,6,0
38107,1,0
38110,6,129682055
38114,1,0
38122,6,2935570
38126,6,214711196
38131,6,0
38138,1,0
38141,6,88585554
38158,6,27421206
38163,6,7557872
38164,1,0
38173,1,0
38175,1,0
38181,6,105908145
38184,1,0
38186,1,0
38198,17,0
38201,6,0
38202,1,0
38218,6,116932287
38227,6,0
38239,1,0
38240,1,0
38245,6,272251443
38254,6,211430903
38269,1,0
38274,6,0
38277,1,0
38289,6,0
38296,1,200999097
38298,1,0
38299,6,282467056
38300,1,0
38309,6,0
38317,1,0
38320,6,0
38329,17,51810416
38331,6,0
38335,1,0
38349,6,0
38353,6,0
38360,1,0
38363,1,41624858
38371,6,169365848
38372,6,54979510
38383,6,178468882
38385,1,0
38391,1,0
38407,6,0
38421,1,0
38424,17,0
38432,6,0
38444,6,67207383
38446,1,0
38466,1,0
38468,17,0
38469,6,53900660
38472,6,217087375
38473,17,0
38478,6,0
38479,6,0
38481,6,0
38483,1,0
38484,17,6236204
38487,6,189452611
38495,1,38860288
38496,17,0
38514,6,0
38517,17,0
38520,1,0
38524,6,0
38527,6,0
38540,17,125438843
38545,6,3906552
38550,1,0
38552,6,0
38555,17,0
38594,1,0
38598,17,0
38602,6,186011293
38606,17,0
38611,1,0
38612,6,43524629
38621,17,201024260
38644,17,0
38653,6,0
38662,1,0
38674,6,0
38684,17,175120036
38702,1,0
38705,1,0
38707,6,11476504
38713,1,224315441
38719,1,45623467
38720,6,0
38724,6,163439055
38730,17,0
38732,6,0
38742,1,0
38745,6,7151166
38748,17,0
38749,1,0
38752,1,101101694
38763,1,0
38764,1,0
38768,1,0
38774,1,0
38777,6,0
38778,6,105085250
38784,6,142001472
38788,6,0
38794,6,27887526
38797,6,0
38798,1,0
38800,6,3934257
38801,6,0
38805,6,26734089
38812,6,0
38817,1,201086302
38840,1,0
38845,1,0
38850,6,62684731
38852,6,64473343
38860,6,61405199
38868,6,0
38872,6,274
38875,6,135256658
38877,17,0
38883,6,28486103
38887,1,0
38893,17,19746070
38894,6,0
38895,1,0
38901,1,202874903
38904,17,0
38908,17,0
38914,1,112039215
38915,1,0
38918,17,90799813
38919,1,82324675
38921,17,81180384
38926,17,0
38930,6,0
38932,1,0
38938,1,0
38941,1,0
38942,6,0
38952,1,0
38958,6,21866379
38959,1,0
38969,6,0
38971,6,5280580
38975,6,0
38981,1,0
38986,6,0
38991,1,0
38992,6,8097720
38993,1,98099177
38994,6,0
38997,1,0
39002,6,0
39004,6,203813525
39005,1,0
39009,6,80357792
39014,1,201060529
39024,6,276665981
39025,17,0
39046,1,200897740
39053,17,0
39054,17,0
39055,17,0
39067,47,287606662
39069,17,0
39073,17,0
39074,17,0
39080,6,276874688
39082,6,0
39083,6,1319804
39084,6,0
39085,6,0
39090,1,203698782
39092,1,0
39095,1,0
39098,6,152404387
39103,6,1360037
39104,6,790776
39105,6,0
39107,6,0
39114,6,255410205
39127,6,0
39134,6,0
39148,1,0
39149,1,0
39157,6,0
39166,1,0
39167,6,0
39168,17,81391577
39171,1,0
39174,1,0
39186,1,0
39189,6,87223620
39192,1,0
39194,1,0
39196,17,174588633
39200,6,0
39204,1,25632748
39206,6,5511622
39214,6,0
39230,1,0
39235,6,0
39236,17,170123461
39238,6,137018362
39243,1,0
39250,1,0
39256,1,30994501
39268,17,0
39269,1,0
39275,6,23846487
39279,6,0
39283,6,0
39285,6,216574520
39286,6,853557
39296,17,0
39297,17,58998862
39303,17,0
39307,17,0
39309,6,0
39313,6,21998850
39320,1,0
39322,1,0
39323,1,0
39327,6,0
39328,17,0
39329,1,0
39330,1,0
39334,17,281842189
39335,17,0
39342,6,233658428
39343,1,0
39344,6,2377823
39371,1,0
39374,6,21866876
39378,1,0
39381,6,0
39391,1,0
39393,6,16288727
39394,6,10242657
39398,17,0
39404,1,0
39409,1,0
39411,1,0
39413,6,25172367
39425,6,0
39432,17,0
39434,1,0
39436,6,0
39454,1,0
39456,6,12325921
39458,6,225661100
39478,6,0
39487,6,0
39489,6,183759232
39498,6,21668857
39509,17,0
39517,17,0
39518,6,196398836
39546,6,214034520
39550,6,8476084
39552,6,0
39553,1,49504883
39555,6,171545984
39556,1,0
39557,1,0
39558,1,0
39559,1,0
39576,6,15280696
39584,17,0
39605,1,201045352
39607,1,0
39615,6,155361017
39631,6,0
39632,1,0
39635,1,112370230
39636,1,0
39637,6,166193566
39641,6,34794764
39646,17,0
39650,1,0
39653,6,0
39654,6,4179322
39660,1,0
39665,6,0
39676,6,0
39693,1,0
39700,17,0
39701,6,7136442
39710,17,0
39712,6,141398242
39714,6,16167191
39729,6,9133601
39732,6,0
39736,17,0
39750,6,383
39752,1,0
39753,1,0
39757,6,0
39762,1,66735142
39769,6,148271750
39771,6,11234383
39778,1,0
39780,1,0
39782,6,276177551
39787,17,0
39804,17,0
39806,1,129201265
39808,17,0
39819,1,0
39830,17,0
39843,1,0
39846,6,802
39850,17,0
39882,6,859
39887,1,0
39891,1,0
39898,1,0
39910,1,0
39911,6,0
39918,6,23029300
39935,6,0
39940,6,13754
39955,1,0
39977,1,0
39985,1,0
39997,1,0
39999,1,0
40001,6,0
40002,6,757729
40004,1,0
40010,6,5446483
40015,17,0
40017,6,0
40019,17,85316345
40023,6,17491002
40025,1,0
40029,17,0
40031,6,206613935
40040,1,0
40052,1,0
40053,1,0
40056,17,223492000
40057,6,0
40058,1,0
40059,6,0
40063,6,88272888
40064,1,0
40066,1,0
40067,6,0
40090,17,0
40097,1,0
40100,17,213042984
40104,6,52190648
40107,1,200885999
40115,6,24605907
40116,1,0
40127,17,226101012
40132,6,4748195
40135,1,0
40139,6,66436394
40150,6,0
40157,1,0
40158,17,0
40171,1,0
40175,6,0
40179,6,8429127
40187,6,0
40190,1,0
40192,6,0
40201,6,53821101
40202,1,0
40209,1,0
40211,17,0
40212,6,0
40219,6,0
40221,1,39964704
40224,1,0
40235,1,0
40247,1,0
40253,6,121665686
40254,1,0
40255,6,0
40256,1,0
40257,1,0
40267,6,0
40269,6,252715899
40277,17,0
40278,6,0
40293,6,651725
40305,1,109474687
40313,1,0
40326,1,238635944
40333,1,0
40334,6,21868397
40335,1,0
40340,1,0
40346,1,0
40362,6,96557317
40367,1,0
40370,1,0
40377,1,0
40382,6,4175979
40392,1,0
40396,6,0
40400,1,0
40409,1,0
40418,6,260842372
40426,1,0
40432,6,0
40441,6,84470120
40442,6,171924013
40443,6,226813722
40444,1,312839
40446,6,13195838
40448,1,0
40457,1,0
40462,6,0
40474,6,33246511
40475,6,107504031
40477,17,0
40486,6,0
40490,6,0
40496,6,0
40501,1,191795360
40503,6,54369619
40514,6,7344083
40522,1,100554436
40524,1,0
40525,17,0
40526,6,21868206
40530,17,271190649
40542,17,0
40543,17,0
40544,1,0
40547,6,13261796
40551,1,0
40557,6,0
40560,17,0
40563,17,0
40565,17,0
40567,1,0
40568,1,72671254
40572,6,15368953
40575,6,182164928
40579,6,13042
40599,6,0
40603,1,150947801
40613,1,0
40618,1,0
40620,6,0
40628,17,0
40642,6,803924
40647,6,52209976
40648,6,272831407
40661,6,60513730
40663,1,18591367
40667,1,202489847
40682,6,58321694
40687,1,0
40699,6,0
40702,1,0
40703,6,0
40706,17,195400694
40733,6,159931887
40734,1,201054800
40736,6,0
40744,6,0
40754,1,0
40760,1,0
40762,6,0
40766,17,0
40772,6,100514124
40773,17,0
40774,17,0
40783,1,0
40790,6,0
40793,1,0
40803,17,0
40809,17,0
40810,6,12597547
40811,6,220293876
40821,1,0
40834,6,1032930
40835,6,95678267
40837,6,0
40838,1,0
40843,1,200913531
40844,6,47128152
40850,1,0
40859,17,0
40862,1,0
40875,17,0
40876,6,98674007
40878,6,21866433
40882,6,20674826
40894,17,0
40895,6,0
40901,17,0
40903,17,0
40904,6,0
40906,1,0
40912,1,0
40915,17,0
40920,6,278559261
40921,6,51880885
40927,6,35441378
40933,1,0
40934,6,91915521
40937,1,0
40942,1,0
40953,6,101622687
40958,1,0
40961,6,0
40962,1,751934
40969,6,10707755
40973,17,0
40974,1,0
40977,6,0
40981,1,18771030
40989,1,88432175
40994,6,139952461
41004,1,0
41007,1,159936011
41019,6,96611120
41028,17,0
41037,6,18782089
41051,1,201049084
41055,1,0
41062,1,0
41067,1,0
41070,6,14192965
41082,6,0
41090,6,60772733
41096,17,0
41099,6,258078875
41100,17,0
41103,6,77753410
41114,1,0
41126,6,130528101
41141,1,0
41145,6,92504352
41148,6,0
41150,1,0
41154,17,0
41157,6,50641064
41159,1,0
41173,6,11313007
41174,1,0
41182,17,180580230
41184,6,0
41193,6,180127050
41200,1,0
41209,6,12506127
41210,1,0
41212,6,0
41217,1,0
41231,1,0
41235,6,0
41237,1,0
41241,17,0
41247,1,0
41252,1,0
41255,6,245361065
41259,6,111310559
41262,6,35975670
41263,6,3287772
41267,17,0
41271,6,997
41274,6,40331723
41275,6,111125704
41276,17,0
41279,6,0
41283,1,0
41284,6,167913033
41287,17,0
41289,6,0
41292,6,227156586
41294,1,0
41317,6,2546859
41327,6,114504073
41340,1,100657297
41341,17,0
41343,6,0
41345,17,0
41348,6,0
41350,1,0
41358,6,14192462
41365,6,11400755
41370,1,0
41382,17,0
41389,17,229731783
41405,6,828
41420,1,0
41427,1,251313978
41428,6,63022274
41434,1,0
41458,6,130092929
41464,17,0
41467,6,40440163
41471,6,157439005
41473,1,0
41476,1,0
41490,6,166929076
41492,6,0
41494,6,0
41497,17,0
41507,1,0
41510,6,42087232
41518,1,0
41523,1,0
41528,6,0
41532,6,112133718
41533,17,0
41550,1,26108271
41552,6,0
41555,6,0
41568,1,0
41569,1,0
41586,1,0
41590,17,2935107
41591,6,1715879
41596,1,0
41597,1,207
41600,6,250808688
41607,6,46505302
41636,1,54361320
41637,1,0
41644,6,0
41673,1,0
41676,1,0
41682,6,0
41686,17,0
41696,6,13779288
41700,17,0
41706,17,0
41714,17,0
41716,1,200994122
41718,17,0
41722,6,0
41727,6,0
41736,1,0
41740,1,99466018
41743,1,130147794
41749,1,0
41752,6,0
41753,1,0
41754,6,0
41760,1,0
41779,6,0
41789,6,135430533
41792,17,0
41794,6,137020208
41796,1,0
41801,1,0
41803,6,256795712
41815,1,0
41816,1,0
41826,1,0
41827,1,0
41830,6,14532907
41831,6,0
41833,1,0
41841,1,0
41848,17,0
41863,6,0
41885,17,0
41891,17,8535408
41896,6,108751439
41903,6,5909742
41909,6,0
41910,1,191101049
41913,1,0
41923,1,0
41932,6,0
41933,1,0
41939,6,32189016
41941,1,0
41950,6,51881378
41953,6,22381025
41954,6,0
41956,6,46888399
41961,17,0
41962,17,0
41967,17,0
41972,17,0
41974,6,142088444
41979,6,16341572
41984,6,0
41991,1,0
41992,1,0
42008,6,50677345
42030,6,13114887
42036,6,43002745
42039,6,120550880
42045,6,50325847
42047,6,0
42053,1,0
42055,1,135489762
42056,6,10351459
42065,6,12310196
42066,17,0
42069,17,0
42080,1,0
42088,17,0
42097,1,3474843
42101,6,0
42105,17,0
42109,17,0
42117,6,62449997
42118,1,201098769
42124,1,0
42129,1,0
42131,6,0
42132,1,200985432
42134,1,0
42135,6,0
42141,17,0
42145,6,13762894
42155,6,175624270
42168,1,0
42173,1,0
42178,6,182072120
42181,6,0
42185,1,0
42195,6,35053265
42202,1,0
42207,1,0
42210,17,0
42217,6,0
42221,6,0
42224,6,0
42226,6,30194989
42239,1,0
42246,6,4449926
42250,1,0
42256,6,0
42260,6,19099800
42274,1,0
42286,6,0
42291,17,0
42293,1,150624890
42294,6,0
42299,17,0
42301,1,0
42302,6,0
42305,6,15325845
42309,1,0
42314,6,32203626
42317,1,0
42318,17,0
42328,6,254819021
42333,1,0
42335,17,0
42340,1,0
42351,1,98745765
42353,1,0
42367,6,0
42369,6,44643355
42370,6,0
42375,6,0
42386,1,0
42402,1,100505822
42406,6,35822188
42417,1,200994189
42425,17,0
42436,6,167803128
42438,6,68981799
42444,6,251825094
42446,6,14194806
42452,6,30914354
42453,1,0
42456,17,0
42458,1,0
42464,1,0
42474,1,0
42476,6,163386652
42484,1,0
42486,1,0
42487,17,0
42490,17,0
42494,1,0
42498,17,0
42499,17,0
42500,6,138807588
42501,1,262316167
42504,1,0
42510,6,14194782
42518,6,40362161
42519,6,0
42520,17,0
42528,6,0
42537,17,0
42553,6,0
42559,17,0
42562,17,0
42564,6,174867116
42569,6,0
42579,6,36621384
42580,6,0
42581,1,0
42584,17,0
42589,17,0
42595,1,0
42597,1,99754177
42616,6,0
42618,17,133868341
42624,1,0
42625,1,0
42631,6,0
42639,6,65042614
42647,17,0
42654,6,41438995
42671,6,0
42675,6,0
42676,17,0
42683,6,108289722
42687,1,0
42695,17,0
42700,17,0
42702,1,0
42704,17,200927114
42705,17,10245117
42706,1,0
42712,6,0
42716,1,0
42720,1,0
42725,6,0
42726,6,26566007
42736,1,0
42749,17,90506209
42761,1,0
42762,6,0
42771,6,23311043
42776,17,0
42783,1,0
42785,6,56306472
42786,6,1206382
42787,1,0
42789,17,0
42792,17,0
42797,1,0
42800,6,0
42803,17,0
42805,1,0
42806,1,0
42807,1,0
42810,6,0
42813,6,0
42814,6,33413627
42820,6,145218641
42822,1,0
42827,17,0
42838,6,0
42839,1,0
42848,1,0
42851,17,0
42858,17,0
42862,1,0
42871,1,0
42873,1,0
42874,17,0
42875,1,0
42876,6,0
42886,6,9166104
42892,1,0
42896,6,25385
42899,6,145397159
42901,6,46101840
42905,6,183951806
42928,6,267784758
42939,6,16809303
42940,1,0
42944,6,0
42948,6,221551792
42956,17,0
42961,6,0
42963,6,99798246
42974,1,211576106
42975,6,38460115
42988,1,0
42990,6,14205729
42991,1,40047805
42998,17,0
43000,17,0
43002,6,0
43003,6,0
43006,6,529764
43007,6,0
43009,1,0
43013,1,0
43014,17,188095485
43019,6,0
43024,1,0
43029,6,7241182
43038,1,0
43040,1,0
43041,6,150295452
43056,17,22391397
43058,1,0
43063,1,0
43064,6,9501463
43082,1,201049371
43083,6,0
43089,6,21824334
43092,1,0
43096,17,0
43099,6,14534965
43104,1,0
43109,6,62905085
43121,1,0
43131,1,0
43135,1,0
43150,1,0
43151,6,0
43163,1,37005502
43164,17,0
43167,17,0
43173,1,0
43176,17,0
43182,17,0
43185,17,101924016
43203,1,0
43204,17,0
43205,17,0
43222,17,0
43231,1,0
43234,6,0
43240,6,45120923
43245,17,114010634
43246,6,18260361
43256,1,0
43259,6,108834576
43261,1,0
43264,17,0
43278,6,18261377
43285,1,201071204
43293,6,303
43304,1,0
43330,1,0
43332,17,0
43336,1,0
43354,1,0
43361,1,0
43363,1,0
43364,6,0
43365,17,0
43368,6,0
43373,17,130224282
43376,17,0
43381,1,139774418
43386,6,0
43389,1,0
43398,6,0
43412,1,0
43422,6,211696908
43442,6,0
43443,6,0
43444,1,0
43445,6,118963460
43473,1,0
43475,6,0
43478,17,614
43485,1,0
43492,1,199998663
43493,1,0
43495,17,200999216
43499,1,0
43501,1,0
43506,6,0
43511,6,69961005
43518,6,0
43520,1,0
43521,6,89340
43533,17,0
43534,6,62794148
43545,6,0
43557,1,0
43559,1,0
43568,1,0
43569,1,0
43583,1,0
43584,1,0
43603,6,0
43608,1,0
43611,17,86049299
43612,1,0
43613,6,0
43616,6,184431130
43623,6,0
43631,6,0
43636,6,0
43638,1,134960725
43639,1,0
43643,6,109589816
43649,6,165959910
43651,6,63377279
43653,1,0
43665,6,74157006
43668,6,12054273
43678,6,0
43684,6,25077656
43685,6,283784283
43688,1,0
43696,1,0
43698,1,0
43710,1,0
43726,6,14204603
43727,1,0
43740,6,0
43743,6,0
43747,1,0
43755,17,0
43756,1,0
43768,6,0
43769,6,0
43787,6,17265179
43795,6,0
43812,1,0
43818,1,0
43839,6,0
43841,17,0
43844,1,0
43857,17,0
43864,6,0
43865,1,0
43878,17,134792854
43886,6,79520617
43887,1,0
43891,1,0
43901,6,0
43905,6,38469520
43909,1,200906895
43934,6,17157712
43945,1,0
43947,6,0
43957,6,278870987
43961,1,0
43962,6,196983838
43969,1,0
43971,17,167737315
43972,6,101721302
43983,1,0
43986,6,0
43987,6,0
43991,6,273793574
44008,6,50253493
44011,17,0
44013,6,0
44026,17,0
44027,6,38403948
44036,6,52169399
44040,6,10270886
44042,17,91357998
44047,1,0
44050,6,0
44058,1,0
44059,6,0
44066,1,0
44072,6,64716230
44073,6,68548542
44076,1,202501569
44080,1,0
44084,6,31701412
44085,1,0
44086,17,0
44095,17,0
44100,1,0
44103,6,0
44130,1,119327995
44154,6,0
44155,6,1573184
44157,1,0
44172,6,64265176
44174,6,0
44182,1,0
44185,17,0
44197,6,0
44199,17,0
44200,17,0
44201,17,0
44205,6,0
44210,6,0
44214,6,1052246
44217,6,82572558
44219,17,0
44220,17,0
44222,1,0
44223,1,0
44226,6,0
44228,6,32669071
44231,6,13086456
44252,1,0
44258,1,0
44264,6,181430314
44271,1,0
44275,1,0
44276,6,0
44278,6,0
44295,1,0
44309,6,0
44322,1,60258569
44324,1,0
44327,6,18861800
44330,17,0
44334,6,0
44339,6,47089611
44342,17,71762026
44343,1,0
44347,6,0
44366,6,18281875
44373,6,12603
44375,17,0
44376,1,0
44381,17,0
44393,6,0
44403,6,0
44413,17,0
44414,6,178928792
44419,1,0
44424,6,0
44427,6,9824666
44432,6,0
44435,17,0
44467,1,160719411
44509,6,14914170
44510,6,242708424
44513,17,0
44516,1,0
44524,6,0
44531,1,111023733
44532,1,0
44539,6,111501662
44542,6,0
44545,1,0
44550,1,0
44558,6,10042287
44564,1,0
44567,1,0
44579,1,0
44581,6,123919304
44590,6,67968374
44597,6,0
44602,1,99157348
44604,6,65094085
44606,17,0
44607,17,234540937
44608,6,0
44611,1,0
44614,1,0
44619,6,10037647
44627,6,303
44628,6,0
44630,1,0
44631,1,0
44641,1,0
44643,6,25299882
44645,17,0
44647,1,0
44653,17,0
44660,6,28130221
44661,17,0
44662,6,268561332
44663,1,0
44665,6,9296215
44668,1,0
44676,6,0
44677,1,0
44686,6,18261069
44698,17,0
44702,1,0
44706,1,0
44723,6,196454451
44728,6,29097391
44735,1,0
44738,17,0
44746,6,0
44749,1,0
44751,1,0
44755,6,160982651
44760,17,0
44772,6,77831827
44778,1,0
44783,6,69409408
44786,6,33255543
44791,1,0
44793,1,201202059
44796,1,0
44803,1,0
44805,17,0
44808,1,0
44816,6,0
44819,1,62661531
44821,6,47323880
44828,1,0
44830,1,201071774
44839,17,0
44844,6,11218498
44846,6,0
44847,1,0
44849,1,0
44857,1,0
44868,17,0
44869,6,0
44878,1,0
44879,6,0
44881,6,0
44884,6,1757534
44887,1,0
44888,6,58553810
44905,17,0
44910,6,81325570
44915,6,0
44916,6,21068033
44921,1,0
44923,17,0
44928,1,0
44934,6,0
44936,1,0
44947,1,0
44959,1,0
44962,17,0
44969,6,0
44979,6,0
44981,17,0
44983,17,0
44984,6,12036845
44994,17,0
44995,6,0
45001,1,0
45006,6,0
45010,1,0
45018,1,0
45024,6,16957625
45030,1,0
45044,6,31562547
45058,1,0
45063,17,0
45076,6,18089960
45077,17,0
45083,6,54
45084,17,0
45088,17,0
45094,17,0
45098,17,0
45103,6,160434119
45115,6,0
45122,1,0
45131,1,0
45135,6,45057291
45136,1,0
45143,6,0
45144,1,0
45156,17,0
45162,1,0
45169,6,0
45171,17,0
45173,6,0
45175,6,0
45183,17,2224550
45192,6,9828894
45198,6,89503833
45199,17,51594521
45202,17,0
45209,1,5289568
45211,1,0
45224,6,0
45237,17,0
45244,1,0
45248,17,0
45251,1,105911875
45257,6,0
45258,17,0
45263,1,0
45268,17,0
45282,1,0
45295,6,29501184
45301,17,0
45312,1,0
45318,17,0
45327,6,10859006
45339,1,0
45340,17,0
45343,17,2641703
45350,1,0
45351,17,0
45362,6,17904677
45368,1,0
45376,6,0
45377,6,220322125
45382,6,0
45388,1,0
45402,6,105986995
45408,1,0
45413,6,0
45415,17,116666485
45425,1,0
45432,1,0
45438,1,98036840
45448,1,190082333
45449,17,0
45450,17,0
45452,17,0
45453,6,39133285
45456,6,0
45466,1,0
45468,1,0
45479,17,0
45485,1,0
45491,17,0
45498,6,25712523
45499,6,38921683
45501,1,34840239
45502,6,55406933
45503,1,0
45517,1,0
45518,6,110415332
45521,1,0
45522,1,0
45526,6,0
45528,6,53850596
45537,6,0
45539,17,0
45544,1,0
45549,6,0
45554,1,48087972
45556,6,625
45560,6,7328807
45576,1,0
45578,1,201283117
45591,1,0
45597,6,0
45600,6,106851118
45604,1,0
45608,17,0
45610,1,0
45620,6,257
45622,1,0
45624,1,0
45632,1,0
45637,6,0
45638,6,0
45640,17,0
45642,1,0
45654,1,0
45678,6,19001854
45680,17,0
45693,6,0
45711,17,0
45718,1,0
45721,6,0
45726,6,18156614
45728,6,132592331
45731,1,63426089
45735,6,128128433
45736,1,0
45740,6,233037199
45742,1,90105737
45750,17,0
45755,6,9836678
45759,17,0
45767,6,0
45770,17,0
45772,1,0
45774,1,0
45775,6,45343503
45779,1,0
45782,1,0
45805,17,0
45810,6,12608955
45813,1,0
45844,6,0
45856,6,0
45863,1,94821503
45872,1,0
45875,1,0
45882,6,3080378
45884,6,283710080
45889,1,0
45894,1,0
45898,1,0
45902,6,21706171
45903,6,0
45908,6,0
45917,1,0
45918,1,0
45919,17,0
45920,6,0
45934,1,10045538
45935,1,0
45941,6,30412634
45944,17,0
45947,6,174889090
45948,1,0
45954,6,2133860
45956,1,0
45962,6,154852294
45967,6,194540607
45968,6,0
45970,6,0
45974,1,0
45975,6,74183947
45976,1,0
45977,1,0
45982,17,100453703
45991,1,0
45998,6,166688301
46002,6,13372258
46003,1,0
46005,6,0
46007,1,90471078
46009,1,0
46010,1,0
46021,6,44246241
46027,6,0
46034,1,0
46041,6,0
46048,1,201040163
46057,6,0
46060,17,0
46067,1,0
46071,1,158822326
46075,6,9960922
46080,6,12308205
46093,17,0
46095,1,83684031
46099,1,0
46100,1,0
46101,17,0
46107,6,0
46113,1,0
46114,1,0
46117,17,163146615
46119,1,0
46120,1,0
46129,1,0
46131,6,0
46133,1,0
46149,6,1757121
46150,17,0
46163,6,279013770
46165,1,23581157
46173,6,0
46178,1,0
46179,1,0
46180,17,0
46187,17,0
46191,6,39071467
46200,17,0
46204,17,0
46205,6,0
46206,1,0
46207,6,0
46212,6,153943644
46228,6,0
46233,6,0
46251,17,0
46256,6,0
46260,6,0
46266,6,102468234
46271,1,0
46280,17,0
46284,6,124014224
46286,6,22508108
46290,6,0
46292,17,0
46296,6,947
46298,17,0
46304,6,0
46307,6,0
46323,6,0
46328,17,0
46336,6,52594437
46337,17,0
46340,6,0
46342,1,0
46351,17,154199061
46356,6,271946800
46360,6,228433264
46363,17,1404122
46373,6,0
46382,6,22509096
46384,1,0
46387,1,0
46389,1,0
46392,6,7588467
46393,17,0
46395,6,110707747
46397,17,141028219
46398,1,201009014
46404,1,0
46415,6,288143770
46416,6,0
46423,1,0
46426,17,14405283
46437,6,0
46441,6,2131805
46444,6,262021583
46446,6,2386849
46447,6,0
46448,17,0
46458,6,0
46476,1,0
46484,1,0
46485,1,0
46486,1,0
46496,1,0
46510,1,0
46515,6,0
46516,1,0
46517,6,102246974
46522,1,0
46539,1,248586911
46548,17,121599904
46551,17,0
46553,1,0
46561,1,0
46562,1,0
46571,1,18479989
46578,6,0
46585,1,0
46591,1,100599386
46595,6,56311984
46596,1,0
46602,6,0
46604,6,0
46614,1,0
46615,17,0
46626,6,0
46629,17,0
46630,17,0
46632,1,0
46639,6,0
46640,6,0
46650,6,3253051
46655,6,84665632
46664,1,0
46668,17,0
46678,17,0
46685,6,0
46690,17,193
46693,6,161639279
46694,6,0
46695,6,19134258
46697,6,0
46700,1,0
46708,1,38256277
46716,6,0
46724,17,0
46734,6,0
46736,6,0
46739,17,130479118
46752,1,0
46765,17,0
46770,6,0
46775,6,156703325
46779,1,0
46808,1,0
46810,6,156498420
46817,1,0
46819,6,47459767
46824,1,0
46829,6,11110915
46830,6,24085710
46832,6,0
46833,1,0
46837,6,174672265
46840,1,201175303
46848,1,0
46852,1,145662517
46857,1,0
46858,1,202609203
46860,17,0
46862,6,22510130
46863,1,0
46872,1,0
46877,6,0
46882,1,0
46883,6,0
46895,1,0
46898,6,209
46899,6,0
46900,6,510
46901,1,200840897
46903,6,516358
46905,6,272786225
46909,6,150671184
46913,6,1331702
46920,6,75258390
46925,1,0
46929,6,0
46934,6,0
46944,6,0
46947,6,1158758
46948,17,0
46967,1,200845614
46988,1,0
46989,17,0
46990,6,176297252
46995,17,44522199
47002,17,0
47004,17,0
47006,6,92512075
47008,1,0
47013,17,244706385
47014,1,0
47024,17,192850372
47026,6,187767548
47028,6,0
47035,6,0
47051,6,15053001
47052,17,0
47055,1,0
47056,6,0
47057,1,0
47068,6,11197607
47077,6,0
47078,1,0
47084,6,0
47085,6,35763603
47086,1,0
47089,6,0
47090,17,0
47100,1,202564385
47101,1,0
47106,6,0
47110,6,75888683
47118,6,81653578
47122,6,220760527
47123,6,133809088
47125,6,47079085
47127,6,46655521
47130,1,0
47135,6,229101126
47141,1,0
47156,17,0
47158,6,147854848
47164,6,0
47171,6,269040141
47179,17,551787
47183,17,15279587
47191,1,0
47194,6,0
47208,17,0
47214,1,0
47215,1,112859220
47224,17,0
47237,6,70065896
47247,1,0
47248,1,0
47252,6,1243525
47260,6,132588727
47268,6,213917407
47272,6,0
47275,17,0
47282,17,0
47289,6,0
47290,6,0
47294,6,893518
47295,6,0
47297,1,201832313
47309,17,0
47314,1,0
47315,6,65024566
47320,17,244052094
47345,1,0
47348,6,0
47349,1,0
47352,17,0
47353,17,87248
47358,6,0
47369,6,0
47377,6,0
47382,1,0
47389,6,14906097
47392,6,119567004
47396,6,227033723
47401,1,114671784
47403,17,0
47407,1,0
47408,1,0
47409,1,0
47415,6,250150154
47419,6,39468751
47432,6,9710292
47440,17,0
47444,6,0
47447,1,0
47454,6,142955180
47460,6,0
47474,1,0
47477,1,206993431
47480,17,0
47487,1,0
47491,17,0
47500,1,201834839
47502,1,0
47514,6,111343544
47517,6,0
47525,1,0
47531,1,0
47534,6,19495168
47538,1,0
47540,6,0
47545,6,181328409
47555,1,0
47583,1,0
47584,1,0
47586,6,31610761
47595,1,0
47598,6,14188893
47607,6,0
47614,6,148435184
47615,1,36341060
47626,17,0
47630,1,0
47631,6,253091843
47634,1,0
47635,6,13579855
47636,6,190810781
47654,1,0
47662,6,63009857
47673,6,0
47675,1,0
47678,1,0
47679,6,285439727
47681,17,0
47688,6,377830
47690,1,0
47691,6,138556734
47699,6,81987202
47715,6,0
47716,6,240174440
47717,1,242609984
47719,17,0
47728,1,0
47738,1,0
47745,17,0
47746,6,22263688
47749,6,2187691
47751,6,153233278
47767,6,64260350
47772,17,0
47780,6,0
47781,1,0
47785,6,751741
47792,1,0
47795,1,0
47796,6,153133062
47797,6,190824184
47801,1,100596723
47809,6,32353464
47814,6,128
47819,17,0
47823,17,49110423
47835,1,0
47844,6,0
47847,6,0
47848,6,251108974
47853,1,0
47858,1,0
47859,1,200909066
47866,6,262630880
47872,6,0
47878,1,0
47881,6,0
47886,1,0
47888,6,0
47893,6,266863179
47902,6,55055578
47912,6,791
47913,1,0
47921,1,0
47924,17,0
47927,6,263992234
47933,6,65486876
47941,6,0
47944,6,11004944
47946,17,0
47952,1,200904968
47953,17,0
47970,17,273570739
47976,1,0
47993,6,0
47994,6,0
47998,17,0
48000,1,0
48001,17,61853799
48003,1,0
48007,1,0
48019,1,0
48020,17,32314301
48022,6,0
48027,1,4021613
48032,6,63538945
48034,17,0
48039,1,0
48041,17,0
48042,6,0
48043,1,0
48049,6,10398108
48055,1,0
48065,6,50527250
48068,17,0
48075,6,164160439
48080,6,0
48086,1,203408085
48087,6,65321830
48090,17,0
48094,6,7131962
48097,1,62751183
48103,6,5709649
48113,17,24368270
48126,1,0
48132,17,239507979
48139,17,76459293
48143,1,0
48149,1,0
48169,6,0
48176,6,143969636
48177,6,42735425
48178,6,0
48182,1,0
48183,1,0
48184,17,910
48186,6,0
48192,1,0
48197,6,0
48202,6,0
48204,1,0
48206,1,0
48212,6,251455697
48215,1,0
48217,1,0
48223,6,0
48224,6,0
48228,1,0
48240,17,64386533
48246,17,0
48248,17,0
48249,17,0
48254,17,0
48265,6,12375659
48271,17,0
48274,1,0
48278,6,9684844
48281,17,0
48283,17,0
48291,1,0
48297,6,284393679
48302,1,0
48303,6,0
48307,1,0
48314,6,2772009
48320,6,0
48325,17,0
48326,17,0
48330,6,6323049
48331,6,101062490
48334,1,0
48336,6,0
48367,1,0
48371,1,201066541
48373,1,201078237
48376,6,0
48377,6,0
48380,6,103034385
48381,1,0
48383,6,34311314
48387,6,1674079
48388,1,0
48390,6,34213106
48405,1,0
48408,6,0
48418,6,0
48423,17,0
48431,6,34981713
48433,6,0
48448,6,96476643
48449,17,0
48453,17,0
48466,17,0
48472,6,13394727
48485,17,0
48496,6,0
48509,1,0
48512,6,0
48514,6,270333749
48517,6,94119487
48520,6,0
48521,17,0
48523,1,0
48525,1,204996475
48527,6,236474281
48528,6,0
48542,1,0
48547,6,0
48549,17,0
48559,1,0
48563,1,100583526
48564,1,0
48565,17,0
48571,6,111409727
48575,17,143368821
48583,1,0
48584,1,0
48591,6,177368537
48594,1,0
48599,17,28248375
48606,6,0
48607,6,42854579
48614,17,0
48633,6,0
48641,6,7027418
48659,1,0
48670,6,247753203
48672,6,0
48677,1,0
48682,6,0
48686,1,0
48689,1,0
48699,6,178981933
48702,1,0
48711,6,11809061
48714,1,0
48723,6,23894900
48728,1,0
48741,1,59050651
48743,1,100547873
48746,1,0
48748,1,0
48750,6,21707038
48759,1,0
48761,6,0
48764,1,0
48767,6,0
48768,1,0
48773,1,204992153
48785,1,0
48788,1,0
48792,6,8131968
48797,6,24150130
48806,17,0
48808,6,17041012
48809,6,0
48814,1,0
48816,6,72612925
48821,1,0
48823,6,42629324
48826,6,3351237
48829,6,77179562
48833,17,0
48834,1,0
48839,17,0
48842,6,25831806
48848,6,67713235
48849,6,11766227
48866,6,14982557
48869,1,0
48875,1,0
48876,6,0
48892,1,0
48896,6,0
48898,6,783568
48899,1,40436293
48901,6,38536329
48913,6,0
48917,1,0
48920,17,0
48925,17,0
48933,6,0
48951,6,2800524
48954,6,0
48961,17,0
48964,17,0
48990,6,0
48992,17,0
48996,17,0
49009,6,0
49011,1,0
49022,6,52795238
49024,1,0
49029,6,0
49033,1,0
49034,6,0
49038,6,21706020
49039,1,0
49044,1,0
49049,6,12126441
49051,1,0
49055,1,0
49056,6,0
49059,6,0
49063,6,5722334
49064,6,159571755
49079,17,0
49094,1,0
49096,1,50239804
49097,1,0
49098,17,11575740
49100,17,28823262
49104,6,0
49105,6,0
49109,6,0
49113,1,201108930
49130,1,0
49133,6,15535003
49149,1,0
49150,6,279774108
49152,6,0
49160,6,12308550
49162,6,6587498
49164,1,0
49166,6,22536155
49172,1,0
49173,1,0
49175,6,0
49189,6,0
49190,6,0
49195,1,0
49196,17,0
49218,6,114098971
49222,6,41033912
49228,1,0
49230,1,0
49241,6,80968072
49243,1,0
49245,6,36400913
49246,6,5806874
49250,6,247638531
49253,1,0
49255,1,0
49260,6,0
49262,6,76664784
49268,6,0
49270,6,0
49271,1,0
49274,6,0
49275,6,38382235
49286,1,0
49292,6,73849173
49309,17,0
49312,1,100592996
49318,1,0
49337,17,0
49339,6,88637
49344,17,0
49346,1,0
49347,6,33532559
49349,6,10418862
49359,1,0
49364,6,0
49368,6,0
49370,6,29491756
49373,17,0
49382,6,28130860
49384,1,0
49386,1,0
49391,1,0
49400,6,12125233
49408,6,9039593
49412,1,0
49419,1,37945517
49423,1,0
49425,6,2741244
49430,6,0
49432,6,12877285
49433,6,5890630
49439,6,144320235
49440,1,0
49450,6,165107871
49458,1,0
49461,1,0
49466,1,25207503
49467,6,38947258
49469,1,0
49481,1,63180698
49485,1,0
49494,6,208722524
49499,6,12660
49502,17,0
49517,6,0
49527,6,1563841
49530,1,0
49536,6,283207630
49547,6,0
49552,6,0
49560,1,0
49571,6,44644770
49572,17,0
49583,17,0
49588,1,0
49596,6,108771638
49598,1,0
49606,6,0
49612,1,77674488
49623,6,0
49631,1,0
49633,6,0
49647,17,0
49652,1,0
49659,17,0
49660,1,95017354
49662,6,0
49669,1,0
49675,6,0
49678,1,60052229
49692,17,0
49697,1,0
49732,6,112590749
49738,1,0
49744,6,0
49754,6,0
49760,1,0
49774,6,0
49778,1,0
49788,6,0
49790,1,211054523
49791,17,20330834
49800,6,35800072
49808,6,232806349
49813,17,0
49829,6,24159
49837,1,0
49844,6,261918215
49845,1,201615125
49850,6,325805
49853,1,94058177
49855,17,0
49859,17,0
49860,17,100880292
49861,17,0
49864,6,0
49867,6,0
49870,6,14115024
49880,6,12634862
49903,17,229659364
49914,6,0
49915,6,38899183
49917,6,0
49929,1,0
49932,17,0
49941,6,0
49942,1,0
49944,17,0
49952,6,42993322
49956,17,281741264
49967,6,0
49971,6,4794360
49972,6,143669797
49973,6,210244623
49976,6,12515651
49977,6,12615122
49990,1,0
49996,17,0
50011,1,0
50013,1,0
50023,17,22784809
50037,1,0
50039,1,0
50053,17,0
50058,6,0
50059,6,0
50063,17,0
50064,6,203459772
50065,6,3070489
50067,1,0
50069,1,0
50074,1,0
50075,17,185720733
50086,17,0
50087,17,0
50089,1,0
50090,6,177842487
50093,1,0
50095,17,0
50097,6,0
50107,6,40365574
50111,6,0
50113,17,150886219
50120,17,0
50122,6,0
50127,6,111297950
50134,1,0
50135,6,281828935
50148,1,0
50150,1,0
50156,17,0
50160,1,0
50177,6,54849399
50184,1,0
50190,6,60479564
50192,6,226751016
50201,17,0
50207,6,0
50218,6,2802963
50223,1,0
50224,6,0
50230,1,178850946
50234,6,0
50235,6,51937416
50241,1,198909462
50249,6,31257179
50258,6,249866
50263,6,0
50290,6,39781996
50292,6,22168423
50293,6,21868466
50298,1,0
50300,1,0
50302,6,11053528
50306,1,0
50307,6,0
50319,6,0
50320,6,118308473
50327,1,0
50328,1,0
50335,6,3075086
50337,6,3415488
50353,1,0
50360,6,12160563
50361,6,0
50365,1,0
50368,6,155389997
50370,1,56249960
50375,17,200991734
50376,17,0
50377,1,0
50385,17,0
50388,17,0
50392,6,0
50394,1,0
50398,6,0
50406,6,97292101
50447,6,0
50450,1,0
50453,6,0
50458,6,0
50462,6,9232713
50463,17,0
50464,1,141558677
50467,1,0
50469,17,0
50482,6,3053151
50483,6,0
50491,6,0
50495,6,110748142
50499,6,0
50504,6,189114474
50525,1,0
50528,17,0
50532,17,0
50536,6,0
50539,6,1441609
50542,1,0
50543,1,0
50544,17,0
50554,6,0
50555,6,40719626
50561,6,0
50562,17,0
50566,1,201079786
50578,6,100315187
50590,1,0
50591,6,143015569
50594,17,217744458
50600,6,11012953
50602,6,3942288
50613,6,0
50614,6,0
50618,17,0
50621,17,0
50633,1,0
50638,17,0
50640,17,0
50642,1,0
50646,17,0
50648,6,0
50649,17,231165398
50652,1,0
50666,1,0
50675,1,120415323
50679,17,0
50682,1,0
50702,1,54746392
50704,17,0
50708,1,0
50721,6,279886265
50725,1,0
50726,1,201173865
50727,1,0
50740,1,0
50741,1,0
50759,1,0
50774,1,0
50775,6,50175936
50779,1,0
50784,6,237720064
50791,6,25083533
50792,6,176661546
50795,17,0
50797,17,0
50798,6,23177248
50808,6,0
50820,17,0
50821,17,51472455
50828,17,0
50829,17,0
50833,6,2887928
50840,6,199419580
50841,1,202709870
50846,6,226149639
50856,17,0
50858,6,3012640
50862,1,201258628
50863,6,74936458
50871,1,0
50873,1,0
50874,6,0
50877,1,0
50897,1,0
50903,1,100553960
50905,6,0
50908,6,4219837
50916,1,0
50918,6,0
50921,1,0
50926,6,0
50930,6,3231143
50932,6,54029660
50954,1,0
50956,1,0
50964,6,15600587
50970,6,21443056
50973,17,0
50974,1,0
50986,6,3958154
50990,1,0
51003,6,88058
51005,1,0
51016,17,255271809
51022,6,21693288
51024,17,0
51031,6,0
51040,1,0
51041,6,3555912
51063,1,0
51064,6,12381922
51072,6,280149658
51075,1,0
51077,1,0
51078,6,43482449
51080,6,28795933
51086,6,23174361
51093,6,0
51102,17,0
51109,6,69588572
51112,6,11743
51124,1,0
51131,6,0
51137,1,214996874
51145,6,232821650
51155,17,0
51157,17,0
51162,1,0
51163,6,0
51173,1,195003402
51176,6,227075450
51184,1,0
51189,1,0
51193,1,0
51195,6,39826834
51203,6,0
51207,6,0
51209,1,0
51211,1,0
51215,6,0
51227,1,0
51239,17,0
51243,17,264073179
51249,6,0
51256,6,0
51261,1,107909893
51271,6,65145134
51294,17,0
51297,6,3170346
51302,1,0
51304,17,72560382
51309,6,0
51310,6,271826069
51324,6,279925254
51329,1,0
51333,6,7203874
51337,17,0
51340,1,0
51342,6,25940844
51353,1,0
51361,1,123748395
51365,6,174712894
51368,17,0
51373,6,0
51378,1,0
51379,1,0
51384,6,0
51387,6,2162425
51393,6,31428561
51399,1,0
51401,1,0
51414,6,23711483
51417,17,208927403
51430,17,0
51436,1,0
51439,6,0
51452,6,55404868
51463,1,0
51474,6,0
51475,1,0
51478,17,0
51479,6,236646808
51480,6,783
51489,6,143976312
51490,1,0
51492,1,0
51495,17,0
51498,1,0
51508,6,227110461
51509,1,0
51511,1,199956720
51535,1,0
51540,1,0
51542,1,0
51549,1,15211982
51550,6,0
51562,1,0
51585,1,0
51590,6,37929169
51593,6,137692311
51601,6,3312967
51602,1,0
51603,6,29329185
51624,6,86186162
51626,6,3140175
51633,17,0
51636,17,7773316
51638,17,0
51639,17,0
51648,6,101635987
51659,6,44520055
51660,1,0
51664,6,11775025
51671,6,0
51677,1,0
51681,1,0
51687,6,0
51690,1,0
51696,1,0
51700,6,22667032
51701,1,0
51707,1,0
51719,1,0
51733,6,53563161
51735,6,0
51738,6,0
51739,17,0
51743,1,0
51744,6,10889158
51746,6,0
51767,17,21508702
51772,6,0
51773,17,0
51777,6,21465102
51779,1,0
51784,6,161247156
51792,6,279094896
51795,6,18756036
51796,1,0
51803,6,32017612
51828,1,0
51834,6,93869990
51847,1,130741398
51848,6,0
51857,6,27715195
51879,1,0
51883,6,56699316
51885,17,0
51886,6,25938827
51891,6,269820760
51896,6,33129477
51901,6,8887686
51906,1,0
51924,6,133913
51925,6,0
51930,1,0
51937,6,3177902
51940,1,0
51943,6,33238944
51957,1,0
51964,6,54614945
51974,6,32604324
51985,6,224691104
51986,6,29515932
51990,1,0
51995,6,9863872
51999,6,13795310
52001,1,0
52003,1,0
52004,6,0
52006,1,201024070
52008,6,133142499
52010,6,3205737
52011,6,0
52013,6,24642
52014,1,0
52020,1,0
52025,17,0
52027,1,0
52033,17,0
52034,1,0
52040,6,60136631
52042,1,105864101
52044,6,0
52045,17,0
52046,6,25937743
52056,6,39827228
52057,6,0
52061,1,0
52062,17,0
52064,6,7133124
52067,1,0
52077,6,0
52083,6,188933204
52092,6,56530491
52094,6,0
52100,1,0
52103,6,0
52129,6,3103301
52146,6,0
52160,6,0
52162,1,0
52163,6,8278
52167,6,0
52169,1,0
52188,1,202408874
52190,17,0
52196,1,0
52209,1,149268412
52212,1,0
52217,1,0
52221,6,14967257
52239,6,8411062
52240,17,0
52242,6,48388272
52244,6,0
52245,1,0
52246,6,64393391
52255,17,0
52257,6,3518760
52277,1,0
52278,6,953811
52286,17,0
52288,6,0
52307,17,0
52311,1,0
52312,17,0
52320,6,19353620
52328,6,276741771
52329,6,1368673
52336,1,0
52341,17,233837328
52342,1,0
52348,6,255742775
52352,1,0
52358,17,0
52361,6,77830101
52369,6,3054158
52370,6,516650
52378,6,268126992
52392,17,0
52394,6,45562257
52395,6,0
52396,17,0
52397,1,0
52399,6,0
52404,17,0
52410,6,0
52427,6,0
52430,6,18926867
52434,1,0
52435,1,0
52446,6,7417224
52448,6,193531134
52449,6,0
52451,6,84565741
52454,6,183224472
52455,17,0
52456,1,0
52461,6,0
52466,6,30993972
52468,6,53612169
52471,17,0
52486,6,9388010
52494,1,0
52496,6,281062717
52501,6,0
52524,1,0
52526,6,18927358
52534,6,241983443
52536,6,36778235
52537,6,24461194
52544,6,280563142
52547,17,0
52548,1,0
52549,6,362756
52553,1,0
52556,6,0
52560,6,85889425
52572,6,0
52577,6,3078306
52585,6,81773903
52592,1,0
52611,1,0
52615,1,0
52617,6,166089077
52619,6,277856318
52628,1,9490386
52633,6,30779394
52640,6,0
52652,1,0
52660,6,22663396
52673,1,0
52674,6,57581232
52681,6,0
52698,6,0
52700,6,0
52704,17,0
52710,6,0
52712,6,73496805
52716,17,0
52726,6,72130574
52737,17,0
52745,6,0
52747,1,261709018
52750,6,0
52752,1,0
52753,6,3009345
52770,1,0
52778,6,3131184
52779,6,0
52783,17,0
52787,1,0
52789,6,0
52794,6,0
52801,17,0
52807,6,226443289
52812,6,0
52813,1,0
52814,6,210023663
52819,1,0
52821,1,0
52832,6,0
52836,6,4422920
52837,17,0
52840,17,486
52845,1,0
52851,17,0
52860,1,0
52867,6,28043585
52871,1,0
52880,6,0
52885,17,0
52890,1,0
52897,6,3495961
52900,1,0
52901,6,79808371
52913,6,14419578
52916,6,0
52918,6,0
52919,6,204855689
52922,1,200982055
52923,6,11247812
52926,1,0
52931,6,0
52932,17,0
52944,6,225838467
52954,1,0
52960,17,0
52970,6,0
52972,1,0
52974,17,243091452
52976,1,200924645
52991,17,0
53001,6,0
53010,6,42724554
53020,1,0
53021,1,0
53037,6,0
53041,17,0
53042,6,3113496
53043,6,0
53044,6,21675002
53054,17,0
53055,17,0
53057,1,0
53061,17,0
53063,17,0
53065,6,318
53068,17,0
53073,6,14519846
53077,6,94777734
53079,6,251474982
53094,6,29511987
53096,6,73426851
53103,1,0
53110,1,200957604
53114,6,45507087
53115,6,39959268
53118,6,0
53123,6,48369474
53132,6,11575582
53139,1,0
53144,1,201319178
53148,1,181753182
53150,17,0
53151,1,0
53156,1,0
53160,1,0
53168,1,0
53176,6,40152096
53180,1,0
53181,6,8911669
53194,1,96956085
53205,1,73680075
53206,1,0
53211,1,0
53214,17,0
53228,1,0
53232,6,0
53234,1,0
53236,1,0
53243,6,28528873
53251,1,0
53258,6,512
53270,6,82377
53272,1,0
53273,1,123991576
53278,6,0
53279,1,0
53281,6,5929983
53290,6,28688961
53297,1,0
53307,6,40150097
53310,1,0
53315,6,2007919
53322,1,0
53334,6,0
53346,17,0
53350,6,0
53355,17,0
53363,6,0
53364,1,167769284
53374,6,172061658
53382,17,0
53384,1,0
53385,1,0
53391,6,30208321
53402,6,0
53407,1,0
53409,6,11994293
53413,17,200958389
53429,1,0
53430,6,0
53433,1,0
53438,17,0
53439,6,0
53441,17,0
53450,17,0
53454,6,6127499
53456,17,0
53470,1,0
53472,1,0
53473,6,227604977
53480,1,0
53486,6,11234077
53489,1,0
53494,6,20427009
53497,17,0
53503,1,0
53507,6,216109010
53510,1,0
53513,6,126327256
53514,17,0
53515,1,0
53518,6,11222927
53521,6,0
53523,1,0
53525,1,0
53526,6,0
53527,6,90064
53532,6,0
53536,1,0
53540,1,201805826
53542,6,0
53548,1,0
53550,6,0
53554,6,65461674
53558,6,193891127
53559,1,0
53560,1,0
53564,6,0
53569,6,21264022
53573,1,208395327
53577,6,0
53584,17,0
53586,17,37592221
53588,1,0
53589,17,0
53595,6,16412305
53600,17,0
53608,1,0
53612,1,0
53623,17,0
53625,17,32075819
53627,17,266015478
53636,6,183864957
53639,6,0
53646,6,4622830
53658,6,0
53659,6,0
53669,6,0
53680,1,0
53682,1,0
53683,17,215607039
53688,17,0
53689,6,112643560
53698,1,41338404
53699,1,0
53708,1,151646899
53711,1,0
53715,1,0
53720,1,0
53722,6,0
53728,1,0
53729,6,13817086
53734,6,137546708
53738,17,28364442
53743,17,100444897
53750,6,0
53759,6,287667483
53765,6,12054597
53767,6,0
53768,17,0
53777,1,0
53791,1,0
53802,6,286955952
53806,6,87890746
53810,6,139922708
53813,1,0
53817,17,0
53821,17,20216012
53827,6,0
53828,1,0
53829,1,0
53840,1,0
53843,1,0
53844,6,220155078
53845,6,0
53862,6,233331982
53867,6,120564204
53869,1,0
53872,1,0
53883,1,0
53889,6,6467188
53895,1,224888
53896,6,1830309
53902,17,0
53915,6,16617913
53917,1,99397885
53922,6,0
53930,6,3036893
53932,1,0
53938,17,0
53940,1,0
53941,6,23044192
53943,6,43739023
53946,6,8448958
53947,6,38474861
53952,1,0
53955,6,49329757
53966,6,12439985
53970,1,0
53971,1,0
53977,6,0
53979,6,0
53983,1,0
53984,1,0
53986,6,0
53993,17,0
53994,6,270864939
53995,1,0
53996,1,0
53999,1,0
54001,1,0
54003,6,3283824
54008,1,0
54009,1,0
54011,1,0
54025,1,0
54036,6,2060726
54048,1,21926149
54052,1,0
54062,6,12450388
54070,6,20560405
54075,1,201282702
54080,6,276419277
54086,17,0
54093,1,0
54107,1,0
54116,1,0
54137,17,0
54147,6,52896071
54148,1,0
54169,1,0
54171,6,63650813
54187,6,0
54197,6,0
54202,1,0
54218,1,0
54223,1,0
54237,6,0
54239,1,0
54241,1,0
54259,6,278935235
54278,6,0
54280,1,0
54283,6,16383042
54293,6,46612329
54297,1,0
54299,6,0
54300,6,40233884
54303,1,0
54311,6,148022264
54313,17,0
54316,6,27649340
54321,1,0
54327,1,0
54329,6,5863268
54335,17,138517507
54342,17,0
54344,17,0
54346,6,24601860
54347,1,200938197
54350,6,28965105
54360,6,0
54361,1,0
54363,1,0
54377,6,92079247
54385,1,0
54394,6,123332878
54396,1,0
54399,1,0
54401,17,0
54407,17,0
54420,1,0
54426,1,0
54429,1,0
54430,1,0
54434,1,0
54440,6,216340652
54442,6,10652038
54443,6,0
54444,17,0
54446,6,19896981
54449,6,0
54454,17,0
54478,6,0
54480,1,0
54488,6,0
54490,6,8951897
54513,6,26699121
54515,6,268549677
54519,1,0
54524,1,0
54534,1,0
54537,6,144865260
54538,1,0
54550,6,0
54556,6,0
54570,6,7777709
54580,1,0
54582,6,0
54584,17,0
54586,6,10628112
54587,17,0
54593,6,30082350
54597,1,201048626
54600,1,0
54602,6,280567716
54606,6,19897673
54610,1,0
54616,1,0
54634,17,0
54637,17,0
54639,6,29053214
54644,6,0
54645,6,0
54646,6,0
54651,17,0
54679,6,0
54684,1,0
54685,6,267789505
54689,6,742066
54692,6,0
54696,6,353
54701,1,0
54703,1,201293764
54710,1,0
54715,6,0
54719,6,0
54724,6,0
54730,6,9788607
54745,6,62345059
54755,17,0
54757,1,200888286
54760,6,0
54764,1,0
54773,6,206297734
54777,1,0
54782,1,0
54792,6,235982635
54793,17,0
54800,6,234481318
54803,6,278546400
54809,1,0
54810,6,225539345
54812,17,0
54824,6,0
54827,6,16922335
54828,1,0
54833,1,0
54839,1,0
54841,1,0
54844,1,0
54850,1,0
54851,6,3112606
54853,6,1092002
54858,1,0
54859,1,0
54866,17,0
54867,17,36327996
54872,17,269735937
54878,6,0
54881,1,0
54886,6,230022517
54887,1,0
54894,17,117772963
54905,1,0
54925,17,200981159
54926,1,0
54928,6,0
54929,6,3371551
54934,1,0
54944,6,15120015
54950,1,0
54956,17,0
54962,6,191307214
54965,1,0
54972,17,0
54977,6,12651
54982,1,0
54988,17,0
54989,1,0
54991,17,0
54994,6,23964622
54997,1,0
54998,17,0
55000,1,0
55008,17,0
55018,17,0
55020,1,0
55023,6,0
55031,1,0
55032,6,68623317
55034,6,15119225
55041,6,0
55045,6,1087383
55046,1,0
55048,6,278934759
55054,17,0
55059,6,11223766
55063,6,8421494
55071,6,0
55072,17,0
55073,6,5539257
55080,6,201887255
55087,17,0
55101,1,0
55102,1,0
55137,1,0
55140,1,0
55146,6,18185212
55150,6,11222843
55152,1,0
55170,1,0
55171,6,0
55173,1,0
55175,6,0
55187,6,14685724
55192,6,146500936
55195,1,0
55196,6,0
55197,6,0
55204,1,0
55207,1,0
55210,6,3000429
55214,6,52768386
55219,6,0
55220,17,0
55223,1,0
55224,1,5013926
55225,6,0
55227,6,39947310
55231,1,201093238
55232,6,37811233
55234,6,0
55237,6,0
55263,17,0
55270,1,0
55277,17,0
55278,6,265370805
55284,6,0
55296,1,0
55298,6,32545042
55306,17,15441
55309,6,0
55316,1,53700288
55319,1,0
55320,6,5976953
55334,6,188831974
55336,17,0
55340,1,0
55341,1,0
55342,6,0
55348,1,0
55355,17,0
55359,17,182514879
55373,6,250143337
55374,6,123962265
55377,1,100387667
55384,6,11083686
55396,17,0
55399,17,0
55408,1,0
55417,1,0
55433,6,0
55434,1,0
55444,17,17959200
55462,6,62025776
55463,17,0
55466,6,3069839
55467,1,0
55473,6,0
55479,6,436599
55482,6,0
55486,17,0
55488,1,0
55501,17,0
55503,1,0
55520,1,0
55521,6,29814882
55522,1,0
55528,6,8313222
55532,17,0
55540,6,22396511
55548,6,274742955
55551,17,0
55552,6,0
55553,1,0
55557,6,44300938
55558,6,0
55563,6,418288
55566,1,2726550
55570,1,0
55572,6,0
55575,1,0
55580,1,0
55586,17,0
55588,6,221078790
55598,1,0
55599,6,20116597
55603,1,0
55608,17,0
55611,6,0
55616,6,0
55625,6,57724529
55628,6,123457342
55631,6,31015375
55633,1,80468594
55637,17,0
55640,1,0
55641,6,56634465
55651,6,65550480
55652,1,0
55654,6,0
55659,6,22093026
55661,1,0
55662,1,0
55665,1,0
55671,1,0
55673,6,0
55675,1,40573567
55677,6,163173410
55681,1,0
55689,6,0
55698,6,0
55703,6,55030295
55705,6,214587525
55708,1,0
55713,6,11718762
55715,1,0
55718,6,0
55722,1,201801944
55732,1,0
55738,1,0
55743,17,0
55756,1,0
55768,1,0
55790,1,0
55793,6,19095801
55800,6,24749351
55801,6,13873
55804,6,0
55805,1,0
55806,6,275071040
55812,17,269
55814,1,0
55816,6,81469900
55829,6,0
55831,17,0
55843,6,0
55850,1,118920226
55853,1,125880157
55856,6,0
55866,6,0
55873,17,0
55875,17,9038555
55894,1,0
55896,1,0
55898,17,0
55902,1,0
55906,6,61407211
55918,17,0
55922,6,0
55923,6,0
55925,6,72303372
55926,1,0
55927,6,0
55928,1,0
55932,17,0
55944,1,0
55945,1,0
55947,1,0
55949,6,16003871
55952,17,0
55963,6,30779922
55965,6,0
55972,1,115932776
55973,1,76541693
55978,17,0
55984,1,0
55991,1,0
55997,6,11813164
56002,17,0
56005,6,178742601
56009,6,177912
56010,1,0
56016,1,0
56019,6,0
56040,1,207205487
56041,17,161497703
56054,17,0
56059,1,0
56061,6,115556070
56063,1,0
56064,6,0
56067,1,0
56071,17,0
56076,6,0
56079,1,0
56084,1,0
56086,1,0
56087,1,0
56095,6,0
56096,6,0
56099,1,0
56117,6,463033
56123,17,287081506
56125,17,0
56127,6,0
56130,6,18628050
56134,17,0
56137,17,0
56144,1,0
56145,6,0
56148,6,133793110
56168,6,34367294
56170,17,0
56187,1,106273974
56193,6,17220092
56200,1,0
56207,6,0
56213,1,0
56221,6,0
56222,1,0
56227,1,0
56238,17,0
56246,17,0
56248,1,0
56252,1,0
56255,6,63986211
56256,6,0
56262,1,0
56268,6,0
56275,1,100574954
56280,6,177328329
56286,6,0
56287,17,0
56289,17,0
56292,6,0
56294,1,0
56302,6,18392872
56307,1,0
56316,6,0
56319,6,11132804
56321,1,0
56323,6,0
56330,6,0
56333,17,0
56334,6,143523254
56338,17,0
56340,6,279937935
56346,1,0
56350,6,0
56366,1,202045575
56392,17,0
56396,1,0
56402,6,24043846
56408,6,48967412
56411,1,201047350
56413,6,18494456
56418,6,41550529
56422,6,266021259
56425,1,0
56448,1,0
56466,1,0
56469,1,0
56470,6,224296653
56473,1,0
56474,1,35298014
56480,6,0
56488,6,4222875
56489,17,53862758
56491,6,342540
56498,6,38235552
56499,6,0
56500,6,0
56502,17,0
56509,6,338786
56512,6,4048783
56529,1,0
56532,6,0
56533,6,2149338
56535,1,826278
56536,17,0
56557,1,0
56563,1,24759396
56570,1,76969893
56571,6,0
56575,17,0
56580,6,202508968
56588,6,91175399
56592,17,237699556
56594,6,36743894
56601,1,0
56602,17,0
56604,1,0
56609,1,0
56619,6,47722703
56621,1,0
56625,6,0
56640,6,0
56648,6,7793165
56654,6,143502663
56664,6,241098495
56666,17,0
56671,17,0
56689,1,0
56692,6,287282081
56702,1,0
56705,17,0
56707,1,0
56711,1,0
56719,17,0
56724,6,0
56725,17,0
56731,6,63154958
56742,6,264922200
56746,6,2986148
56752,6,0
56757,6,36845425
56759,6,0
56760,6,226126550
56764,17,0
56774,1,0
56776,1,0
56780,6,20260189
56803,17,476
56810,6,0
56823,6,0
56839,1,0
56842,1,0
56846,6,12439925
56853,1,0
56854,17,0
56856,1,0
56868,1,0
56869,6,252570245
56870,6,16142377
56882,6,198364375
56884,6,0
56885,1,0
56895,6,0
56896,6,105612222
56902,1,0
56903,17,0
56917,6,9139772
56921,6,248326607
56923,1,0
56924,6,0
56930,6,35442196
56936,6,202820835
56938,17,0
56939,1,0
56942,6,0
56945,1,0
56946,6,0
56947,6,153255246
56952,6,153364914
56955,6,175543279
56956,17,0
56966,6,283699582
56970,1,0
56974,6,0
56975,1,0
56976,1,0
56977,1,0
56979,6,0
56980,1,111523914
56984,1,20759538
56988,1,0
57001,6,101226189
57008,1,0
57009,17,0
57011,1,0
57028,6,246563049
57029,1,0
57036,1,0
57042,6,31363817
57043,6,0
57047,1,0
57052,1,0
57054,6,83953965
57071,17,0
57082,17,0
57088,1,0
57090,6,63327812
57094,6,526087
57099,6,0
57102,1,49129454
57104,1,0
57105,17,0
57114,6,209003291
57127,6,0
57130,6,2676111
57131,6,0
57133,17,0
57140,6,12247973
57146,6,7074458
57151,1,0
57176,6,0
57182,6,0
57186,1,0
57187,1,0
57195,1,9959334
57205,6,1106
57209,1,0
57212,1,0
57213,17,0
57216,17,0
57228,17,0
57231,1,200872669
57247,6,0
57250,6,0
57253,6,1055385
57262,6,211160993
57269,17,0
57277,17,0
57283,1,0
57289,17,100243854
57293,6,0
57294,6,0
57296,17,0
57304,6,255186543
57319,6,11842503
57327,1,0
57337,6,114506356
57343,17,0
57346,6,34690396
57347,6,29167676
57356,1,0
57359,1,0
57363,6,40638516
57379,6,68017887
57390,6,0
57392,6,23417871
57394,1,0
57401,1,0
57403,6,161627232
57408,17,0
57412,1,0
57414,1,0
57433,1,99486740
57443,6,8741832
57444,17,281740755
57447,17,0
57449,6,27548918
57454,1,0
57455,6,98312407
57456,1,0
57459,6,1936421
57462,1,0
57464,1,28802833
57465,6,20375066
57470,1,0
57476,6,0
57487,1,0
57491,6,0
57508,6,0
57509,1,47903547
57513,1,0
57515,6,18705446
57523,6,8305303
57529,1,201089744
57535,6,0
57542,1,0
57544,17,0
57546,6,0
57553,1,0
57554,1,0
57556,1,0
57557,6,0
57560,1,0
57567,1,0
57571,17,99249247
57581,6,0
57604,6,0
57613,1,245240073
57615,17,0
57622,1,201077881
57628,6,268051604
57629,17,0
57632,6,78036959
57639,6,264435856
57642,6,0
57643,6,15363093
57647,1,0
57659,1,0
57666,1,0
57672,17,0
57674,1,0
57675,6,237097651
57677,17,0
57682,17,2444263
57685,6,0
57699,1,0
57703,6,30070561
57704,1,0
57705,17,0
57706,17,0
57713,6,0
57715,6,542
57716,1,0
57720,1,191213585
57721,6,0
57722,1,128335777
57723,6,154774194
57727,1,0
57729,6,72647096
57730,1,0
57731,17,0
57732,6,103632325
57736,6,269965344
57739,1,0
57740,1,201058498
57755,1,0
57762,17,224803749
57767,17,0
57769,17,0
57777,1,0
57785,1,152568813
57786,1,0
57793,1,201014452
57798,6,0
57804,1,0
57809,6,11722667
57811,1,0
57814,1,0
57819,6,14077835
57821,1,0
57837,1,2900560
57841,17,0
57843,1,0
57845,17,0
57856,1,201354135
57857,6,0
57863,6,0
57867,1,0
57868,6,282
57872,1,0
57883,6,21896851
57887,1,170779632
57888,17,31092942
57891,17,0
57898,6,36101895
57899,17,0
57901,6,37882304
57903,6,210009595
57906,6,32218314
57911,1,0
57912,1,0
57923,6,235761753
57928,6,141779116
57931,17,0
57949,17,0
57952,17,0
57953,6,0
57955,6,254213256
57965,1,0
57974,6,72127428
57985,6,0
57986,1,0
57988,1,172558535
58002,17,0
58004,6,4450629
58021,1,0
58024,6,25078334
58030,6,32353194
58034,6,279949852
58037,1,0
58043,1,0
58049,6,51357546
58055,6,29151769
58059,1,0
58066,6,0
58070,6,0
58071,1,0
58076,6,0
58086,1,215726424
58088,17,0
58089,6,0
58091,17,271094400
58092,1,0
58094,1,0
58103,6,0
58106,6,0
58108,1,0
58109,1,0
58114,1,0
58115,6,178766108
58122,6,256033576
58145,1,0
58167,17,66706198
58173,6,0
58175,6,752666
58182,6,28711151
58185,1,0
58192,1,0
58193,6,259898938
58194,17,0
58201,6,13302529
58204,17,0
58207,1,30774451
58217,1,0
58223,1,0
58233,1,0
58240,1,0
58246,17,0
58250,17,0
58251,1,0
58254,6,217374397
58262,6,0
58265,1,0
58266,17,0
58271,17,0
58273,6,0
58274,1,0
58276,6,28049372
58277,1,0
58291,1,0
58292,1,0
58293,17,0
58300,17,0
58302,17,0
58305,1,4073527
58318,1,42465033
58340,6,205251503
58341,1,0
58347,6,31839067
58350,6,23677787
58363,6,611
58368,17,281438523
58373,6,50283714
58386,6,0
58389,1,0
58397,1,0
58399,1,0
58401,6,52483404
58403,6,0
58405,6,0
58414,1,0
58422,1,0
58423,6,16900371
58429,6,0
58430,6,0
58440,1,0
58443,6,177856074
58457,1,0
58458,17,49323686
58463,1,0
58467,1,0
58468,6,0
58470,1,0
58473,6,0
58479,6,138972
58481,17,0
58486,6,0
58487,6,23460545
58503,1,0
58505,1,0
58506,1,0
58516,1,9345814
58531,1,0
58532,6,0
58534,6,0
58542,17,0
58543,17,0
58560,17,0
58563,1,185570530
58564,6,0
58577,17,0
58589,17,0
58592,17,0
58603,6,0
58604,1,0
58620,6,0
58623,1,0
58626,1,0
58627,6,0
58629,6,92033768
58634,1,162025769
58636,1,0
58657,17,0
58658,1,0
58661,1,0
58662,17,0
58663,1,0
58664,6,0
58666,17,0
58673,1,0
58677,6,50101340
58679,6,21697930
58682,17,0
58683,6,0
58685,17,0
58686,6,0
58689,17,809
58693,17,0
58694,6,100835375
58696,6,0
58699,1,0
58706,17,50462052
58709,6,64450429
58710,1,0
58711,6,0
58715,1,0
58718,1,0
58721,1,0
58722,17,0
58728,6,280575890
58733,6,68045667
58747,1,0
58753,6,0
58754,1,0
58769,1,0
58771,6,2711025
58772,1,0
58784,6,0
58792,1,0
58796,1,0
58801,1,0
58802,1,0
58804,1,0
58810,1,89625156
58815,6,3415406
58819,6,0
58826,6,0
58836,1,200858148
58848,17,0
58852,6,666739
58854,1,0
58858,6,0
58861,1,0
58863,6,0
58868,1,0
58873,1,157524911
58883,6,44315431
58887,17,0
58888,1,0
58892,17,0
58902,17,0
58905,1,9300982
58906,1,0
58908,1,0
58911,6,0
58914,6,0
58926,17,0
58929,6,0
58933,17,0
58938,17,0
58940,6,0
58942,1,0
58951,6,0
58953,1,0
58956,1,41400831
58957,17,0
58960,6,0
58968,17,0
58975,6,0
58979,6,0
58984,17,0
58985,17,0
58988,17,0
59000,1,0
59001,17,0
59005,1,0
59006,17,0
59007,6,270170859
59008,1,0
59016,6,15114878
59021,6,0
59030,1,0
59031,6,283158736
59033,6,18060179
59035,1,0
59046,6,79345349
59055,17,0
59061,1,1456612
59063,6,133499685
59066,17,0
59068,17,0
59069,1,0
59071,6,187286033
59073,6,0
59082,6,104795761
59086,1,0
59093,6,0
59095,17,0
59096,6,0
59107,6,2545127
59118,1,0
59120,1,0
59127,6,45380123
59130,6,8349380
59131,1,0
59138,1,0
59149,17,0
59153,6,0
59162,1,0
59167,17,0
59168,17,0
59169,1,0
59170,6,0
59171,6,0
59173,17,0
59177,6,0
59181,1,118497504
59182,6,0
59189,1,0
59191,1,0
59192,1,0
59197,17,285839801
59200,1,0
59206,1,95990065
59208,17,0
59209,17,0
59214,6,0
59216,6,281715632
59225,1,0
59227,6,0
59231,1,55827155
59232,6,28396401
59233,6,47748113
59252,6,0
59253,1,0
59254,6,0
59259,17,0
59265,17,0
59272,1,0
59274,1,0
59283,17,0
59288,6,18424327
59291,1,0
59296,6,285163880
59300,6,0
59303,1,0
59305,17,0
59309,17,0
59313,17,0
59318,17,0
59335,17,0
59339,1,201084244
59340,17,0
59346,6,208472454
59349,6,100833817
59354,6,0
59357,6,107293831
59363,17,0
59373,6,0
59379,1,4973428
59393,17,166018993
59401,6,10486561
59411,1,0
59426,6,0
59432,17,0
59433,1,0
59435,17,0
59440,6,0
59449,17,0
59450,6,26187153
59452,6,4183933
59460,6,0
59462,1,0
59466,1,0
59470,6,99498143
59476,1,0
59482,6,0
59495,17,0
59496,6,80739619
59500,6,0
59501,6,2880660
59508,6,9850749
59509,1,198942668
59510,1,0
59511,6,17829326
59512,1,0
59514,17,0
59516,6,200670
59519,1,0
59549,1,0
59550,17,284449589
59551,17,110001330
59558,17,0
59568,6,16162103
59570,6,24566886
59580,17,0
59590,6,285112636
59602,6,36514922
59604,6,0
59613,1,0
59616,6,54378881
59617,17,0
59620,17,0
59623,1,0
59628,1,0
59637,6,0
59640,6,264785174
59644,17,209198234
59646,1,0
59649,6,0
59651,1,0
59670,17,0
59674,17,0
59679,6,0
59680,1,0
59685,1,0
59686,6,273142201
59695,1,90284323
59701,6,177025783
59706,1,0
59714,1,59639834
59732,17,0
59736,6,0
59741,17,141255643
59742,1,0
59744,17,0
59746,6,257528027
59754,6,107779689
59761,1,0
59765,1,0
59784,6,36043518
59787,1,0
59792,6,11723738
59798,17,0
59800,17,0
59807,17,0
59809,6,3074071
59816,6,0
59820,6,111313745
59827,1,0
59834,1,0
59839,1,0
59845,6,0
59848,17,0
59853,17,0
59854,6,0
59856,1,0
59858,1,0
59859,17,270748759
59874,1,0
59881,1,166650758
59900,1,52355873
59901,6,88769191
59906,6,43368646
59908,6,18731168
59910,6,125085532
59912,1,0
59924,1,0
59927,6,0
59928,17,0
59929,6,0
59930,1,0
59936,1,652535
59938,1,0
59939,6,0
59940,6,0
59941,6,0
59943,1,0
59950,17,0
59955,1,0
59959,1,0
59963,6,109176068
59965,1,0
59968,1,0
59971,6,14917553
59974,1,0
59975,6,10118343
59980,1,0
59983,1,0
59984,6,9491237
59985,1,0
59987,17,0
59997,6,18771127
59998,17,0
60001,6,23107042
60004,6,13970
60008,1,0
60009,1,0
60028,17,0
60029,1,161320441
60033,6,0
60041,1,0
60052,1,100698910
60068,1,149473275
60069,1,201018459
60075,6,0
60076,6,263913097
60077,6,33257416
60088,6,29531798
60089,1,0
60091,6,16480033
60097,6,954308
60100,6,0
60103,1,0
60105,17,0
60109,1,0
60116,1,0
60121,1,0
60123,17,0
60129,1,0
60130,6,188814354
60137,6,0
60140,1,0
60143,6,0
60149,6,0
60152,6,0
60155,1,0
60157,6,0
60167,6,161248983
60168,17,0
60183,6,18650558
60190,17,0
60192,1,202437685
60193,6,3418070
60195,1,0
60198,1,0
60200,6,1714739
60202,17,0
60203,1,0
60204,1,0
60212,6,202821177
60223,1,0
60234,1,0
60238,1,236564593
60247,6,27447717
60258,6,0
60260,6,0
60261,1,0
60263,6,142865609
60267,1,0
60271,17,0
60273,17,8498666
60274,1,0
60277,6,175258067
60279,6,0
60281,6,0
60282,17,0
60283,6,110355623
60284,1,43311968
60291,17,0
60296,1,0
60299,1,0
60314,1,0
60322,17,101043307
60323,1,0
60324,6,0
60327,6,146329873
60329,6,0
60337,6,42549768
60345,1,0
60348,1,0
60353,1,0
60364,1,0
60365,6,150221921
60382,1,0
60383,17,0
60389,6,0
60390,6,42220876
60392,6,0
60410,6,234231463
60425,1,0
60442,6,0
60450,6,116527435
60455,17,0
60465,1,109496346
60468,1,145881265
60479,6,181941910
60493,1,0
60495,17,0
60496,6,0
60498,17,1655767
60503,6,0
60506,17,0
60507,6,0
60508,1,0
60513,17,0
60517,6,63397552
60523,17,1330477
60528,6,114762217
60530,6,71656221
60531,6,100810994
60533,6,30119946
60535,6,106790610
60548,1,0
60551,1,0
60567,6,88687045
60571,6,2098224
60579,1,0
60580,1,0
60581,17,0
60589,1,0
60596,1,0
60605,17,0
60606,1,0
60607,6,0
60619,17,0
60622,1,0
60624,6,0
60628,6,58305283
60640,1,0
60645,6,158320634
60647,6,185236618
60650,1,0
60657,1,201833317
60665,6,0
60667,6,0
60683,1,0
60688,6,214850201
60691,1,0
60693,6,26429418
60697,1,0
60698,17,244413712
60699,17,0
60710,17,0
60711,17,0
60712,6,0
60713,6,472974
60714,1,9036414
60724,6,203841580
60727,6,0
60739,17,0
60755,6,0
60758,17,0
60762,6,0
60764,6,33568554
60771,1,0
60775,1,0
60790,1,24311572
60803,6,66828905
60810,6,0
60812,6,0
60817,6,0
60818,6,250473088
60824,6,38060920
60828,6,0
60833,6,0
60852,1,149371378
60854,17,215586072
60857,1,198719566
60861,6,0
60866,6,159641945
60872,1,0
60874,6,0
60875,1,0
60876,6,0
60885,1,0
60887,1,0
60888,1,0
60900,6,1065951
60904,6,0
60915,1,0
60920,1,0
60922,1,0
60926,17,0
60930,6,57142012
60932,1,0
60936,1,0
60946,17,129278620
60947,6,288069425
60948,17,0
60954,1,0
60958,1,0
60962,1,0
60973,1,0
60985,6,792860
60999,17,0
61009,1,0
61010,6,0
61017,1,113877645
61022,1,0
61031,1,0
61033,6,12764522
61046,6,0
61051,6,0
61056,6,0
61069,1,0
61073,1,0
61083,17,0
61093,1,0
61096,17,0
61098,1,0
61099,1,0
61112,1,0
61114,1,0
61116,17,0
61139,17,0
61140,1,0
61147,6,0
61154,17,0
61155,1,0
61160,1,0
61164,6,0
61170,6,127762622
61172,6,225371026
61185,1,0
61186,17,0
61187,6,0
61190,6,17212705
61192,17,0
61205,1,0
61219,1,0
61220,1,0
61230,6,0
61232,6,0
61233,1,0
61234,6,75983699
61254,6,0
61263,6,41782
61266,6,867234
61267,1,0
61278,1,0
61284,1,0
61288,6,38116674
61289,17,121379323
61290,1,0
61301,1,196744902
61304,1,149980507
61313,1,0
61315,1,0
61329,1,0
61332,17,0
61338,6,10758599
61348,6,15214699
61358,6,40519204
61363,6,118835273
61364,6,203778480
61365,6,232988839
61366,17,0
61372,1,0
61386,6,0
61387,6,0
61395,1,80454347
61396,1,0
61397,6,0
61401,6,0
61416,6,7083168
61433,6,177941131
61437,6,0
61439,6,0
61443,1,0
61452,6,161112719
61453,1,201002386
61459,1,0
61463,6,64268774
61472,1,192946116
61473,6,71380671
61508,1,0
61511,1,201036555
61518,6,28199840
61520,1,0
61525,6,213520354
61527,6,0
61548,1,201648381
61550,1,0
61551,1,0
61557,1,0
61558,17,1419
61561,17,0
61573,6,0
61579,6,4453328
61580,1,0
61582,6,0
61583,6,35019658
61586,6,18136730
61588,1,0
61594,6,0
61595,6,123789605
61597,6,14048602
61602,6,283961045
61603,1,0
61607,6,0
61619,1,95283312
61630,1,0
61633,6,66109385
61635,1,0
61660,6,0
61671,6,56207120
61673,1,0
61675,1,0
61677,17,0
61680,6,4620256
61689,1,201904039
61693,17,0
61697,17,9620361
61699,6,0
61710,6,0
61715,1,0
61721,6,120449122
61742,6,0
61744,6,0
61746,6,0
61747,6,479729
61748,1,202178724
61764,1,0
61779,17,0
61780,6,190151686
61789,1,0
61797,1,0
61798,6,966183
61802,1,0
61808,17,0
61810,6,15821812
61820,1,100519708
61821,6,150003672
61822,17,202101094
61823,6,0
61825,17,0
61831,1,0
61833,17,269879760
61840,6,0
61841,1,0
61844,1,0
61845,17,0
61849,17,0
61851,6,207786811
61853,6,12893
61858,6,0
61861,6,76938557
61865,1,258491679
61866,6,25411965
61869,6,19991657
61875,17,0
61879,1,0
61881,1,0
61897,6,5477852
61904,1,0
61914,6,0
61916,1,0
61919,1,0
61921,1,0
61922,1,0
61926,6,212308932
61930,6,3163570
61943,6,46651747
61946,1,208075957
61966,17,0
61972,1,0
61977,6,0
61980,6,11614955
61985,1,0
61989,6,15376855
61993,1,0
61994,6,3705309
61999,6,0
62001,17,0
62008,1,0
62010,17,74935327
62012,6,145518186
62018,1,0
62022,6,30848277
62029,1,0
62035,6,20747762
62044,1,0
62047,1,200904590
62061,6,25937300
62079,1,0
62100,1,0
62101,17,0
62103,1,0
62104,6,0
62105,17,4308
62114,1,100585797
62118,6,138620215
62124,6,57271132
62129,1,0
62130,6,14778299
62135,1,0
62140,17,0
62146,6,0
62151,1,0
62155,1,0
62156,6,32451410
62164,6,86107843
62166,1,0
62178,1,165893921
62188,6,9651407
62218,1,155478569
62239,1,0
62242,1,0
62243,6,41067434
62255,6,231664654
62260,6,75511834
62261,1,0
62264,1,16523992
62269,17,38596
62270,6,284138227
62274,17,0
62276,17,204344469
62277,1,0
62279,17,0
62284,1,0
62287,6,278107811
62291,1,0
62296,1,0
62307,1,0
62309,6,14071496
62314,1,0
62316,1,0
62319,17,0
62336,6,93868385
62337,1,0
62338,6,13409109
62341,17,0
62344,1,0
62345,6,0
62350,17,0
62352,17,0
62354,6,0
62356,6,0
62358,1,0
62364,17,0
62371,1,0
62378,1,190830921
62382,6,0
62386,1,0
62389,6,98595610
62400,17,0
62401,6,270360362
62404,6,17437789
62420,6,88254085
62438,6,0
62442,1,0
62448,6,192925174
62450,6,13928391
62457,1,0
62471,1,116120363
62483,17,0
62505,6,192244405
62511,1,86846812
62516,1,0
62518,1,0
62521,1,202389689
62532,17,0
62540,1,0
62543,17,286503234
62548,6,0
62556,6,6968921
62566,6,0
62567,6,0
62595,17,0
62603,6,0
62609,6,0
62614,6,13028257
62615,1,200478207
62636,6,198979707
62638,6,81351848
62640,1,0
62648,6,36580012
62655,6,123523471
62663,6,0
62672,6,278408875
62675,6,0
62676,1,136123250
62684,17,0
62687,17,0
62693,6,0
62704,6,0
62705,1,0
62721,1,0
62723,1,201013464
62725,6,287632512
62737,17,190901858
62738,1,0
62751,1,0
62754,17,239406116
62762,1,0
62795,1,0
62812,17,0
62813,17,0
62815,1,0
62819,1,0
62830,1,0
62837,1,0
62838,1,0
62850,6,31594920
62855,1,0
62861,6,0
62871,1,200994539
62886,17,0
62887,6,193884411
62891,6,61167333
62895,17,0
62901,6,26591745
62906,6,0
62907,17,0
62911,6,123806193
62918,6,0
62930,1,0
62931,6,6977383
62940,1,0
62941,1,201084124
62948,6,0
62949,6,155417440
62952,1,0
62968,6,0
62970,6,273790380
62975,6,89012261
62982,6,55314198
62983,17,0
62987,1,0
62989,6,0
62998,6,0
63011,6,45777523
63016,1,101179346
63017,1,0
63019,6,0
63021,6,0
63028,6,86531456
63029,6,181545917
63031,17,11477707
63032,17,0
63040,1,0
63045,1,100714574
63052,1,16030161
63064,17,0
63070,1,0
63072,1,0
63077,6,21908355
63083,1,0
63085,6,0
63099,6,39657989
63102,6,61441811
63105,6,233318948
63107,6,0
63109,6,14850
63129,6,125591
63133,17,100550394
63149,17,0
63158,17,0
63164,1,0
63171,17,0
63172,1,0
63178,6,0
63182,6,0
63183,6,0
63184,17,0
63186,1,211223672
63187,1,0
63192,1,0
63198,1,0
63208,1,0
63221,1,0
63224,6,51669104
63231,1,30178561
63234,1,0
63244,1,0
63247,6,0
63253,6,0
63254,1,0
63259,1,0
63262,17,0
63269,6,228346765
63294,17,0
63301,17,0
63302,6,0
63304,6,80294784
63311,1,0
63322,17,0
63324,1,0
63343,17,0
63351,6,31651978
63353,6,526425
63355,6,0
63356,17,0
63361,1,0
63368,17,0
63369,6,240058536
63374,1,0
63376,6,810
63384,17,0
63390,6,0
63391,6,38550685
63399,1,118530358
63411,6,0
63412,6,278948089
63416,6,0
63428,1,0
63430,6,217006261
63432,1,0
63439,1,0
63445,6,0
63448,1,0
63450,6,17174127
63452,6,0
63453,1,0
63457,17,0
63464,1,0
63468,6,9273222
63473,1,0
63482,1,105924040
63484,6,276599358
63486,1,0
63490,1,201125675
63491,1,0
63502,1,0
63507,6,0
63511,6,216232776
63517,17,0
63529,6,0
63539,6,0
63540,6,171093007
63546,6,0
63548,6,267244265
63553,6,0
63558,1,0
63569,17,0
63572,17,0
63579,6,47496850
63583,6,17651982
63585,6,11851689
63587,17,0
63588,1,0
63608,6,78380434
63622,1,0
63640,17,43703502
63641,6,20826074
63642,1,0
63644,6,53625867
63650,6,62989386
63654,1,0
63655,1,101405850
63657,1,0
63658,6,0
63659,17,0
63689,17,0
63691,6,325900
63695,17,251541846
63701,1,0
63708,6,0
63713,17,0
63715,1,60819161
63738,6,0
63750,1,0
63751,6,0
63762,1,0
63770,6,16035657
63776,6,0
63778,6,0
63779,6,0
63785,1,0
63791,6,0
63802,1,0
63816,17,0
63818,6,225700097
63819,17,0
63827,6,0
63828,1,200886764
63837,1,0
63841,1,61689054
63843,17,0
63855,1,67220321
63856,6,0
63865,6,11855954
63867,6,39399795
63868,6,0
63871,1,200323947
63876,6,0
63877,6,188805727
63880,1,0
63882,1,28451528
63889,6,77544921
63891,17,0
63904,17,0
63907,6,78971245
63920,1,0
63923,6,50735864
63951,1,0
63952,6,234545457
63954,17,0
63962,17,0
63967,1,0
63979,1,0
63984,1,199709967
63988,6,18785223
63994,6,272620534
64004,17,0
64005,6,52293590
64007,1,0
64016,6,0
64020,6,247220545
64022,1,0
64030,6,116207747
64042,17,0
64044,6,37328561
64051,1,0
64054,6,265734370
64060,1,0
64065,6,38786395
64082,1,0
64090,17,0
64132,1,101653000
64133,1,0
64150,1,0
64153,1,0
64155,17,0
64157,6,0
64164,6,50953535
64175,1,0
64176,1,0
64183,17,6216968
64184,17,0
64185,1,0
64186,6,0
64187,6,39513230
64191,17,0
64198,1,0
64208,1,0
64218,6,41739414
64221,1,0
64224,6,0
64226,6,0
64242,1,13977
64244,1,0
64245,6,241590521
64250,6,13238278
64258,1,0
64261,17,0
64264,6,70557695
64271,6,4343198
64274,17,1153804
64275,1,0
64277,6,237649383
64279,17,0
64294,1,65500614
64306,6,55491965
64311,6,1052935
64312,1,0
64313,17,0
64314,6,16091460
64317,1,0
64322,1,0
64329,1,0
64331,1,0
64336,6,0
64338,1,0
64348,6,0
64349,1,0
64356,6,0
64361,1,0
64362,1,168085710
64379,1,0
64380,17,0
64384,1,186403966
64385,1,0
64392,6,278808708
64400,6,0
64405,6,243149012
64407,1,0
64416,6,20955597
64417,17,0
64421,6,51726823
64445,6,0
64457,1,99644218
64458,6,15513201
64459,1,81018906
64462,1,0
64469,6,7664077
64475,6,90629165
64484,6,150685551
64485,6,75760390
64488,1,0
64491,17,0
64495,6,82270928
64506,1,201559519
64508,17,0
64509,1,0
64510,6,161979515
64523,6,0
64527,1,0
64529,6,0
64530,1,0
64536,1,0
64537,6,0
64553,6,22006165
64555,1,0
64563,1,0
64584,1,201249122
64587,1,0
64605,6,0
64611,6,287295171
64613,6,0
64614,17,0
64621,6,0
64624,6,0
64632,17,0
64634,6,20828914
64638,1,0
64642,6,190670798
64646,1,34011753
64651,6,0
64652,6,0
64654,1,0
64662,6,0
64663,6,1582051
64665,6,36224840
64666,1,0
64667,6,0
64668,1,0
64676,6,0
64677,6,101898121
64679,17,0
64684,1,0
64691,17,0
64692,1,0
64693,1,0
64700,6,1725901
64720,1,0
64722,50,202064838
64727,6,35054229
64736,6,260074793
64739,1,0
64741,1,0
64744,17,0
64752,1,0
64760,1,0
64765,6,0
64766,6,10610761
64780,1,0
64781,1,0
64786,6,16934150
64800,1,0
64801,6,34368748
64805,1,0
64811,6,193515221
64815,6,0
64816,6,36098215
64837,6,0
64847,1,0
64850,1,0
64851,1,0
64859,6,0
64861,6,32865060
64862,6,281844856
64872,6,0
64900,17,50970583
64912,6,0
64913,6,101516068
64915,1,124251900
64916,17,49765230
64918,6,45862376
64920,1,0
64927,6,0
64932,6,80688035
64935,1,0
64940,1,0
64955,6,155682697
64960,1,0
64971,6,243801195
64976,6,0
64996,1,0
65002,6,11701697
65006,6,0
65016,6,98089523
65020,1,200877255
65021,6,285565926
65026,17,0
65029,6,134164655
65045,17,0
65047,1,0
65048,1,401800
65062,1,0
65063,1,0
65065,17,0
65068,17,0
65071,1,0
65074,1,0
65084,6,0
65091,6,0
65100,17,0
65104,6,0
65119,6,9188811
65125,1,0
65135,1,98305693
65136,17,0
65138,6,12736504
65145,17,0
65146,1,0
65160,1,0
65173,6,94649241
65189,6,157919441
65191,1,183042636
65194,1,0
65204,1,0
65215,1,0
65216,17,0
65218,17,0
65232,17,0
65236,1,80435380
65239,6,223608172
65241,6,142859766
65246,6,38294834
65247,1,0
65250,6,136665742
65252,1,0
65259,17,0
65267,6,250132878
65272,6,0
65277,1,0
65278,17,200246946
65284,6,53194212
65288,6,0
65308,1,0
65317,6,0
65325,1,0
65345,17,4298831
65348,6,0
65359,6,261613651
65364,6,0
65372,1,0
65375,17,0
65397,1,0
65403,6,0
65405,1,0
65409,1,11133
65411,6,0
65416,1,0
65422,6,0
65424,1,0
65449,17,230309188
65451,6,154942862
65454,1,0
65457,1,86992888
65468,1,0
65472,6,200281563
65478,17,236841
65483,17,0
65490,1,0
65492,17,267243017
65496,6,0
65502,1,0
65505,6,0
65512,6,0
65524,17,0
65533,1,0
